2025-07-09 18:35:12,816 INFO: Using config:{'DATASET_NAME': 'layout', 'CUDA': True, 'DATA_DIR': './data/MultiLayerDataset/GeneratorTrainData', 'GT_DATA_DIR': './data/MultiLayerDataset/GroundLayer', 'INDICATOR_DIR': '', 'GPU': '0', 'CONFIG_NAME': 'MultiLayer', 'DATASET': 'gen', 'TRAIN': {'FLAG': True, 'BATCH_SIZE': 1, 'MAX_EPOCH': 300, 'TAU': 10.0, 'ROOM_HIDDERN_DIM': 16, 'SCORE_HIDDERN_DIM': 32, 'EVALUATOR': './output_dir/EVALUATOR_layout_Model/Model/evaluator_best.pth', 'GENERATOR_MODEL': '', 'SAMPLE_NUM': 50, 'BATCH': False, 'MARGIN': 1.0, 'GENERATOR': True, 'ROOM_GEN_HIDDERN_DIM': 16, 'BIDIRECTIONAL': False, 'CONSTRAINT_RULES': [1, 2, 3, 4, 5]}, 'EVAL': {'OUTPUT_DIR': '', 'MODEL_EVALUATOR': '', 'MODEL_GENERATOR': '', 'TEST_INDEX': 1, 'EVAL_METRIC': 1}, 'EVALUATOR': {'LR': 0.0001, 'WEIGHT_DECAY': 0.0005}, 'GENERATOR': {'LR': 0.001, 'WEIGHT_DECAY': 0.0005, 'ALPHA': 20, 'BETA': 0, 'LOSS': 'soft', 'MAX_EPOCH': 500}}
2025-07-09 18:35:21,145 INFO: Layout_evaluator: LayoutEvaluator(
  (LayoutSeq): LSTM(4, 8)
  (mlp): Sequential(
    (0): Linear(in_features=8, out_features=32, bias=True)
    (1): BatchNorm1d(32, eps=1e-05, momentum=0.1, affine=True, track_running_stats=True)
    (2): ReLU()
    (3): Linear(in_features=32, out_features=1, bias=True)
    (4): BatchNorm1d(1, eps=1e-05, momentum=0.1, affine=True, track_running_stats=True)
    (5): Sigmoid()
  )
)
2025-07-09 18:35:21,145 INFO: Layout_generator: LayoutGenerator(
  (encoder): LSTM(4, 16)
  (decoder): LSTM(16, 16)
  (mlp): Sequential(
    (0): Linear(in_features=16, out_features=16, bias=True)
    (1): ReLU()
    (2): Linear(in_features=16, out_features=4, bias=True)
    (3): Sigmoid()
  )
)
2025-07-09 18:35:23,809 INFO: In step 299, Pred_score1: tensor([0.], device='cuda:0', grad_fn=<SelectBackward0>), origin_score1: tensor([0.3341], device='cuda:0', grad_fn=<SelectBackward0>)
2025-07-09 18:35:23,810 INFO: origin_layout0: tensor([[0.3750, 0.3438, 1.0000, 1.0000],
        [0.6211, 0.3906, 1.0000, 1.0000]], device='cuda:0')
2025-07-09 18:35:23,811 INFO: refine_layout0: tensor([[0.4882, 0.4708, 0.5347, 0.5210],
        [0.4867, 0.4742, 0.5399, 0.5275]], device='cuda:0',
       grad_fn=<SliceBackward0>)
2025-07-09 18:35:24,179 INFO: [0/300] Loss_total: 28.25440 Test_loss: 9.38821 Time: 2.67s
2025-07-09 18:35:25,224 INFO: In step 299, Pred_score1: tensor([0.], device='cuda:0', grad_fn=<SelectBackward0>), origin_score1: tensor([0.3341], device='cuda:0', grad_fn=<SelectBackward0>)
2025-07-09 18:35:25,225 INFO: origin_layout0: tensor([[0.2266, 0.3047, 1.0000, 1.0000],
        [0.2344, 0.7461, 0.0000, 0.0000],
        [0.3164, 0.6797, 0.0000, 1.0000],
        [0.5664, 0.3438, 0.0000, 0.0000],
        [0.3711, 0.5078, 1.0000, 0.0000],
        [0.4805, 0.5273, 1.0000, 0.0000],
        [0.5234, 0.5391, 1.0000, 1.0000],
        [0.6328, 0.4141, 0.0000, 0.0000],
        [0.7578, 0.4766, 0.0000, 0.0000]], device='cuda:0')
2025-07-09 18:35:25,227 INFO: refine_layout0: tensor([[0.4989, 0.4847, 0.5333, 0.5175],
        [0.4977, 0.4814, 0.5230, 0.5055],
        [0.4888, 0.4798, 0.5190, 0.5102],
        [0.4986, 0.4785, 0.5206, 0.5064],
        [0.5019, 0.4837, 0.5317, 0.5076],
        [0.5041, 0.4868, 0.5376, 0.5097],
        [0.4977, 0.4891, 0.5417, 0.5213],
        [0.5023, 0.4852, 0.5317, 0.5121],
        [0.5026, 0.4835, 0.5268, 0.5087]], device='cuda:0',
       grad_fn=<SliceBackward0>)
2025-07-09 18:35:25,512 INFO: [1/300] Loss_total: 28.03014 Test_loss: 9.32572 Time: 1.33s
2025-07-09 18:35:26,572 INFO: In step 299, Pred_score1: tensor([0.], device='cuda:0', grad_fn=<SelectBackward0>), origin_score1: tensor([0.3341], device='cuda:0', grad_fn=<SelectBackward0>)
2025-07-09 18:35:26,573 INFO: origin_layout0: tensor([[0.2969, 0.4805, 1.0000, 1.0000],
        [0.2188, 0.7266, 0.0000, 0.0000],
        [0.5781, 0.3359, 1.0000, 1.0000],
        [0.5039, 0.4258, 0.0000, 0.0000],
        [0.2656, 0.5820, 1.0000, 0.0000],
        [0.5625, 0.3672, 1.0000, 0.0000],
        [0.2422, 0.5547, 0.0000, 0.0000]], device='cuda:0')
2025-07-09 18:35:26,575 INFO: refine_layout0: tensor([[0.5064, 0.4894, 0.5337, 0.5157],
        [0.5044, 0.4883, 0.5140, 0.5004],
        [0.5046, 0.4912, 0.5385, 0.5196],
        [0.5085, 0.4895, 0.5213, 0.5063],
        [0.5092, 0.4942, 0.5332, 0.5042],
        [0.5136, 0.4967, 0.5417, 0.5076],
        [0.5086, 0.4922, 0.5174, 0.4998]], device='cuda:0',
       grad_fn=<SliceBackward0>)
2025-07-09 18:35:26,888 INFO: [2/300] Loss_total: 27.83474 Test_loss: 9.25225 Time: 1.38s
2025-07-09 18:35:28,249 INFO: In step 299, Pred_score1: tensor([0.], device='cuda:0', grad_fn=<SelectBackward0>), origin_score1: tensor([0.3341], device='cuda:0', grad_fn=<SelectBackward0>)
2025-07-09 18:35:28,250 INFO: origin_layout0: tensor([[0.3242, 0.3320, 1.0000, 1.0000],
        [0.3359, 0.5664, 0.0000, 0.0000],
        [0.6602, 0.4766, 1.0000, 1.0000],
        [0.6016, 0.3906, 0.0000, 0.0000],
        [0.3945, 0.5508, 1.0000, 0.0000]], device='cuda:0')
2025-07-09 18:35:28,251 INFO: refine_layout0: tensor([[0.5104, 0.4891, 0.5381, 0.5151],
        [0.5102, 0.4913, 0.5060, 0.4973],
        [0.5094, 0.4932, 0.5462, 0.5207],
        [0.5136, 0.4939, 0.5131, 0.5033],
        [0.5150, 0.5000, 0.5350, 0.5004]], device='cuda:0',
       grad_fn=<SliceBackward0>)
2025-07-09 18:35:28,667 INFO: [3/300] Loss_total: 27.54740 Test_loss: 9.13196 Time: 1.78s
2025-07-09 18:35:29,963 INFO: In step 299, Pred_score1: tensor([0.], device='cuda:0', grad_fn=<SelectBackward0>), origin_score1: tensor([0.3341], device='cuda:0', grad_fn=<SelectBackward0>)
2025-07-09 18:35:29,964 INFO: origin_layout0: tensor([[0.3828, 0.6055, 1.0000, 1.0000],
        [0.2656, 0.6367, 0.0000, 0.0000],
        [0.6484, 0.5586, 1.0000, 1.0000]], device='cuda:0')
2025-07-09 18:35:29,965 INFO: refine_layout0: tensor([[0.5127, 0.4922, 0.5431, 0.5145],
        [0.5118, 0.4973, 0.4899, 0.4862],
        [0.5115, 0.4960, 0.5530, 0.5211]], device='cuda:0',
       grad_fn=<SliceBackward0>)
2025-07-09 18:35:30,277 INFO: [4/300] Loss_total: 27.12944 Test_loss: 8.96017 Time: 1.61s
2025-07-09 18:35:31,333 INFO: In step 299, Pred_score1: tensor([0.], device='cuda:0', grad_fn=<SelectBackward0>), origin_score1: tensor([0.3341], device='cuda:0', grad_fn=<SelectBackward0>)
2025-07-09 18:35:31,334 INFO: origin_layout0: tensor([[0.3828, 0.6055, 1.0000, 1.0000],
        [0.2656, 0.6367, 0.0000, 0.0000],
        [0.6484, 0.5586, 1.0000, 1.0000]], device='cuda:0')
2025-07-09 18:35:31,335 INFO: refine_layout0: tensor([[0.5143, 0.4865, 0.5590, 0.5212],
        [0.5108, 0.4988, 0.4665, 0.4750],
        [0.5126, 0.4906, 0.5687, 0.5284]], device='cuda:0',
       grad_fn=<SliceBackward0>)
2025-07-09 18:35:31,624 INFO: [5/300] Loss_total: 26.46779 Test_loss: 8.66992 Time: 1.35s
2025-07-09 18:35:32,669 INFO: In step 299, Pred_score1: tensor([0.], device='cuda:0', grad_fn=<SelectBackward0>), origin_score1: tensor([0.3341], device='cuda:0', grad_fn=<SelectBackward0>)
2025-07-09 18:35:32,671 INFO: origin_layout0: tensor([[0.2266, 0.3555, 1.0000, 1.0000],
        [0.8047, 0.5859, 1.0000, 1.0000],
        [0.4961, 0.5352, 1.0000, 1.0000],
        [0.4375, 0.5859, 0.0000, 0.0000],
        [0.3125, 0.7188, 1.0000, 0.0000],
        [0.4609, 0.4883, 1.0000, 0.0000],
        [0.6562, 0.4453, 1.0000, 1.0000]], device='cuda:0')
2025-07-09 18:35:32,672 INFO: refine_layout0: tensor([[0.5064, 0.4763, 0.5431, 0.5519],
        [0.5044, 0.4771, 0.6066, 0.5818],
        [0.4921, 0.4806, 0.6069, 0.5873],
        [0.4820, 0.5063, 0.4097, 0.4924],
        [0.5102, 0.5072, 0.5201, 0.4554],
        [0.5237, 0.5034, 0.5543, 0.4581],
        [0.5053, 0.4798, 0.5991, 0.5570]], device='cuda:0',
       grad_fn=<SliceBackward0>)
2025-07-09 18:35:32,975 INFO: [6/300] Loss_total: 25.40871 Test_loss: 8.23320 Time: 1.35s
2025-07-09 18:35:34,051 INFO: In step 299, Pred_score1: tensor([0.], device='cuda:0', grad_fn=<SelectBackward0>), origin_score1: tensor([0.3341], device='cuda:0', grad_fn=<SelectBackward0>)
2025-07-09 18:35:34,053 INFO: origin_layout0: tensor([[0.3008, 0.4688, 1.0000, 1.0000],
        [0.5977, 0.4414, 1.0000, 1.0000],
        [0.2891, 0.4883, 0.0000, 1.0000],
        [0.4961, 0.3984, 0.0000, 1.0000],
        [0.4297, 0.4062, 1.0000, 0.0000],
        [0.8789, 0.4180, 1.0000, 1.0000]], device='cuda:0')
2025-07-09 18:35:34,054 INFO: refine_layout0: tensor([[0.5079, 0.4736, 0.6129, 0.5532],
        [0.5086, 0.4684, 0.6688, 0.5888],
        [0.4523, 0.4791, 0.4133, 0.5871],
        [0.4453, 0.4743, 0.4114, 0.5926],
        [0.5169, 0.4863, 0.5920, 0.4486],
        [0.5170, 0.4596, 0.6738, 0.5807]], device='cuda:0',
       grad_fn=<SliceBackward0>)
2025-07-09 18:35:34,368 INFO: [7/300] Loss_total: 22.80723 Test_loss: 6.04300 Time: 1.39s
2025-07-09 18:35:35,420 INFO: In step 299, Pred_score1: tensor([0.7286], device='cuda:0', grad_fn=<SelectBackward0>), origin_score1: tensor([0.3341], device='cuda:0', grad_fn=<SelectBackward0>)
2025-07-09 18:35:35,422 INFO: origin_layout0: tensor([[0.2969, 0.2891, 1.0000, 1.0000],
        [0.7852, 0.4648, 1.0000, 1.0000],
        [0.5195, 0.5859, 1.0000, 1.0000],
        [0.4805, 0.3438, 0.0000, 0.0000],
        [0.3359, 0.7109, 1.0000, 0.0000],
        [0.4023, 0.7891, 1.0000, 0.0000],
        [0.4023, 0.4375, 1.0000, 1.0000]], device='cuda:0')
2025-07-09 18:35:35,423 INFO: refine_layout0: tensor([[0.5088, 0.4524, 0.6332, 0.5869],
        [0.5349, 0.4385, 0.7088, 0.6174],
        [0.5328, 0.4329, 0.7001, 0.6205],
        [0.5208, 0.4781, 0.3378, 0.4084],
        [0.5572, 0.4834, 0.6156, 0.3926],
        [0.5729, 0.4859, 0.6373, 0.3909],
        [0.5339, 0.4398, 0.6820, 0.6044]], device='cuda:0',
       grad_fn=<SliceBackward0>)
2025-07-09 18:35:35,723 INFO: [8/300] Loss_total: 16.56214 Test_loss: 5.85055 Time: 1.36s
2025-07-09 18:35:36,798 INFO: In step 299, Pred_score1: tensor([0.9292], device='cuda:0', grad_fn=<SelectBackward0>), origin_score1: tensor([0.3341], device='cuda:0', grad_fn=<SelectBackward0>)
2025-07-09 18:35:36,799 INFO: origin_layout0: tensor([[0.4570, 0.2227, 1.0000, 1.0000],
        [0.6602, 0.2656, 1.0000, 1.0000],
        [0.5977, 0.6172, 0.0000, 1.0000],
        [0.5820, 0.5820, 0.0000, 0.0000],
        [0.6094, 0.8711, 1.0000, 0.0000],
        [0.5977, 0.6602, 1.0000, 0.0000]], device='cuda:0')
2025-07-09 18:35:36,800 INFO: refine_layout0: tensor([[0.5018, 0.4629, 0.6584, 0.6255],
        [0.5387, 0.4383, 0.7194, 0.6469],
        [0.4632, 0.4402, 0.3235, 0.6200],
        [0.4960, 0.4903, 0.2858, 0.3493],
        [0.5648, 0.5037, 0.6591, 0.3523],
        [0.5978, 0.4914, 0.6854, 0.3720]], device='cuda:0',
       grad_fn=<SliceBackward0>)
2025-07-09 18:35:37,105 INFO: [9/300] Loss_total: 14.63079 Test_loss: 4.76163 Time: 1.38s
2025-07-09 18:35:38,151 INFO: In step 299, Pred_score1: tensor([0.4684], device='cuda:0', grad_fn=<SelectBackward0>), origin_score1: tensor([0.3341], device='cuda:0', grad_fn=<SelectBackward0>)
2025-07-09 18:35:38,152 INFO: origin_layout0: tensor([[0.3711, 0.3125, 1.0000, 1.0000],
        [0.3789, 0.7617, 0.0000, 0.0000],
        [0.6172, 0.5664, 1.0000, 1.0000],
        [0.5742, 0.5234, 0.0000, 0.0000],
        [0.4453, 0.7695, 1.0000, 0.0000],
        [0.5547, 0.7227, 1.0000, 0.0000]], device='cuda:0')
2025-07-09 18:35:38,154 INFO: refine_layout0: tensor([[0.5141, 0.4692, 0.7190, 0.6714],
        [0.4925, 0.4914, 0.2370, 0.3068],
        [0.5237, 0.4640, 0.7502, 0.6515],
        [0.5179, 0.4749, 0.2624, 0.3246],
        [0.5859, 0.5088, 0.7313, 0.3524],
        [0.6191, 0.4986, 0.7439, 0.3504]], device='cuda:0',
       grad_fn=<SliceBackward0>)
2025-07-09 18:35:38,454 INFO: [10/300] Loss_total: 13.03883 Test_loss: 4.65371 Time: 1.35s
2025-07-09 18:35:39,623 INFO: In step 299, Pred_score1: tensor([0.8924], device='cuda:0', grad_fn=<SelectBackward0>), origin_score1: tensor([0.3341], device='cuda:0', grad_fn=<SelectBackward0>)
2025-07-09 18:35:39,625 INFO: origin_layout0: tensor([[0.3789, 0.3047, 1.0000, 1.0000],
        [0.3906, 0.4297, 0.0000, 0.0000],
        [0.6641, 0.6523, 1.0000, 1.0000],
        [0.6133, 0.5898, 0.0000, 0.0000]], device='cuda:0')
2025-07-09 18:35:39,627 INFO: refine_layout0: tensor([[0.5329, 0.4797, 0.7726, 0.6953],
        [0.5007, 0.4864, 0.2381, 0.3224],
        [0.5435, 0.4651, 0.7813, 0.6806],
        [0.5151, 0.4757, 0.2272, 0.2991]], device='cuda:0',
       grad_fn=<SliceBackward0>)
2025-07-09 18:35:40,048 INFO: [11/300] Loss_total: 11.93082 Test_loss: 4.18915 Time: 1.59s
2025-07-09 18:35:41,565 INFO: In step 299, Pred_score1: tensor([0.4165], device='cuda:0', grad_fn=<SelectBackward0>), origin_score1: tensor([0.3341], device='cuda:0', grad_fn=<SelectBackward0>)
2025-07-09 18:35:41,566 INFO: origin_layout0: tensor([[0.2773, 0.3828, 1.0000, 1.0000],
        [0.2930, 0.4023, 0.0000, 0.0000],
        [0.6523, 0.5469, 1.0000, 1.0000],
        [0.5859, 0.4180, 0.0000, 0.0000],
        [0.3398, 0.4297, 1.0000, 0.0000],
        [0.4805, 0.6367, 1.0000, 0.0000],
        [0.4961, 0.6602, 1.0000, 1.0000]], device='cuda:0')
2025-07-09 18:35:41,568 INFO: refine_layout0: tensor([[0.5045, 0.4607, 0.7165, 0.7172],
        [0.4473, 0.4750, 0.1594, 0.2644],
        [0.5308, 0.4437, 0.7847, 0.6961],
        [0.4924, 0.4624, 0.1954, 0.2629],
        [0.5768, 0.4977, 0.7670, 0.3075],
        [0.6071, 0.4986, 0.7796, 0.2775],
        [0.5902, 0.4140, 0.7991, 0.7220]], device='cuda:0',
       grad_fn=<SliceBackward0>)
2025-07-09 18:35:41,861 INFO: [12/300] Loss_total: 11.01219 Test_loss: 4.24463 Time: 1.81s
2025-07-09 18:35:42,915 INFO: In step 299, Pred_score1: tensor([0.9897], device='cuda:0', grad_fn=<SelectBackward0>), origin_score1: tensor([0.3341], device='cuda:0', grad_fn=<SelectBackward0>)
2025-07-09 18:35:42,916 INFO: origin_layout0: tensor([[0.2578, 0.5742, 1.0000, 1.0000],
        [0.7656, 0.4062, 1.0000, 1.0000],
        [0.4805, 0.3008, 1.0000, 1.0000],
        [0.4141, 0.5039, 0.0000, 0.0000],
        [0.2852, 0.5156, 1.0000, 0.0000],
        [0.5820, 0.2656, 1.0000, 1.0000],
        [0.3242, 0.5391, 0.0000, 0.0000]], device='cuda:0')
2025-07-09 18:35:42,918 INFO: refine_layout0: tensor([[0.5140, 0.4737, 0.7383, 0.7316],
        [0.5757, 0.4238, 0.8273, 0.7459],
        [0.5998, 0.3704, 0.8017, 0.7704],
        [0.5284, 0.4144, 0.1964, 0.2565],
        [0.6018, 0.4605, 0.7952, 0.2849],
        [0.6255, 0.3751, 0.8121, 0.7742],
        [0.5461, 0.4191, 0.2076, 0.2722]], device='cuda:0',
       grad_fn=<SliceBackward0>)
2025-07-09 18:35:43,227 INFO: [13/300] Loss_total: 10.21265 Test_loss: 4.02376 Time: 1.37s
2025-07-09 18:35:44,278 INFO: In step 299, Pred_score1: tensor([0.3345], device='cuda:0', grad_fn=<SelectBackward0>), origin_score1: tensor([0.3341], device='cuda:0', grad_fn=<SelectBackward0>)
2025-07-09 18:35:44,279 INFO: origin_layout0: tensor([[0.3320, 0.3477, 1.0000, 1.0000],
        [0.3438, 0.5273, 0.0000, 0.0000],
        [0.6406, 0.6016, 1.0000, 1.0000],
        [0.5859, 0.5547, 0.0000, 0.0000],
        [0.4414, 0.6055, 1.0000, 0.0000],
        [0.6289, 0.6445, 1.0000, 0.0000]], device='cuda:0')
2025-07-09 18:35:44,280 INFO: refine_layout0: tensor([[0.5199, 0.4581, 0.7628, 0.7718],
        [0.4400, 0.4850, 0.1363, 0.2003],
        [0.5392, 0.4369, 0.8170, 0.7442],
        [0.4793, 0.4699, 0.1606, 0.1960],
        [0.5512, 0.5084, 0.8144, 0.2169],
        [0.5866, 0.5097, 0.8280, 0.1953]], device='cuda:0',
       grad_fn=<SliceBackward0>)
2025-07-09 18:35:44,584 INFO: [14/300] Loss_total: 9.55910 Test_loss: 3.53167 Time: 1.36s
2025-07-09 18:35:45,636 INFO: In step 299, Pred_score1: tensor([0.2629], device='cuda:0', grad_fn=<SelectBackward0>), origin_score1: tensor([0.3341], device='cuda:0', grad_fn=<SelectBackward0>)
2025-07-09 18:35:45,638 INFO: origin_layout0: tensor([[0.2539, 0.2891, 1.0000, 1.0000],
        [0.2656, 0.2969, 0.0000, 0.0000],
        [0.3359, 0.7852, 0.0000, 1.0000],
        [0.5234, 0.5742, 0.0000, 0.0000],
        [0.4219, 0.7070, 1.0000, 0.0000],
        [0.5508, 0.5078, 1.0000, 0.0000],
        [0.7695, 0.3359, 0.0000, 1.0000],
        [0.6719, 0.7070, 0.0000, 0.0000]], device='cuda:0')
2025-07-09 18:35:45,639 INFO: refine_layout0: tensor([[0.5297, 0.4492, 0.7723, 0.8039],
        [0.4594, 0.4621, 0.1220, 0.1991],
        [0.4487, 0.4211, 0.1571, 0.7955],
        [0.4324, 0.4929, 0.1640, 0.1905],
        [0.4897, 0.5387, 0.8122, 0.1618],
        [0.5366, 0.5255, 0.8205, 0.1550],
        [0.5356, 0.4058, 0.1918, 0.7811],
        [0.4969, 0.4875, 0.1930, 0.1800]], device='cuda:0',
       grad_fn=<SliceBackward0>)
2025-07-09 18:35:45,944 INFO: [15/300] Loss_total: 9.05102 Test_loss: 3.64710 Time: 1.36s
2025-07-09 18:35:47,004 INFO: In step 299, Pred_score1: tensor([0.2017], device='cuda:0', grad_fn=<SelectBackward0>), origin_score1: tensor([0.3341], device='cuda:0', grad_fn=<SelectBackward0>)
2025-07-09 18:35:47,005 INFO: origin_layout0: tensor([[0.2539, 0.2344, 1.0000, 1.0000],
        [0.2617, 0.6602, 0.0000, 0.0000],
        [0.3320, 0.5547, 0.0000, 1.0000],
        [0.6250, 0.2383, 0.0000, 0.0000],
        [0.3906, 0.3438, 1.0000, 0.0000],
        [0.5156, 0.4180, 1.0000, 0.0000],
        [0.7695, 0.4883, 0.0000, 1.0000],
        [0.6367, 0.3906, 0.0000, 0.0000]], device='cuda:0')
2025-07-09 18:35:47,007 INFO: refine_layout0: tensor([[0.5090, 0.4499, 0.7848, 0.8194],
        [0.4470, 0.4819, 0.1191, 0.1476],
        [0.4641, 0.4206, 0.1409, 0.8224],
        [0.4650, 0.4705, 0.1610, 0.1946],
        [0.5065, 0.4939, 0.8343, 0.1701],
        [0.5484, 0.4854, 0.8373, 0.1475],
        [0.5658, 0.3941, 0.1792, 0.7930],
        [0.5334, 0.4505, 0.1716, 0.1839]], device='cuda:0',
       grad_fn=<SliceBackward0>)
2025-07-09 18:35:47,312 INFO: [16/300] Loss_total: 8.64584 Test_loss: 3.93196 Time: 1.37s
2025-07-09 18:35:48,361 INFO: In step 299, Pred_score1: tensor([0.9393], device='cuda:0', grad_fn=<SelectBackward0>), origin_score1: tensor([0.3341], device='cuda:0', grad_fn=<SelectBackward0>)
2025-07-09 18:35:48,362 INFO: origin_layout0: tensor([[0.2930, 0.6016, 1.0000, 1.0000],
        [0.1562, 0.5742, 0.0000, 0.0000],
        [0.5469, 0.3906, 1.0000, 1.0000],
        [0.4766, 0.3516, 0.0000, 0.0000]], device='cuda:0')
2025-07-09 18:35:48,364 INFO: refine_layout0: tensor([[0.5147, 0.4752, 0.7882, 0.8128],
        [0.4598, 0.4864, 0.0960, 0.1393],
        [0.5090, 0.4108, 0.8214, 0.8180],
        [0.5013, 0.4416, 0.1167, 0.1515]], device='cuda:0',
       grad_fn=<SliceBackward0>)
2025-07-09 18:35:48,679 INFO: [17/300] Loss_total: 8.31780 Test_loss: 3.02246 Time: 1.37s
2025-07-09 18:35:49,716 INFO: In step 299, Pred_score1: tensor([0.6754], device='cuda:0', grad_fn=<SelectBackward0>), origin_score1: tensor([0.3341], device='cuda:0', grad_fn=<SelectBackward0>)
2025-07-09 18:35:49,717 INFO: origin_layout0: tensor([[0.4688, 0.4688, 1.0000, 1.0000],
        [0.3398, 0.4961, 0.0000, 0.0000],
        [0.4648, 0.5742, 0.0000, 1.0000],
        [0.4336, 0.5547, 0.0000, 0.0000]], device='cuda:0')
2025-07-09 18:35:49,718 INFO: refine_layout0: tensor([[0.5049, 0.4699, 0.8309, 0.8388],
        [0.4771, 0.4949, 0.1046, 0.1245],
        [0.5114, 0.4413, 0.1317, 0.8532],
        [0.4626, 0.5082, 0.1354, 0.1340]], device='cuda:0',
       grad_fn=<SliceBackward0>)
2025-07-09 18:35:50,027 INFO: [18/300] Loss_total: 8.05386 Test_loss: 2.99707 Time: 1.35s
2025-07-09 18:35:51,070 INFO: In step 299, Pred_score1: tensor([0.9447], device='cuda:0', grad_fn=<SelectBackward0>), origin_score1: tensor([0.3341], device='cuda:0', grad_fn=<SelectBackward0>)
2025-07-09 18:35:51,072 INFO: origin_layout0: tensor([[0.2969, 0.4336, 1.0000, 1.0000],
        [0.7305, 0.5156, 1.0000, 1.0000],
        [0.4844, 0.5195, 0.0000, 1.0000],
        [0.4219, 0.5859, 0.0000, 0.0000],
        [0.4688, 0.4531, 1.0000, 0.0000]], device='cuda:0')
2025-07-09 18:35:51,073 INFO: refine_layout0: tensor([[0.5201, 0.4815, 0.8122, 0.8618],
        [0.5216, 0.3756, 0.8954, 0.8754],
        [0.5546, 0.3412, 0.0996, 0.8752],
        [0.5234, 0.4241, 0.1113, 0.1282],
        [0.5087, 0.4347, 0.8652, 0.1289]], device='cuda:0',
       grad_fn=<SliceBackward0>)
2025-07-09 18:35:51,554 INFO: [19/300] Loss_total: 7.84691 Test_loss: 3.01755 Time: 1.53s
2025-07-09 18:35:53,049 INFO: In step 299, Pred_score1: tensor([0.3720], device='cuda:0', grad_fn=<SelectBackward0>), origin_score1: tensor([0.3341], device='cuda:0', grad_fn=<SelectBackward0>)
2025-07-09 18:35:53,050 INFO: origin_layout0: tensor([[0.2305, 0.1875, 1.0000, 1.0000],
        [0.2383, 0.4258, 0.0000, 0.0000],
        [0.7852, 0.5469, 1.0000, 1.0000],
        [0.3672, 0.8398, 0.0000, 0.0000],
        [0.7734, 0.6094, 1.0000, 0.0000],
        [0.4297, 0.2305, 1.0000, 0.0000],
        [0.7969, 0.2891, 0.0000, 1.0000]], device='cuda:0')
2025-07-09 18:35:53,052 INFO: refine_layout0: tensor([[0.5295, 0.4483, 0.8044, 0.8883],
        [0.5012, 0.4743, 0.0863, 0.1037],
        [0.5227, 0.3882, 0.8703, 0.8364],
        [0.5173, 0.4519, 0.0925, 0.0822],
        [0.5124, 0.4509, 0.8798, 0.0962],
        [0.5291, 0.3981, 0.8628, 0.1268],
        [0.6338, 0.3341, 0.1333, 0.8665]], device='cuda:0',
       grad_fn=<SliceBackward0>)
2025-07-09 18:35:53,504 INFO: [20/300] Loss_total: 7.70406 Test_loss: 3.46918 Time: 1.95s
2025-07-09 18:35:54,565 INFO: In step 299, Pred_score1: tensor([0.], device='cuda:0', grad_fn=<SelectBackward0>), origin_score1: tensor([0.3341], device='cuda:0', grad_fn=<SelectBackward0>)
2025-07-09 18:35:54,566 INFO: origin_layout0: tensor([[0.3750, 0.3438, 1.0000, 1.0000],
        [0.6211, 0.3906, 1.0000, 1.0000]], device='cuda:0')
2025-07-09 18:35:54,567 INFO: refine_layout0: tensor([[0.5424, 0.4194, 0.8428, 0.8893],
        [0.5350, 0.3080, 0.8835, 0.9093]], device='cuda:0',
       grad_fn=<SliceBackward0>)
2025-07-09 18:35:54,848 INFO: [21/300] Loss_total: 7.59637 Test_loss: 3.21020 Time: 1.34s
2025-07-09 18:35:55,903 INFO: In step 299, Pred_score1: tensor([0.7318], device='cuda:0', grad_fn=<SelectBackward0>), origin_score1: tensor([0.3341], device='cuda:0', grad_fn=<SelectBackward0>)
2025-07-09 18:35:55,905 INFO: origin_layout0: tensor([[0.3633, 0.5000, 1.0000, 1.0000],
        [0.2930, 0.5898, 0.0000, 0.0000],
        [0.6133, 0.4141, 1.0000, 1.0000],
        [0.5430, 0.3047, 0.0000, 0.0000],
        [0.3242, 0.6719, 1.0000, 0.0000]], device='cuda:0')
2025-07-09 18:35:55,906 INFO: refine_layout0: tensor([[0.5164, 0.4626, 0.8585, 0.8826],
        [0.4967, 0.4935, 0.0805, 0.0800],
        [0.5199, 0.3908, 0.8617, 0.8612],
        [0.5450, 0.4217, 0.0866, 0.0967],
        [0.4904, 0.4420, 0.8701, 0.0815]], device='cuda:0',
       grad_fn=<SliceBackward0>)
2025-07-09 18:35:56,196 INFO: [22/300] Loss_total: 7.51867 Test_loss: 2.91485 Time: 1.35s
2025-07-09 18:35:57,234 INFO: In step 299, Pred_score1: tensor([0.8782], device='cuda:0', grad_fn=<SelectBackward0>), origin_score1: tensor([0.3341], device='cuda:0', grad_fn=<SelectBackward0>)
2025-07-09 18:35:57,235 INFO: origin_layout0: tensor([[0.4297, 0.3867, 1.0000, 1.0000],
        [0.6953, 0.4297, 1.0000, 1.0000],
        [0.5938, 0.6016, 0.0000, 1.0000],
        [0.5664, 0.7188, 0.0000, 0.0000],
        [0.6133, 0.7539, 1.0000, 0.0000]], device='cuda:0')
2025-07-09 18:35:57,236 INFO: refine_layout0: tensor([[0.5147, 0.4681, 0.8702, 0.8919],
        [0.5066, 0.3394, 0.9159, 0.9084],
        [0.5720, 0.3128, 0.0805, 0.8925],
        [0.5502, 0.4237, 0.0887, 0.0827],
        [0.5148, 0.4410, 0.8911, 0.0785]], device='cuda:0',
       grad_fn=<SliceBackward0>)
2025-07-09 18:35:57,520 INFO: [23/300] Loss_total: 7.43268 Test_loss: 2.83308 Time: 1.32s
2025-07-09 18:35:58,579 INFO: In step 299, Pred_score1: tensor([0.5117], device='cuda:0', grad_fn=<SelectBackward0>), origin_score1: tensor([0.3341], device='cuda:0', grad_fn=<SelectBackward0>)
2025-07-09 18:35:58,581 INFO: origin_layout0: tensor([[0.3906, 0.5391, 1.0000, 1.0000],
        [0.3398, 0.2812, 0.0000, 0.0000],
        [0.5547, 0.2031, 1.0000, 1.0000],
        [0.5078, 0.3047, 0.0000, 0.0000],
        [0.3594, 0.5703, 1.0000, 0.0000]], device='cuda:0')
2025-07-09 18:35:58,582 INFO: refine_layout0: tensor([[0.5185, 0.4275, 0.8665, 0.8878],
        [0.5135, 0.4336, 0.0702, 0.0849],
        [0.5296, 0.3343, 0.8549, 0.8814],
        [0.5504, 0.3761, 0.0831, 0.0965],
        [0.5100, 0.3929, 0.8761, 0.0784]], device='cuda:0',
       grad_fn=<SliceBackward0>)
2025-07-09 18:35:58,862 INFO: [24/300] Loss_total: 7.37517 Test_loss: 3.12874 Time: 1.34s
2025-07-09 18:35:59,943 INFO: In step 299, Pred_score1: tensor([0.5931], device='cuda:0', grad_fn=<SelectBackward0>), origin_score1: tensor([0.3341], device='cuda:0', grad_fn=<SelectBackward0>)
2025-07-09 18:35:59,944 INFO: origin_layout0: tensor([[0.2891, 0.3047, 1.0000, 1.0000],
        [0.7305, 0.5547, 1.0000, 1.0000],
        [0.5273, 0.4258, 1.0000, 1.0000],
        [0.4805, 0.5742, 0.0000, 0.0000],
        [0.3672, 0.6016, 1.0000, 0.0000],
        [0.5352, 0.3477, 1.0000, 0.0000],
        [0.5312, 0.4219, 1.0000, 1.0000]], device='cuda:0')
2025-07-09 18:35:59,945 INFO: refine_layout0: tensor([[0.5119, 0.4339, 0.8691, 0.9047],
        [0.5076, 0.3230, 0.9285, 0.9097],
        [0.5110, 0.2342, 0.8986, 0.9196],
        [0.5567, 0.3015, 0.0876, 0.1104],
        [0.5364, 0.3256, 0.8357, 0.0863],
        [0.5465, 0.3173, 0.8808, 0.1082],
        [0.5777, 0.2372, 0.8464, 0.8854]], device='cuda:0',
       grad_fn=<SliceBackward0>)
2025-07-09 18:36:00,270 INFO: [25/300] Loss_total: 7.32096 Test_loss: 3.21694 Time: 1.41s
2025-07-09 18:36:01,322 INFO: In step 299, Pred_score1: tensor([0.6649], device='cuda:0', grad_fn=<SelectBackward0>), origin_score1: tensor([0.3341], device='cuda:0', grad_fn=<SelectBackward0>)
2025-07-09 18:36:01,323 INFO: origin_layout0: tensor([[0.2266, 0.3086, 1.0000, 1.0000],
        [0.8203, 0.3906, 1.0000, 1.0000],
        [0.5742, 0.4375, 1.0000, 1.0000],
        [0.5117, 0.3828, 0.0000, 0.0000],
        [0.2969, 0.6133, 1.0000, 0.0000],
        [0.4141, 0.4453, 1.0000, 0.0000],
        [0.5352, 0.4141, 1.0000, 1.0000]], device='cuda:0')
2025-07-09 18:36:01,324 INFO: refine_layout0: tensor([[0.5134, 0.4359, 0.8639, 0.9103],
        [0.5195, 0.3138, 0.9297, 0.9209],
        [0.5173, 0.2294, 0.9029, 0.9253],
        [0.5709, 0.2842, 0.0834, 0.1309],
        [0.5372, 0.3121, 0.8279, 0.0869],
        [0.5331, 0.3122, 0.8779, 0.1022],
        [0.5668, 0.2345, 0.8532, 0.8905]], device='cuda:0',
       grad_fn=<SliceBackward0>)
2025-07-09 18:36:01,609 INFO: [26/300] Loss_total: 7.27138 Test_loss: 2.99967 Time: 1.34s
2025-07-09 18:36:02,633 INFO: In step 299, Pred_score1: tensor([0.7716], device='cuda:0', grad_fn=<SelectBackward0>), origin_score1: tensor([0.3341], device='cuda:0', grad_fn=<SelectBackward0>)
2025-07-09 18:36:02,634 INFO: origin_layout0: tensor([[0.4688, 0.4688, 1.0000, 1.0000],
        [0.3398, 0.4961, 0.0000, 0.0000],
        [0.4648, 0.5742, 0.0000, 1.0000],
        [0.4336, 0.5547, 0.0000, 0.0000]], device='cuda:0')
2025-07-09 18:36:02,635 INFO: refine_layout0: tensor([[0.5196, 0.4412, 0.8927, 0.8958],
        [0.4982, 0.4596, 0.0636, 0.0583],
        [0.5761, 0.4210, 0.0725, 0.8836],
        [0.5145, 0.4927, 0.0710, 0.0627]], device='cuda:0',
       grad_fn=<SliceBackward0>)
2025-07-09 18:36:02,914 INFO: [27/300] Loss_total: 7.22879 Test_loss: 2.41163 Time: 1.30s
2025-07-09 18:36:04,181 INFO: In step 299, Pred_score1: tensor([0.4393], device='cuda:0', grad_fn=<SelectBackward0>), origin_score1: tensor([0.3341], device='cuda:0', grad_fn=<SelectBackward0>)
2025-07-09 18:36:04,183 INFO: origin_layout0: tensor([[0.2461, 0.3750, 1.0000, 1.0000],
        [0.2578, 0.6719, 0.0000, 0.0000],
        [0.6055, 0.5977, 1.0000, 1.0000],
        [0.5391, 0.6680, 0.0000, 0.0000],
        [0.5781, 0.5781, 1.0000, 0.0000],
        [0.7383, 0.4609, 1.0000, 0.0000],
        [0.8594, 0.4180, 1.0000, 1.0000],
        [0.5742, 0.4062, 0.0000, 0.0000]], device='cuda:0')
2025-07-09 18:36:04,186 INFO: refine_layout0: tensor([[0.5440, 0.4006, 0.8713, 0.9105],
        [0.5090, 0.4277, 0.0670, 0.0674],
        [0.5429, 0.3424, 0.8689, 0.8511],
        [0.5531, 0.3929, 0.0674, 0.0626],
        [0.5405, 0.3875, 0.8777, 0.0589],
        [0.5514, 0.3641, 0.9077, 0.0700],
        [0.6007, 0.2685, 0.8816, 0.8835],
        [0.6006, 0.3020, 0.0646, 0.0890]], device='cuda:0',
       grad_fn=<SliceBackward0>)
2025-07-09 18:36:04,582 INFO: [28/300] Loss_total: 7.19151 Test_loss: 3.43822 Time: 1.67s
2025-07-09 18:36:05,982 INFO: In step 299, Pred_score1: tensor([0.5296], device='cuda:0', grad_fn=<SelectBackward0>), origin_score1: tensor([0.3341], device='cuda:0', grad_fn=<SelectBackward0>)
2025-07-09 18:36:05,983 INFO: origin_layout0: tensor([[0.3828, 0.6055, 1.0000, 1.0000],
        [0.2656, 0.6367, 0.0000, 0.0000],
        [0.6484, 0.5586, 1.0000, 1.0000]], device='cuda:0')
2025-07-09 18:36:05,984 INFO: refine_layout0: tensor([[0.5183, 0.4340, 0.8887, 0.8925],
        [0.4865, 0.4536, 0.0582, 0.0529],
        [0.5320, 0.3618, 0.8887, 0.8532]], device='cuda:0',
       grad_fn=<SliceBackward0>)
2025-07-09 18:36:06,276 INFO: [29/300] Loss_total: 7.15663 Test_loss: 2.56464 Time: 1.69s
2025-07-09 18:36:07,325 INFO: In step 299, Pred_score1: tensor([0.3663], device='cuda:0', grad_fn=<SelectBackward0>), origin_score1: tensor([0.3341], device='cuda:0', grad_fn=<SelectBackward0>)
2025-07-09 18:36:07,326 INFO: origin_layout0: tensor([[0.2773, 0.2930, 1.0000, 1.0000],
        [0.2852, 0.7109, 0.0000, 0.0000],
        [0.3633, 0.6094, 0.0000, 1.0000],
        [0.6562, 0.5859, 0.0000, 0.0000],
        [0.4258, 0.4375, 1.0000, 0.0000],
        [0.5508, 0.4727, 1.0000, 0.0000],
        [0.6016, 0.4922, 0.0000, 1.0000],
        [0.3828, 0.4180, 0.0000, 0.0000],
        [0.4297, 0.4336, 0.0000, 0.0000]], device='cuda:0')
2025-07-09 18:36:07,328 INFO: refine_layout0: tensor([[0.5354, 0.3929, 0.8780, 0.9187],
        [0.5019, 0.4303, 0.0654, 0.0634],
        [0.5733, 0.3914, 0.0528, 0.8847],
        [0.5416, 0.4777, 0.0691, 0.0633],
        [0.4874, 0.4543, 0.9176, 0.0655],
        [0.4876, 0.4175, 0.9332, 0.0681],
        [0.5979, 0.3525, 0.0649, 0.8919],
        [0.5374, 0.4242, 0.0588, 0.0773],
        [0.5387, 0.4888, 0.0770, 0.0683]], device='cuda:0',
       grad_fn=<SliceBackward0>)
2025-07-09 18:36:07,636 INFO: [30/300] Loss_total: 7.12192 Test_loss: 3.50221 Time: 1.36s
2025-07-09 18:36:08,710 INFO: In step 299, Pred_score1: tensor([0.3127], device='cuda:0', grad_fn=<SelectBackward0>), origin_score1: tensor([0.3341], device='cuda:0', grad_fn=<SelectBackward0>)
2025-07-09 18:36:08,711 INFO: origin_layout0: tensor([[0.3047, 0.6055, 1.0000, 1.0000],
        [0.2227, 0.6914, 0.0000, 0.0000],
        [0.3086, 0.3398, 0.0000, 1.0000],
        [0.5078, 0.4180, 0.0000, 0.0000],
        [0.2695, 0.5703, 1.0000, 0.0000],
        [0.4492, 0.4531, 1.0000, 0.0000]], device='cuda:0')
2025-07-09 18:36:08,712 INFO: refine_layout0: tensor([[0.4859, 0.4626, 0.9171, 0.9032],
        [0.4643, 0.4937, 0.0608, 0.0457],
        [0.5574, 0.4234, 0.0636, 0.9120],
        [0.5082, 0.4962, 0.0664, 0.0646],
        [0.4423, 0.5009, 0.9347, 0.0603],
        [0.4515, 0.4582, 0.9472, 0.0736]], device='cuda:0',
       grad_fn=<SliceBackward0>)
2025-07-09 18:36:09,013 INFO: [31/300] Loss_total: 7.09518 Test_loss: 2.49498 Time: 1.38s
2025-07-09 18:36:10,064 INFO: In step 299, Pred_score1: tensor([0.3514], device='cuda:0', grad_fn=<SelectBackward0>), origin_score1: tensor([0.3341], device='cuda:0', grad_fn=<SelectBackward0>)
2025-07-09 18:36:10,065 INFO: origin_layout0: tensor([[0.4023, 0.6094, 1.0000, 1.0000],
        [0.3164, 0.5000, 0.0000, 0.0000],
        [0.5820, 0.5234, 1.0000, 1.0000],
        [0.5352, 0.4844, 0.0000, 0.0000],
        [0.3633, 0.6055, 1.0000, 0.0000],
        [0.5547, 0.3477, 1.0000, 0.0000]], device='cuda:0')
2025-07-09 18:36:10,066 INFO: refine_layout0: tensor([[0.5007, 0.4889, 0.9202, 0.9088],
        [0.4800, 0.4976, 0.0563, 0.0507],
        [0.5295, 0.4158, 0.9136, 0.8817],
        [0.5440, 0.4425, 0.0578, 0.0575],
        [0.5013, 0.4556, 0.9119, 0.0495],
        [0.5054, 0.4130, 0.9346, 0.0706]], device='cuda:0',
       grad_fn=<SliceBackward0>)
2025-07-09 18:36:10,356 INFO: [32/300] Loss_total: 7.06523 Test_loss: 3.04283 Time: 1.34s
2025-07-09 18:36:11,422 INFO: In step 299, Pred_score1: tensor([0.2388], device='cuda:0', grad_fn=<SelectBackward0>), origin_score1: tensor([0.3341], device='cuda:0', grad_fn=<SelectBackward0>)
2025-07-09 18:36:11,423 INFO: origin_layout0: tensor([[0.3555, 0.3867, 1.0000, 1.0000],
        [0.3711, 0.3945, 0.0000, 0.0000],
        [0.6602, 0.6328, 1.0000, 1.0000],
        [0.6055, 0.6758, 0.0000, 0.0000],
        [0.5898, 0.7227, 1.0000, 0.0000],
        [0.7266, 0.4648, 1.0000, 0.0000],
        [0.5078, 0.6992, 0.0000, 0.0000]], device='cuda:0')
2025-07-09 18:36:11,424 INFO: refine_layout0: tensor([[0.5066, 0.4562, 0.9202, 0.9225],
        [0.4923, 0.4749, 0.0581, 0.0498],
        [0.5481, 0.4101, 0.9215, 0.8714],
        [0.5658, 0.4571, 0.0584, 0.0452],
        [0.5494, 0.4679, 0.9134, 0.0440],
        [0.5539, 0.4248, 0.9334, 0.0576],
        [0.5700, 0.4648, 0.0548, 0.0413]], device='cuda:0',
       grad_fn=<SliceBackward0>)
2025-07-09 18:36:11,737 INFO: [33/300] Loss_total: 7.04508 Test_loss: 3.11440 Time: 1.38s
2025-07-09 18:36:12,786 INFO: In step 299, Pred_score1: tensor([0.6889], device='cuda:0', grad_fn=<SelectBackward0>), origin_score1: tensor([0.3341], device='cuda:0', grad_fn=<SelectBackward0>)
2025-07-09 18:36:12,787 INFO: origin_layout0: tensor([[0.4180, 0.3867, 1.0000, 1.0000],
        [0.6211, 0.7539, 1.0000, 1.0000],
        [0.5273, 0.4180, 0.0000, 1.0000],
        [0.6719, 0.4883, 0.0000, 0.0000],
        [0.4844, 0.7188, 1.0000, 0.0000],
        [0.5859, 0.6836, 1.0000, 0.0000]], device='cuda:0')
2025-07-09 18:36:12,788 INFO: refine_layout0: tensor([[0.5333, 0.4945, 0.9208, 0.9321],
        [0.5211, 0.3980, 0.9510, 0.9259],
        [0.5996, 0.3337, 0.0413, 0.9161],
        [0.5937, 0.4472, 0.0568, 0.0785],
        [0.5311, 0.4808, 0.9233, 0.0531],
        [0.5228, 0.4662, 0.9409, 0.0577]], device='cuda:0',
       grad_fn=<SliceBackward0>)
2025-07-09 18:36:13,078 INFO: [34/300] Loss_total: 7.01384 Test_loss: 2.99292 Time: 1.34s
2025-07-09 18:36:14,140 INFO: In step 299, Pred_score1: tensor([0.8716], device='cuda:0', grad_fn=<SelectBackward0>), origin_score1: tensor([0.3341], device='cuda:0', grad_fn=<SelectBackward0>)
2025-07-09 18:36:14,141 INFO: origin_layout0: tensor([[0.3672, 0.4570, 1.0000, 1.0000],
        [0.1992, 0.6133, 0.0000, 0.0000],
        [0.3867, 0.4141, 0.0000, 1.0000]], device='cuda:0')
2025-07-09 18:36:14,142 INFO: refine_layout0: tensor([[0.5522, 0.4130, 0.8961, 0.9112],
        [0.4946, 0.4169, 0.0536, 0.0571],
        [0.5759, 0.3646, 0.0449, 0.8952]], device='cuda:0',
       grad_fn=<SliceBackward0>)
2025-07-09 18:36:14,437 INFO: [35/300] Loss_total: 6.99054 Test_loss: 2.74552 Time: 1.36s
2025-07-09 18:36:15,489 INFO: In step 299, Pred_score1: tensor([0.8851], device='cuda:0', grad_fn=<SelectBackward0>), origin_score1: tensor([0.3341], device='cuda:0', grad_fn=<SelectBackward0>)
2025-07-09 18:36:15,491 INFO: origin_layout0: tensor([[0.3711, 0.2656, 1.0000, 1.0000],
        [0.3828, 0.3906, 0.0000, 0.0000],
        [0.6172, 0.6367, 1.0000, 1.0000],
        [0.5781, 0.3945, 0.0000, 0.0000]], device='cuda:0')
2025-07-09 18:36:15,492 INFO: refine_layout0: tensor([[0.4986, 0.4067, 0.8953, 0.9211],
        [0.4811, 0.4267, 0.0506, 0.0502],
        [0.5321, 0.3749, 0.9121, 0.8635],
        [0.5632, 0.3988, 0.0535, 0.0602]], device='cuda:0',
       grad_fn=<SliceBackward0>)
2025-07-09 18:36:15,883 INFO: [36/300] Loss_total: 6.96754 Test_loss: 2.84272 Time: 1.45s
2025-07-09 18:36:17,392 INFO: In step 299, Pred_score1: tensor([0.2144], device='cuda:0', grad_fn=<SelectBackward0>), origin_score1: tensor([0.3341], device='cuda:0', grad_fn=<SelectBackward0>)
2025-07-09 18:36:17,394 INFO: origin_layout0: tensor([[0.2695, 0.7617, 1.0000, 1.0000],
        [0.1523, 0.6367, 0.0000, 0.0000],
        [0.2695, 0.5391, 0.0000, 1.0000],
        [0.5117, 0.5664, 0.0000, 0.0000],
        [0.2266, 0.7266, 1.0000, 0.0000],
        [0.3906, 0.5938, 1.0000, 0.0000],
        [0.5742, 0.6836, 1.0000, 1.0000]], device='cuda:0')
2025-07-09 18:36:17,397 INFO: refine_layout0: tensor([[0.5382, 0.5250, 0.9144, 0.9082],
        [0.4588, 0.5113, 0.0473, 0.0326],
        [0.5496, 0.4661, 0.0504, 0.9034],
        [0.5040, 0.5320, 0.0571, 0.0405],
        [0.4343, 0.5448, 0.9460, 0.0438],
        [0.4397, 0.4967, 0.9546, 0.0514],
        [0.5093, 0.3826, 0.9447, 0.9079]], device='cuda:0',
       grad_fn=<SliceBackward0>)
2025-07-09 18:36:17,838 INFO: [37/300] Loss_total: 6.94776 Test_loss: 3.24991 Time: 1.95s
2025-07-09 18:36:18,887 INFO: In step 299, Pred_score1: tensor([0.8866], device='cuda:0', grad_fn=<SelectBackward0>), origin_score1: tensor([0.3341], device='cuda:0', grad_fn=<SelectBackward0>)
2025-07-09 18:36:18,889 INFO: origin_layout0: tensor([[0.2812, 0.5430, 1.0000, 1.0000],
        [0.8477, 0.3359, 1.0000, 1.0000],
        [0.5742, 0.3633, 1.0000, 1.0000],
        [0.4883, 0.4492, 0.0000, 0.0000],
        [0.2734, 0.6055, 1.0000, 0.0000],
        [0.5391, 0.4727, 1.0000, 0.0000],
        [0.7422, 0.3555, 1.0000, 1.0000],
        [0.8516, 0.1484, 0.0000, 0.0000],
        [0.5625, 0.4453, 0.0000, 1.0000],
        [0.6484, 0.3164, 0.0000, 0.0000]], device='cuda:0')
2025-07-09 18:36:18,890 INFO: refine_layout0: tensor([[0.4954, 0.4397, 0.9132, 0.9206],
        [0.5371, 0.3166, 0.9517, 0.9442],
        [0.4990, 0.2217, 0.9356, 0.9568],
        [0.5948, 0.2851, 0.0678, 0.1404],
        [0.5119, 0.3097, 0.8701, 0.0731],
        [0.5147, 0.3165, 0.9235, 0.0899],
        [0.5515, 0.2310, 0.8933, 0.9262],
        [0.6616, 0.2665, 0.0655, 0.1589],
        [0.6745, 0.2593, 0.0284, 0.8718],
        [0.6094, 0.3446, 0.0467, 0.1392]], device='cuda:0',
       grad_fn=<SliceBackward0>)
2025-07-09 18:36:19,181 INFO: [38/300] Loss_total: 6.91815 Test_loss: 3.37385 Time: 1.34s
2025-07-09 18:36:20,263 INFO: In step 299, Pred_score1: tensor([0.9109], device='cuda:0', grad_fn=<SelectBackward0>), origin_score1: tensor([0.3341], device='cuda:0', grad_fn=<SelectBackward0>)
2025-07-09 18:36:20,264 INFO: origin_layout0: tensor([[0.3672, 0.6836, 1.0000, 1.0000],
        [0.6641, 0.5938, 1.0000, 1.0000],
        [0.4961, 0.6211, 1.0000, 1.0000],
        [0.4609, 0.3008, 0.0000, 0.0000],
        [0.3438, 0.7188, 1.0000, 0.0000],
        [0.4180, 0.3672, 1.0000, 0.0000]], device='cuda:0')
2025-07-09 18:36:20,266 INFO: refine_layout0: tensor([[0.4884, 0.4381, 0.9135, 0.8937],
        [0.4943, 0.3205, 0.9458, 0.9210],
        [0.4606, 0.2306, 0.9313, 0.9333],
        [0.5802, 0.2774, 0.0627, 0.1270],
        [0.4996, 0.3082, 0.8577, 0.0562],
        [0.4795, 0.2938, 0.9106, 0.0774]], device='cuda:0',
       grad_fn=<SliceBackward0>)
2025-07-09 18:36:20,557 INFO: [39/300] Loss_total: 6.89633 Test_loss: 3.07895 Time: 1.38s
2025-07-09 18:36:21,618 INFO: In step 299, Pred_score1: tensor([0.6512], device='cuda:0', grad_fn=<SelectBackward0>), origin_score1: tensor([0.3341], device='cuda:0', grad_fn=<SelectBackward0>)
2025-07-09 18:36:21,619 INFO: origin_layout0: tensor([[0.5117, 0.5508, 1.0000, 1.0000],
        [0.3125, 0.5586, 0.0000, 0.0000]], device='cuda:0')
2025-07-09 18:36:21,620 INFO: refine_layout0: tensor([[0.5701, 0.4479, 0.9082, 0.9103],
        [0.5011, 0.4322, 0.0474, 0.0485]], device='cuda:0',
       grad_fn=<SliceBackward0>)
2025-07-09 18:36:21,931 INFO: [40/300] Loss_total: 6.87127 Test_loss: 2.83660 Time: 1.37s
2025-07-09 18:36:22,992 INFO: In step 299, Pred_score1: tensor([0.7065], device='cuda:0', grad_fn=<SelectBackward0>), origin_score1: tensor([0.3341], device='cuda:0', grad_fn=<SelectBackward0>)
2025-07-09 18:36:22,993 INFO: origin_layout0: tensor([[0.3711, 0.3516, 1.0000, 1.0000],
        [0.7188, 0.7070, 1.0000, 1.0000],
        [0.5234, 0.4688, 0.0000, 1.0000]], device='cuda:0')
2025-07-09 18:36:22,994 INFO: refine_layout0: tensor([[0.5375, 0.4518, 0.9179, 0.9296],
        [0.5512, 0.3608, 0.9544, 0.9152],
        [0.6011, 0.2954, 0.0291, 0.9034]], device='cuda:0',
       grad_fn=<SliceBackward0>)
2025-07-09 18:36:23,283 INFO: [41/300] Loss_total: 6.85258 Test_loss: 2.20550 Time: 1.35s
2025-07-09 18:36:24,338 INFO: In step 299, Pred_score1: tensor([0.6385], device='cuda:0', grad_fn=<SelectBackward0>), origin_score1: tensor([0.3341], device='cuda:0', grad_fn=<SelectBackward0>)
2025-07-09 18:36:24,339 INFO: origin_layout0: tensor([[0.3008, 0.6016, 1.0000, 1.0000],
        [0.2266, 0.6445, 0.0000, 0.0000],
        [0.5078, 0.3516, 1.0000, 1.0000],
        [0.4492, 0.5000, 0.0000, 0.0000],
        [0.2930, 0.6992, 1.0000, 0.0000],
        [0.4922, 0.5508, 1.0000, 0.0000],
        [0.3008, 0.5469, 0.0000, 0.0000]], device='cuda:0')
2025-07-09 18:36:24,341 INFO: refine_layout0: tensor([[0.5189, 0.4828, 0.9234, 0.9205],
        [0.4677, 0.4963, 0.0454, 0.0299],
        [0.5499, 0.4071, 0.9227, 0.8901],
        [0.5621, 0.4307, 0.0468, 0.0432],
        [0.4819, 0.4494, 0.9245, 0.0333],
        [0.4966, 0.4235, 0.9465, 0.0439],
        [0.5227, 0.4472, 0.0517, 0.0389]], device='cuda:0',
       grad_fn=<SliceBackward0>)
2025-07-09 18:36:24,627 INFO: [42/300] Loss_total: 6.82753 Test_loss: 2.74376 Time: 1.34s
2025-07-09 18:36:25,689 INFO: In step 299, Pred_score1: tensor([0.9104], device='cuda:0', grad_fn=<SelectBackward0>), origin_score1: tensor([0.3341], device='cuda:0', grad_fn=<SelectBackward0>)
2025-07-09 18:36:25,690 INFO: origin_layout0: tensor([[0.2734, 0.5586, 1.0000, 1.0000],
        [0.7070, 0.4062, 1.0000, 1.0000],
        [0.4609, 0.5430, 1.0000, 1.0000],
        [0.4062, 0.5508, 0.0000, 0.0000],
        [0.2266, 0.6680, 1.0000, 0.0000]], device='cuda:0')
2025-07-09 18:36:25,691 INFO: refine_layout0: tensor([[0.4540, 0.4265, 0.9246, 0.9060],
        [0.4985, 0.3090, 0.9549, 0.9329],
        [0.4392, 0.2200, 0.9386, 0.9460],
        [0.5917, 0.2997, 0.0659, 0.1123],
        [0.4757, 0.3062, 0.8593, 0.0597]], device='cuda:0',
       grad_fn=<SliceBackward0>)
2025-07-09 18:36:25,983 INFO: [43/300] Loss_total: 6.80981 Test_loss: 2.53057 Time: 1.36s
2025-07-09 18:36:27,047 INFO: In step 299, Pred_score1: tensor([0.1760], device='cuda:0', grad_fn=<SelectBackward0>), origin_score1: tensor([0.3341], device='cuda:0', grad_fn=<SelectBackward0>)
2025-07-09 18:36:27,049 INFO: origin_layout0: tensor([[0.3516, 0.2383, 1.0000, 1.0000],
        [0.3594, 0.5430, 0.0000, 0.0000],
        [0.4219, 0.4180, 0.0000, 1.0000],
        [0.5391, 0.8281, 0.0000, 0.0000],
        [0.5703, 0.5234, 1.0000, 0.0000],
        [0.6680, 0.4961, 1.0000, 0.0000],
        [0.7656, 0.4336, 0.0000, 1.0000],
        [0.5781, 0.4375, 0.0000, 0.0000]], device='cuda:0')
2025-07-09 18:36:27,051 INFO: refine_layout0: tensor([[0.4892, 0.4104, 0.9269, 0.9372],
        [0.4752, 0.4666, 0.0475, 0.0310],
        [0.5864, 0.4322, 0.0458, 0.9132],
        [0.5331, 0.5460, 0.0512, 0.0293],
        [0.5304, 0.5289, 0.9586, 0.0469],
        [0.5429, 0.4818, 0.9597, 0.0487],
        [0.6535, 0.3936, 0.0452, 0.9045],
        [0.5638, 0.4703, 0.0416, 0.0418]], device='cuda:0',
       grad_fn=<SliceBackward0>)
2025-07-09 18:36:27,337 INFO: [44/300] Loss_total: 6.78886 Test_loss: 3.34538 Time: 1.35s
2025-07-09 18:36:28,665 INFO: In step 299, Pred_score1: tensor([0.2736], device='cuda:0', grad_fn=<SelectBackward0>), origin_score1: tensor([0.3341], device='cuda:0', grad_fn=<SelectBackward0>)
2025-07-09 18:36:28,667 INFO: origin_layout0: tensor([[0.2227, 0.2188, 1.0000, 1.0000],
        [0.2305, 0.6094, 0.0000, 0.0000],
        [0.2930, 0.7422, 0.0000, 1.0000],
        [0.4844, 0.6680, 0.0000, 0.0000],
        [0.4961, 0.4258, 1.0000, 0.0000],
        [0.5938, 0.5000, 1.0000, 0.0000],
        [0.6406, 0.5625, 1.0000, 1.0000],
        [0.7266, 0.5312, 0.0000, 0.0000],
        [0.5234, 0.4141, 0.0000, 0.0000],
        [0.5430, 0.3594, 0.0000, 0.0000]], device='cuda:0')
2025-07-09 18:36:28,669 INFO: refine_layout0: tensor([[0.4522, 0.3934, 0.9138, 0.9299],
        [0.4415, 0.4606, 0.0460, 0.0286],
        [0.5344, 0.4722, 0.0390, 0.8813],
        [0.5105, 0.5373, 0.0517, 0.0317],
        [0.4937, 0.5063, 0.9579, 0.0473],
        [0.5072, 0.4722, 0.9582, 0.0470],
        [0.5611, 0.3775, 0.9339, 0.9229],
        [0.6279, 0.4070, 0.0458, 0.0403],
        [0.5798, 0.4567, 0.0527, 0.0380],
        [0.5235, 0.4708, 0.0516, 0.0451]], device='cuda:0',
       grad_fn=<SliceBackward0>)
2025-07-09 18:36:29,056 INFO: [45/300] Loss_total: 6.76769 Test_loss: 3.55544 Time: 1.72s
2025-07-09 18:36:30,403 INFO: In step 299, Pred_score1: tensor([0.9860], device='cuda:0', grad_fn=<SelectBackward0>), origin_score1: tensor([0.3341], device='cuda:0', grad_fn=<SelectBackward0>)
2025-07-09 18:36:30,404 INFO: origin_layout0: tensor([[0.2500, 0.4297, 1.0000, 1.0000],
        [0.8320, 0.6992, 1.0000, 1.0000],
        [0.5703, 0.7656, 1.0000, 1.0000],
        [0.5156, 0.4453, 0.0000, 0.0000],
        [0.3047, 0.7109, 1.0000, 0.0000]], device='cuda:0')
2025-07-09 18:36:30,406 INFO: refine_layout0: tensor([[0.4994, 0.4558, 0.9227, 0.9378],
        [0.6046, 0.4028, 0.9616, 0.9325],
        [0.5542, 0.3087, 0.9452, 0.9344],
        [0.6678, 0.3545, 0.0508, 0.0862],
        [0.5116, 0.3621, 0.8842, 0.0409]], device='cuda:0',
       grad_fn=<SliceBackward0>)
2025-07-09 18:36:30,687 INFO: [46/300] Loss_total: 6.75050 Test_loss: 2.74931 Time: 1.63s
2025-07-09 18:36:31,742 INFO: In step 299, Pred_score1: tensor([0.5399], device='cuda:0', grad_fn=<SelectBackward0>), origin_score1: tensor([0.3341], device='cuda:0', grad_fn=<SelectBackward0>)
2025-07-09 18:36:31,743 INFO: origin_layout0: tensor([[0.2969, 0.4727, 1.0000, 1.0000],
        [0.4961, 0.4570, 1.0000, 1.0000],
        [0.7852, 0.4102, 1.0000, 1.0000],
        [0.5898, 0.4453, 0.0000, 0.0000],
        [0.2461, 0.4688, 1.0000, 0.0000],
        [0.7148, 0.4258, 1.0000, 1.0000]], device='cuda:0')
2025-07-09 18:36:31,745 INFO: refine_layout0: tensor([[0.5222, 0.4737, 0.9265, 0.9337],
        [0.4965, 0.3513, 0.9613, 0.9416],
        [0.5639, 0.2691, 0.9508, 0.9436],
        [0.6705, 0.3401, 0.0526, 0.0880],
        [0.4896, 0.3306, 0.8894, 0.0462],
        [0.5706, 0.2608, 0.9128, 0.9301]], device='cuda:0',
       grad_fn=<SliceBackward0>)
2025-07-09 18:36:32,033 INFO: [47/300] Loss_total: 6.72563 Test_loss: 2.72619 Time: 1.35s
2025-07-09 18:36:33,097 INFO: In step 299, Pred_score1: tensor([0.6911], device='cuda:0', grad_fn=<SelectBackward0>), origin_score1: tensor([0.3341], device='cuda:0', grad_fn=<SelectBackward0>)
2025-07-09 18:36:33,098 INFO: origin_layout0: tensor([[0.2891, 0.3047, 1.0000, 1.0000],
        [0.7305, 0.5547, 1.0000, 1.0000],
        [0.5273, 0.4258, 1.0000, 1.0000],
        [0.4805, 0.5742, 0.0000, 0.0000],
        [0.3672, 0.6016, 1.0000, 0.0000],
        [0.5352, 0.3477, 1.0000, 0.0000],
        [0.5312, 0.4219, 1.0000, 1.0000]], device='cuda:0')
2025-07-09 18:36:33,099 INFO: refine_layout0: tensor([[0.4474, 0.3945, 0.9191, 0.9277],
        [0.5318, 0.3340, 0.9589, 0.9344],
        [0.4630, 0.2225, 0.9394, 0.9512],
        [0.6429, 0.3251, 0.0633, 0.1008],
        [0.5078, 0.3241, 0.8805, 0.0498],
        [0.5010, 0.3045, 0.9268, 0.0693],
        [0.4759, 0.2119, 0.8952, 0.9057]], device='cuda:0',
       grad_fn=<SliceBackward0>)
2025-07-09 18:36:33,401 INFO: [48/300] Loss_total: 6.70475 Test_loss: 3.10304 Time: 1.37s
2025-07-09 18:36:34,444 INFO: In step 299, Pred_score1: tensor([0.4921], device='cuda:0', grad_fn=<SelectBackward0>), origin_score1: tensor([0.3341], device='cuda:0', grad_fn=<SelectBackward0>)
2025-07-09 18:36:34,446 INFO: origin_layout0: tensor([[0.3828, 0.4414, 1.0000, 1.0000],
        [0.5352, 0.3984, 1.0000, 1.0000],
        [0.3789, 0.4102, 0.0000, 1.0000],
        [0.5078, 0.1836, 0.0000, 1.0000],
        [0.4727, 0.1758, 1.0000, 0.0000],
        [0.6797, 0.3359, 1.0000, 0.0000]], device='cuda:0')
2025-07-09 18:36:34,447 INFO: refine_layout0: tensor([[0.4616, 0.4114, 0.9276, 0.9255],
        [0.4621, 0.2990, 0.9559, 0.9471],
        [0.5175, 0.2725, 0.0294, 0.9186],
        [0.5842, 0.2551, 0.0267, 0.9477],
        [0.4452, 0.2563, 0.9106, 0.1458],
        [0.4922, 0.3147, 0.9535, 0.0922]], device='cuda:0',
       grad_fn=<SliceBackward0>)
2025-07-09 18:36:34,733 INFO: [49/300] Loss_total: 6.67530 Test_loss: 2.77160 Time: 1.33s
2025-07-09 18:36:35,769 INFO: In step 299, Pred_score1: tensor([0.], device='cuda:0', grad_fn=<SelectBackward0>), origin_score1: tensor([0.3341], device='cuda:0', grad_fn=<SelectBackward0>)
2025-07-09 18:36:35,770 INFO: origin_layout0: tensor([[0.3750, 0.3438, 1.0000, 1.0000],
        [0.6211, 0.3906, 1.0000, 1.0000]], device='cuda:0')
2025-07-09 18:36:35,771 INFO: refine_layout0: tensor([[0.5155, 0.4038, 0.9142, 0.9227],
        [0.4810, 0.2617, 0.9396, 0.9502]], device='cuda:0',
       grad_fn=<SliceBackward0>)
2025-07-09 18:36:36,057 INFO: [50/300] Loss_total: 6.65799 Test_loss: 2.68941 Time: 1.32s
2025-07-09 18:36:37,099 INFO: In step 299, Pred_score1: tensor([0.1790], device='cuda:0', grad_fn=<SelectBackward0>), origin_score1: tensor([0.3341], device='cuda:0', grad_fn=<SelectBackward0>)
2025-07-09 18:36:37,101 INFO: origin_layout0: tensor([[0.3398, 0.6680, 1.0000, 1.0000],
        [0.1875, 0.6641, 0.0000, 0.0000],
        [0.3438, 0.5703, 0.0000, 1.0000],
        [0.5820, 0.4258, 0.0000, 0.0000],
        [0.4805, 0.4570, 1.0000, 0.0000],
        [0.6484, 0.4414, 1.0000, 0.0000],
        [0.6992, 0.4688, 1.0000, 1.0000]], device='cuda:0')
2025-07-09 18:36:37,102 INFO: refine_layout0: tensor([[0.4627, 0.4527, 0.9271, 0.9083],
        [0.4439, 0.4827, 0.0414, 0.0200],
        [0.5362, 0.4481, 0.0350, 0.8927],
        [0.5460, 0.4949, 0.0475, 0.0307],
        [0.4748, 0.4877, 0.9606, 0.0394],
        [0.5427, 0.4675, 0.9611, 0.0456],
        [0.5989, 0.3735, 0.9239, 0.9325]], device='cuda:0',
       grad_fn=<SliceBackward0>)
2025-07-09 18:36:37,411 INFO: [51/300] Loss_total: 6.63767 Test_loss: 2.99469 Time: 1.35s
2025-07-09 18:36:38,502 INFO: In step 299, Pred_score1: tensor([0.], device='cuda:0', grad_fn=<SelectBackward0>), origin_score1: tensor([0.3341], device='cuda:0', grad_fn=<SelectBackward0>)
2025-07-09 18:36:38,503 INFO: origin_layout0: tensor([[0.4883, 0.6172, 1.0000, 1.0000],
        [0.5977, 0.5742, 1.0000, 1.0000]], device='cuda:0')
2025-07-09 18:36:38,504 INFO: refine_layout0: tensor([[0.5610, 0.4678, 0.9249, 0.9180],
        [0.5151, 0.3038, 0.9395, 0.9438]], device='cuda:0',
       grad_fn=<SliceBackward0>)
2025-07-09 18:36:38,793 INFO: [52/300] Loss_total: 6.60892 Test_loss: 2.91111 Time: 1.38s
2025-07-09 18:36:39,842 INFO: In step 299, Pred_score1: tensor([0.7132], device='cuda:0', grad_fn=<SelectBackward0>), origin_score1: tensor([0.3341], device='cuda:0', grad_fn=<SelectBackward0>)
2025-07-09 18:36:39,843 INFO: origin_layout0: tensor([[0.3867, 0.4805, 1.0000, 1.0000],
        [0.5508, 0.4375, 1.0000, 1.0000],
        [0.7344, 0.3203, 1.0000, 1.0000],
        [0.6211, 0.4023, 0.0000, 0.0000],
        [0.3281, 0.5742, 1.0000, 0.0000]], device='cuda:0')
2025-07-09 18:36:39,845 INFO: refine_layout0: tensor([[0.4740, 0.4215, 0.9261, 0.9217],
        [0.4938, 0.3074, 0.9536, 0.9416],
        [0.5307, 0.2098, 0.9339, 0.9554],
        [0.6832, 0.3032, 0.0592, 0.1191],
        [0.4954, 0.3093, 0.8864, 0.0488]], device='cuda:0',
       grad_fn=<SliceBackward0>)
2025-07-09 18:36:40,267 INFO: [53/300] Loss_total: 6.58676 Test_loss: 2.65134 Time: 1.47s
2025-07-09 18:36:41,779 INFO: In step 299, Pred_score1: tensor([0.3135], device='cuda:0', grad_fn=<SelectBackward0>), origin_score1: tensor([0.3341], device='cuda:0', grad_fn=<SelectBackward0>)
2025-07-09 18:36:41,781 INFO: origin_layout0: tensor([[0.2773, 0.2930, 1.0000, 1.0000],
        [0.2852, 0.7109, 0.0000, 0.0000],
        [0.3633, 0.6094, 0.0000, 1.0000],
        [0.6562, 0.5859, 0.0000, 0.0000],
        [0.4258, 0.4375, 1.0000, 0.0000],
        [0.5508, 0.4727, 1.0000, 0.0000],
        [0.6016, 0.4922, 0.0000, 1.0000],
        [0.3828, 0.4180, 0.0000, 0.0000],
        [0.4297, 0.4336, 0.0000, 0.0000]], device='cuda:0')
2025-07-09 18:36:41,783 INFO: refine_layout0: tensor([[0.4530, 0.3791, 0.9141, 0.9262],
        [0.4991, 0.4547, 0.0505, 0.0353],
        [0.5290, 0.4176, 0.0295, 0.8885],
        [0.5996, 0.5100, 0.0512, 0.0337],
        [0.4436, 0.4545, 0.9548, 0.0378],
        [0.5000, 0.4485, 0.9575, 0.0426],
        [0.6000, 0.3744, 0.0281, 0.9115],
        [0.5163, 0.4388, 0.0396, 0.0383],
        [0.4650, 0.4967, 0.0556, 0.0326]], device='cuda:0',
       grad_fn=<SliceBackward0>)
2025-07-09 18:36:42,109 INFO: [54/300] Loss_total: 6.57145 Test_loss: 3.09789 Time: 1.84s
2025-07-09 18:36:43,175 INFO: In step 299, Pred_score1: tensor([0.6727], device='cuda:0', grad_fn=<SelectBackward0>), origin_score1: tensor([0.3341], device='cuda:0', grad_fn=<SelectBackward0>)
2025-07-09 18:36:43,176 INFO: origin_layout0: tensor([[0.3164, 0.6562, 1.0000, 1.0000],
        [0.6758, 0.3008, 1.0000, 1.0000],
        [0.5000, 0.3672, 1.0000, 1.0000],
        [0.4492, 0.3828, 0.0000, 0.0000],
        [0.2695, 0.6602, 1.0000, 0.0000],
        [0.3750, 0.4531, 1.0000, 0.0000],
        [0.4922, 0.3281, 1.0000, 1.0000]], device='cuda:0')
2025-07-09 18:36:43,177 INFO: refine_layout0: tensor([[0.4683, 0.5022, 0.9385, 0.9325],
        [0.5773, 0.3569, 0.9572, 0.9559],
        [0.4301, 0.2364, 0.9481, 0.9610],
        [0.5955, 0.3194, 0.0611, 0.0984],
        [0.4254, 0.3716, 0.9137, 0.0374],
        [0.4387, 0.3515, 0.9470, 0.0532],
        [0.4662, 0.2343, 0.9106, 0.9198]], device='cuda:0',
       grad_fn=<SliceBackward0>)
2025-07-09 18:36:43,464 INFO: [55/300] Loss_total: 6.54860 Test_loss: 3.00851 Time: 1.36s
2025-07-09 18:36:44,514 INFO: In step 299, Pred_score1: tensor([0.5530], device='cuda:0', grad_fn=<SelectBackward0>), origin_score1: tensor([0.3341], device='cuda:0', grad_fn=<SelectBackward0>)
2025-07-09 18:36:44,515 INFO: origin_layout0: tensor([[0.3242, 0.6367, 1.0000, 1.0000],
        [0.2422, 0.3750, 0.0000, 0.0000],
        [0.5000, 0.4805, 1.0000, 1.0000],
        [0.4492, 0.5195, 0.0000, 0.0000],
        [0.3047, 0.5703, 1.0000, 0.0000],
        [0.5156, 0.3320, 1.0000, 0.0000],
        [0.3047, 0.5664, 0.0000, 0.0000]], device='cuda:0')
2025-07-09 18:36:44,517 INFO: refine_layout0: tensor([[0.4963, 0.5251, 0.9341, 0.9256],
        [0.4282, 0.4600, 0.0378, 0.0241],
        [0.5484, 0.4527, 0.9320, 0.8869],
        [0.5635, 0.4576, 0.0414, 0.0268],
        [0.4140, 0.4545, 0.9459, 0.0217],
        [0.4960, 0.4217, 0.9557, 0.0386],
        [0.4832, 0.4606, 0.0431, 0.0258]], device='cuda:0',
       grad_fn=<SliceBackward0>)
2025-07-09 18:36:44,809 INFO: [56/300] Loss_total: 6.53212 Test_loss: 3.12991 Time: 1.34s
2025-07-09 18:36:45,851 INFO: In step 299, Pred_score1: tensor([0.1156], device='cuda:0', grad_fn=<SelectBackward0>), origin_score1: tensor([0.3341], device='cuda:0', grad_fn=<SelectBackward0>)
2025-07-09 18:36:45,853 INFO: origin_layout0: tensor([[0.3125, 0.1992, 1.0000, 1.0000],
        [0.3203, 0.4883, 0.0000, 0.0000],
        [0.3789, 0.7148, 0.0000, 1.0000],
        [0.4688, 0.4609, 0.0000, 0.0000],
        [0.3633, 0.5430, 1.0000, 0.0000],
        [0.4727, 0.6953, 1.0000, 0.0000],
        [0.4961, 0.7500, 1.0000, 1.0000],
        [0.7188, 0.4570, 0.0000, 1.0000],
        [0.5586, 0.3516, 0.0000, 0.0000]], device='cuda:0')
2025-07-09 18:36:45,854 INFO: refine_layout0: tensor([[0.4089, 0.3752, 0.9228, 0.9428],
        [0.4431, 0.4557, 0.0396, 0.0233],
        [0.5304, 0.5036, 0.0268, 0.8976],
        [0.5076, 0.5172, 0.0495, 0.0254],
        [0.4118, 0.5350, 0.9687, 0.0340],
        [0.5100, 0.5631, 0.9635, 0.0389],
        [0.5718, 0.4681, 0.9305, 0.9254],
        [0.6710, 0.2916, 0.0147, 0.8781],
        [0.6013, 0.3892, 0.0386, 0.0519]], device='cuda:0',
       grad_fn=<SliceBackward0>)
2025-07-09 18:36:46,141 INFO: [57/300] Loss_total: 6.51013 Test_loss: 3.41948 Time: 1.33s
2025-07-09 18:36:47,194 INFO: In step 299, Pred_score1: tensor([0.6472], device='cuda:0', grad_fn=<SelectBackward0>), origin_score1: tensor([0.3341], device='cuda:0', grad_fn=<SelectBackward0>)
2025-07-09 18:36:47,195 INFO: origin_layout0: tensor([[0.3281, 0.6562, 1.0000, 1.0000],
        [0.7812, 0.5742, 1.0000, 1.0000],
        [0.5078, 0.4922, 1.0000, 1.0000],
        [0.4570, 0.3789, 0.0000, 0.0000],
        [0.2773, 0.7070, 1.0000, 0.0000],
        [0.3750, 0.4023, 1.0000, 0.0000],
        [0.5039, 0.4766, 1.0000, 1.0000]], device='cuda:0')
2025-07-09 18:36:47,197 INFO: refine_layout0: tensor([[0.4507, 0.4721, 0.9292, 0.9113],
        [0.6537, 0.3877, 0.9485, 0.9310],
        [0.4374, 0.2169, 0.9296, 0.9466],
        [0.6487, 0.3020, 0.0662, 0.1030],
        [0.4692, 0.3321, 0.8920, 0.0396],
        [0.4690, 0.3006, 0.9347, 0.0557],
        [0.4617, 0.2134, 0.9035, 0.8891]], device='cuda:0',
       grad_fn=<SliceBackward0>)
2025-07-09 18:36:47,484 INFO: [58/300] Loss_total: 6.50611 Test_loss: 2.71442 Time: 1.34s
2025-07-09 18:36:48,526 INFO: In step 299, Pred_score1: tensor([0.7761], device='cuda:0', grad_fn=<SelectBackward0>), origin_score1: tensor([0.3341], device='cuda:0', grad_fn=<SelectBackward0>)
2025-07-09 18:36:48,527 INFO: origin_layout0: tensor([[0.3711, 0.3516, 1.0000, 1.0000],
        [0.7188, 0.7070, 1.0000, 1.0000],
        [0.5234, 0.4688, 0.0000, 1.0000]], device='cuda:0')
2025-07-09 18:36:48,528 INFO: refine_layout0: tensor([[0.4780, 0.4448, 0.9259, 0.9368],
        [0.6450, 0.4403, 0.9515, 0.9360],
        [0.5670, 0.3087, 0.0161, 0.9040]], device='cuda:0',
       grad_fn=<SliceBackward0>)
2025-07-09 18:36:48,826 INFO: [59/300] Loss_total: 6.47774 Test_loss: 1.99990 Time: 1.34s
2025-07-09 18:36:49,867 INFO: In step 299, Pred_score1: tensor([0.1779], device='cuda:0', grad_fn=<SelectBackward0>), origin_score1: tensor([0.3341], device='cuda:0', grad_fn=<SelectBackward0>)
2025-07-09 18:36:49,868 INFO: origin_layout0: tensor([[0.2383, 0.4609, 1.0000, 1.0000],
        [0.2656, 0.4688, 0.0000, 0.0000],
        [0.8086, 0.6289, 1.0000, 1.0000],
        [0.7148, 0.5781, 0.0000, 0.0000],
        [0.5391, 0.6289, 1.0000, 0.0000],
        [0.7812, 0.5312, 1.0000, 0.0000]], device='cuda:0')
2025-07-09 18:36:49,870 INFO: refine_layout0: tensor([[0.3559, 0.3914, 0.9260, 0.9161],
        [0.4523, 0.4422, 0.0426, 0.0219],
        [0.6851, 0.4717, 0.9171, 0.8752],
        [0.6741, 0.4575, 0.0428, 0.0278],
        [0.4993, 0.4116, 0.9368, 0.0200],
        [0.6251, 0.4262, 0.9429, 0.0299]], device='cuda:0',
       grad_fn=<SliceBackward0>)
2025-07-09 18:36:50,172 INFO: [60/300] Loss_total: 6.46474 Test_loss: 2.58669 Time: 1.35s
2025-07-09 18:36:51,216 INFO: In step 299, Pred_score1: tensor([0.9422], device='cuda:0', grad_fn=<SelectBackward0>), origin_score1: tensor([0.3341], device='cuda:0', grad_fn=<SelectBackward0>)
2025-07-09 18:36:51,217 INFO: origin_layout0: tensor([[0.2656, 0.5234, 1.0000, 1.0000],
        [0.6953, 0.3164, 1.0000, 1.0000],
        [0.4531, 0.3203, 1.0000, 1.0000],
        [0.3984, 0.3828, 0.0000, 0.0000],
        [0.2461, 0.5039, 1.0000, 0.0000],
        [0.4375, 0.3594, 1.0000, 0.0000],
        [0.6328, 0.3125, 0.0000, 1.0000],
        [0.4141, 0.1836, 0.0000, 0.0000]], device='cuda:0')
2025-07-09 18:36:51,219 INFO: refine_layout0: tensor([[0.4162, 0.4645, 0.9339, 0.9266],
        [0.6034, 0.3405, 0.9506, 0.9513],
        [0.3568, 0.1972, 0.9427, 0.9638],
        [0.5837, 0.3036, 0.0694, 0.1008],
        [0.4137, 0.3354, 0.9178, 0.0384],
        [0.4582, 0.3313, 0.9487, 0.0531],
        [0.6150, 0.2687, 0.0367, 0.8892],
        [0.5425, 0.3208, 0.0466, 0.0769]], device='cuda:0',
       grad_fn=<SliceBackward0>)
2025-07-09 18:36:51,511 INFO: [61/300] Loss_total: 6.44960 Test_loss: 3.06764 Time: 1.34s
2025-07-09 18:36:52,861 INFO: In step 299, Pred_score1: tensor([0.6268], device='cuda:0', grad_fn=<SelectBackward0>), origin_score1: tensor([0.3341], device='cuda:0', grad_fn=<SelectBackward0>)
2025-07-09 18:36:52,862 INFO: origin_layout0: tensor([[0.3242, 0.5898, 1.0000, 1.0000],
        [0.2461, 0.6797, 0.0000, 0.0000],
        [0.5469, 0.2852, 1.0000, 1.0000],
        [0.4844, 0.4180, 0.0000, 0.0000],
        [0.3008, 0.5586, 1.0000, 0.0000]], device='cuda:0')
2025-07-09 18:36:52,864 INFO: refine_layout0: tensor([[0.4198, 0.4575, 0.9307, 0.9216],
        [0.4511, 0.4970, 0.0435, 0.0198],
        [0.5545, 0.3818, 0.9136, 0.8770],
        [0.5845, 0.4029, 0.0440, 0.0365],
        [0.3808, 0.3967, 0.9433, 0.0218]], device='cuda:0',
       grad_fn=<SliceBackward0>)
2025-07-09 18:36:53,283 INFO: [62/300] Loss_total: 6.42919 Test_loss: 2.35516 Time: 1.77s
2025-07-09 18:36:54,551 INFO: In step 299, Pred_score1: tensor([0.4003], device='cuda:0', grad_fn=<SelectBackward0>), origin_score1: tensor([0.3341], device='cuda:0', grad_fn=<SelectBackward0>)
2025-07-09 18:36:54,552 INFO: origin_layout0: tensor([[0.4336, 0.5312, 1.0000, 1.0000],
        [0.5977, 0.4766, 1.0000, 1.0000],
        [0.4258, 0.5352, 0.0000, 1.0000],
        [0.5586, 0.3594, 0.0000, 0.0000]], device='cuda:0')
2025-07-09 18:36:54,553 INFO: refine_layout0: tensor([[0.5200, 0.4907, 0.9356, 0.9319],
        [0.5652, 0.3582, 0.9518, 0.9476],
        [0.4895, 0.3017, 0.0179, 0.9129],
        [0.6311, 0.4113, 0.0478, 0.0503]], device='cuda:0',
       grad_fn=<SliceBackward0>)
2025-07-09 18:36:54,853 INFO: [63/300] Loss_total: 6.42280 Test_loss: 2.27931 Time: 1.57s
2025-07-09 18:36:55,912 INFO: In step 299, Pred_score1: tensor([0.4322], device='cuda:0', grad_fn=<SelectBackward0>), origin_score1: tensor([0.3341], device='cuda:0', grad_fn=<SelectBackward0>)
2025-07-09 18:36:55,913 INFO: origin_layout0: tensor([[0.2656, 0.5586, 1.0000, 1.0000],
        [0.1992, 0.4336, 0.0000, 0.0000],
        [0.2695, 0.1797, 0.0000, 1.0000]], device='cuda:0')
2025-07-09 18:36:55,914 INFO: refine_layout0: tensor([[0.3491, 0.4265, 0.9230, 0.9235],
        [0.4001, 0.4488, 0.0382, 0.0211],
        [0.4241, 0.3510, 0.0304, 0.9168]], device='cuda:0',
       grad_fn=<SliceBackward0>)
2025-07-09 18:36:56,218 INFO: [64/300] Loss_total: 6.41441 Test_loss: 2.42863 Time: 1.36s
2025-07-09 18:36:57,276 INFO: In step 299, Pred_score1: tensor([0.9277], device='cuda:0', grad_fn=<SelectBackward0>), origin_score1: tensor([0.3341], device='cuda:0', grad_fn=<SelectBackward0>)
2025-07-09 18:36:57,277 INFO: origin_layout0: tensor([[0.2852, 0.3125, 1.0000, 1.0000],
        [0.2969, 0.4766, 0.0000, 0.0000],
        [0.5859, 0.6680, 1.0000, 1.0000]], device='cuda:0')
2025-07-09 18:36:57,278 INFO: refine_layout0: tensor([[0.3575, 0.3428, 0.9207, 0.9145],
        [0.4667, 0.4288, 0.0444, 0.0233],
        [0.5965, 0.4561, 0.9172, 0.8549]], device='cuda:0',
       grad_fn=<SliceBackward0>)
2025-07-09 18:36:57,742 INFO: [65/300] Loss_total: 6.39835 Test_loss: 2.19317 Time: 1.52s
2025-07-09 18:36:58,781 INFO: In step 299, Pred_score1: tensor([0.7412], device='cuda:0', grad_fn=<SelectBackward0>), origin_score1: tensor([0.3341], device='cuda:0', grad_fn=<SelectBackward0>)
2025-07-09 18:36:58,782 INFO: origin_layout0: tensor([[0.3008, 0.5781, 1.0000, 1.0000],
        [0.1992, 0.4727, 0.0000, 0.0000],
        [0.6055, 0.5156, 1.0000, 1.0000],
        [0.5156, 0.5742, 0.0000, 0.0000],
        [0.2422, 0.4883, 1.0000, 0.0000]], device='cuda:0')
2025-07-09 18:36:58,783 INFO: refine_layout0: tensor([[0.4146, 0.4964, 0.9367, 0.9380],
        [0.3992, 0.4790, 0.0383, 0.0203],
        [0.6261, 0.5061, 0.9230, 0.8968],
        [0.5854, 0.4898, 0.0398, 0.0234],
        [0.3528, 0.4417, 0.9570, 0.0199]], device='cuda:0',
       grad_fn=<SliceBackward0>)
2025-07-09 18:36:59,067 INFO: [66/300] Loss_total: 6.38789 Test_loss: 2.45780 Time: 1.33s
2025-07-09 18:37:00,147 INFO: In step 299, Pred_score1: tensor([0.9717], device='cuda:0', grad_fn=<SelectBackward0>), origin_score1: tensor([0.3341], device='cuda:0', grad_fn=<SelectBackward0>)
2025-07-09 18:37:00,148 INFO: origin_layout0: tensor([[0.2734, 0.5586, 1.0000, 1.0000],
        [0.7070, 0.4062, 1.0000, 1.0000],
        [0.4609, 0.5430, 1.0000, 1.0000],
        [0.4062, 0.5508, 0.0000, 0.0000],
        [0.2266, 0.6680, 1.0000, 0.0000]], device='cuda:0')
2025-07-09 18:37:00,149 INFO: refine_layout0: tensor([[0.3594, 0.4446, 0.9269, 0.9248],
        [0.6489, 0.3752, 0.9443, 0.9490],
        [0.3847, 0.2475, 0.9425, 0.9604],
        [0.6349, 0.3632, 0.0707, 0.0680],
        [0.4195, 0.3869, 0.9172, 0.0287]], device='cuda:0',
       grad_fn=<SliceBackward0>)
2025-07-09 18:37:00,461 INFO: [67/300] Loss_total: 6.38053 Test_loss: 2.48987 Time: 1.39s
2025-07-09 18:37:01,533 INFO: In step 299, Pred_score1: tensor([0.3036], device='cuda:0', grad_fn=<SelectBackward0>), origin_score1: tensor([0.3341], device='cuda:0', grad_fn=<SelectBackward0>)
2025-07-09 18:37:01,534 INFO: origin_layout0: tensor([[0.3555, 0.4961, 1.0000, 1.0000],
        [0.2539, 0.3047, 0.0000, 0.0000],
        [0.6211, 0.4180, 1.0000, 1.0000],
        [0.5430, 0.4883, 0.0000, 0.0000],
        [0.3320, 0.3477, 1.0000, 0.0000],
        [0.4609, 0.2969, 1.0000, 0.0000]], device='cuda:0')
2025-07-09 18:37:01,535 INFO: refine_layout0: tensor([[0.4034, 0.4272, 0.9320, 0.9281],
        [0.3955, 0.4095, 0.0394, 0.0222],
        [0.5957, 0.4315, 0.9183, 0.8852],
        [0.5904, 0.4502, 0.0411, 0.0233],
        [0.3841, 0.3813, 0.9566, 0.0197],
        [0.4516, 0.3850, 0.9618, 0.0344]], device='cuda:0',
       grad_fn=<SliceBackward0>)
2025-07-09 18:37:01,818 INFO: [68/300] Loss_total: 6.35960 Test_loss: 2.59069 Time: 1.36s
2025-07-09 18:37:02,852 INFO: In step 299, Pred_score1: tensor([0.3271], device='cuda:0', grad_fn=<SelectBackward0>), origin_score1: tensor([0.3341], device='cuda:0', grad_fn=<SelectBackward0>)
2025-07-09 18:37:02,854 INFO: origin_layout0: tensor([[0.3789, 0.2617, 1.0000, 1.0000],
        [0.3867, 0.6992, 0.0000, 0.0000],
        [0.6016, 0.4219, 1.0000, 1.0000],
        [0.5625, 0.6484, 0.0000, 0.0000],
        [0.4336, 0.5312, 1.0000, 0.0000],
        [0.5195, 0.4258, 1.0000, 0.0000]], device='cuda:0')
2025-07-09 18:37:02,855 INFO: refine_layout0: tensor([[0.4003, 0.3532, 0.9288, 0.9476],
        [0.4637, 0.5247, 0.0378, 0.0136],
        [0.6256, 0.4637, 0.9076, 0.8777],
        [0.5956, 0.4986, 0.0402, 0.0175],
        [0.4393, 0.4495, 0.9567, 0.0154],
        [0.4984, 0.4381, 0.9584, 0.0277]], device='cuda:0',
       grad_fn=<SliceBackward0>)
2025-07-09 18:37:03,148 INFO: [69/300] Loss_total: 6.35237 Test_loss: 2.87347 Time: 1.33s
2025-07-09 18:37:04,305 INFO: In step 299, Pred_score1: tensor([0.], device='cuda:0', grad_fn=<SelectBackward0>), origin_score1: tensor([0.3341], device='cuda:0', grad_fn=<SelectBackward0>)
2025-07-09 18:37:04,306 INFO: origin_layout0: tensor([[0.4531, 0.4023, 1.0000, 1.0000],
        [0.5117, 0.6680, 1.0000, 1.0000],
        [0.6523, 0.5781, 1.0000, 1.0000]], device='cuda:0')
2025-07-09 18:37:04,307 INFO: refine_layout0: tensor([[0.4872, 0.4185, 0.9286, 0.9307],
        [0.5083, 0.3813, 0.9515, 0.9403],
        [0.5544, 0.2598, 0.9277, 0.9457]], device='cuda:0',
       grad_fn=<SliceBackward0>)
2025-07-09 18:37:04,732 INFO: [70/300] Loss_total: 6.34471 Test_loss: 2.07612 Time: 1.58s
2025-07-09 18:37:06,174 INFO: In step 299, Pred_score1: tensor([0.5745], device='cuda:0', grad_fn=<SelectBackward0>), origin_score1: tensor([0.3341], device='cuda:0', grad_fn=<SelectBackward0>)
2025-07-09 18:37:06,175 INFO: origin_layout0: tensor([[0.1406, 0.4492, 1.0000, 1.0000],
        [0.1562, 0.5156, 0.0000, 0.0000],
        [0.5938, 0.5156, 1.0000, 1.0000],
        [0.4961, 0.5469, 0.0000, 0.0000],
        [0.2344, 0.7148, 1.0000, 0.0000],
        [0.3945, 0.6484, 1.0000, 0.0000]], device='cuda:0')
2025-07-09 18:37:06,176 INFO: refine_layout0: tensor([[0.2230, 0.3618, 0.9305, 0.9234],
        [0.3750, 0.4622, 0.0453, 0.0174],
        [0.5921, 0.4724, 0.9164, 0.8706],
        [0.5851, 0.4626, 0.0408, 0.0215],
        [0.3282, 0.4775, 0.9514, 0.0153],
        [0.4537, 0.5004, 0.9586, 0.0217]], device='cuda:0',
       grad_fn=<SliceBackward0>)
2025-07-09 18:37:06,467 INFO: [71/300] Loss_total: 6.33536 Test_loss: 2.58913 Time: 1.74s
2025-07-09 18:37:07,515 INFO: In step 299, Pred_score1: tensor([0.7762], device='cuda:0', grad_fn=<SelectBackward0>), origin_score1: tensor([0.3341], device='cuda:0', grad_fn=<SelectBackward0>)
2025-07-09 18:37:07,517 INFO: origin_layout0: tensor([[0.2969, 0.4727, 1.0000, 1.0000],
        [0.4961, 0.4570, 1.0000, 1.0000],
        [0.7852, 0.4102, 1.0000, 1.0000],
        [0.5898, 0.4453, 0.0000, 0.0000],
        [0.2461, 0.4688, 1.0000, 0.0000],
        [0.7148, 0.4258, 1.0000, 1.0000]], device='cuda:0')
2025-07-09 18:37:07,519 INFO: refine_layout0: tensor([[0.3682, 0.4578, 0.9375, 0.9501],
        [0.5180, 0.3873, 0.9573, 0.9646],
        [0.6395, 0.2953, 0.9289, 0.9670],
        [0.6645, 0.3564, 0.0554, 0.0692],
        [0.3894, 0.3575, 0.9391, 0.0292],
        [0.6675, 0.3352, 0.8968, 0.9434]], device='cuda:0',
       grad_fn=<SliceBackward0>)
2025-07-09 18:37:07,835 INFO: [72/300] Loss_total: 6.32617 Test_loss: 2.73806 Time: 1.37s
2025-07-09 18:37:08,911 INFO: In step 299, Pred_score1: tensor([0.6795], device='cuda:0', grad_fn=<SelectBackward0>), origin_score1: tensor([0.3341], device='cuda:0', grad_fn=<SelectBackward0>)
2025-07-09 18:37:08,912 INFO: origin_layout0: tensor([[0.4648, 0.4453, 1.0000, 1.0000],
        [0.3906, 0.6367, 0.0000, 0.0000],
        [0.4688, 0.4258, 0.0000, 1.0000]], device='cuda:0')
2025-07-09 18:37:08,913 INFO: refine_layout0: tensor([[0.5466, 0.4337, 0.9212, 0.9250],
        [0.5302, 0.4811, 0.0466, 0.0224],
        [0.5542, 0.3677, 0.0201, 0.8862]], device='cuda:0',
       grad_fn=<SliceBackward0>)
2025-07-09 18:37:09,209 INFO: [73/300] Loss_total: 6.31468 Test_loss: 2.81519 Time: 1.37s
2025-07-09 18:37:10,253 INFO: In step 299, Pred_score1: tensor([0.6101], device='cuda:0', grad_fn=<SelectBackward0>), origin_score1: tensor([0.3341], device='cuda:0', grad_fn=<SelectBackward0>)
2025-07-09 18:37:10,254 INFO: origin_layout0: tensor([[0.3281, 0.4570, 1.0000, 1.0000],
        [0.2383, 0.3164, 0.0000, 0.0000],
        [0.6484, 0.4414, 1.0000, 1.0000],
        [0.5586, 0.3203, 0.0000, 0.0000],
        [0.2812, 0.5352, 1.0000, 0.0000],
        [0.4688, 0.3672, 1.0000, 0.0000],
        [0.6484, 0.4023, 1.0000, 1.0000]], device='cuda:0')
2025-07-09 18:37:10,255 INFO: refine_layout0: tensor([[0.3707, 0.3894, 0.9329, 0.9268],
        [0.3906, 0.3916, 0.0415, 0.0217],
        [0.6209, 0.4308, 0.9108, 0.8784],
        [0.6007, 0.3987, 0.0393, 0.0274],
        [0.3549, 0.4254, 0.9581, 0.0176],
        [0.4766, 0.4203, 0.9651, 0.0297],
        [0.6328, 0.3502, 0.8870, 0.9363]], device='cuda:0',
       grad_fn=<SliceBackward0>)
2025-07-09 18:37:10,551 INFO: [74/300] Loss_total: 6.30794 Test_loss: 2.68344 Time: 1.34s
2025-07-09 18:37:11,619 INFO: In step 299, Pred_score1: tensor([0.], device='cuda:0', grad_fn=<SelectBackward0>), origin_score1: tensor([0.3341], device='cuda:0', grad_fn=<SelectBackward0>)
2025-07-09 18:37:11,620 INFO: origin_layout0: tensor([[0.3750, 0.3438, 1.0000, 1.0000],
        [0.6211, 0.3906, 1.0000, 1.0000]], device='cuda:0')
2025-07-09 18:37:11,621 INFO: refine_layout0: tensor([[0.4649, 0.3809, 0.9242, 0.9226],
        [0.5406, 0.2586, 0.9392, 0.9621]], device='cuda:0',
       grad_fn=<SliceBackward0>)
2025-07-09 18:37:11,938 INFO: [75/300] Loss_total: 6.30632 Test_loss: 2.65328 Time: 1.39s
2025-07-09 18:37:12,989 INFO: In step 299, Pred_score1: tensor([0.9687], device='cuda:0', grad_fn=<SelectBackward0>), origin_score1: tensor([0.3341], device='cuda:0', grad_fn=<SelectBackward0>)
2025-07-09 18:37:12,991 INFO: origin_layout0: tensor([[0.2812, 0.3438, 1.0000, 1.0000],
        [0.7852, 0.7422, 1.0000, 1.0000],
        [0.5039, 0.3477, 1.0000, 1.0000],
        [0.4609, 0.7344, 0.0000, 0.0000],
        [0.3281, 0.5703, 1.0000, 0.0000],
        [0.4180, 0.5547, 1.0000, 0.0000],
        [0.4570, 0.4062, 1.0000, 1.0000],
        [0.2969, 0.4102, 0.0000, 0.0000],
        [0.3203, 0.5117, 0.0000, 0.0000]], device='cuda:0')
2025-07-09 18:37:12,992 INFO: refine_layout0: tensor([[0.3515, 0.3668, 0.9383, 0.9313],
        [0.7555, 0.5180, 0.9376, 0.9264],
        [0.3954, 0.1859, 0.9386, 0.9588],
        [0.6938, 0.4075, 0.0697, 0.0487],
        [0.4985, 0.3606, 0.9289, 0.0239],
        [0.5055, 0.3749, 0.9502, 0.0310],
        [0.4448, 0.2282, 0.9065, 0.8778],
        [0.5926, 0.2898, 0.0926, 0.0572],
        [0.5901, 0.4030, 0.0778, 0.0237]], device='cuda:0',
       grad_fn=<SliceBackward0>)
2025-07-09 18:37:13,283 INFO: [76/300] Loss_total: 6.28323 Test_loss: 3.07935 Time: 1.34s
2025-07-09 18:37:14,360 INFO: In step 299, Pred_score1: tensor([0.1166], device='cuda:0', grad_fn=<SelectBackward0>), origin_score1: tensor([0.3341], device='cuda:0', grad_fn=<SelectBackward0>)
2025-07-09 18:37:14,361 INFO: origin_layout0: tensor([[0.2539, 0.2891, 1.0000, 1.0000],
        [0.2656, 0.2969, 0.0000, 0.0000],
        [0.3359, 0.7852, 0.0000, 1.0000],
        [0.5234, 0.5742, 0.0000, 0.0000],
        [0.4219, 0.7070, 1.0000, 0.0000],
        [0.5508, 0.5078, 1.0000, 0.0000],
        [0.7695, 0.3359, 0.0000, 1.0000],
        [0.6719, 0.7070, 0.0000, 0.0000]], device='cuda:0')
2025-07-09 18:37:14,363 INFO: refine_layout0: tensor([[0.3221, 0.3624, 0.9394, 0.9607],
        [0.3468, 0.4030, 0.0395, 0.0252],
        [0.4678, 0.6089, 0.0154, 0.9219],
        [0.5539, 0.5931, 0.0462, 0.0170],
        [0.4434, 0.6803, 0.9793, 0.0247],
        [0.6033, 0.6094, 0.9720, 0.0432],
        [0.7499, 0.4175, 0.0189, 0.9583],
        [0.5558, 0.5781, 0.0297, 0.0144]], device='cuda:0',
       grad_fn=<SliceBackward0>)
2025-07-09 18:37:14,672 INFO: [77/300] Loss_total: 6.28623 Test_loss: 2.93274 Time: 1.39s
2025-07-09 18:37:15,735 INFO: In step 299, Pred_score1: tensor([0.8089], device='cuda:0', grad_fn=<SelectBackward0>), origin_score1: tensor([0.3341], device='cuda:0', grad_fn=<SelectBackward0>)
2025-07-09 18:37:15,736 INFO: origin_layout0: tensor([[0.2539, 0.6602, 1.0000, 1.0000],
        [0.7422, 0.4453, 1.0000, 1.0000],
        [0.4648, 0.5039, 1.0000, 1.0000],
        [0.4023, 0.6367, 0.0000, 0.0000],
        [0.4258, 0.5664, 1.0000, 0.0000]], device='cuda:0')
2025-07-09 18:37:15,737 INFO: refine_layout0: tensor([[0.3325, 0.4766, 0.9300, 0.9015],
        [0.6773, 0.3430, 0.9294, 0.9367],
        [0.3376, 0.1832, 0.9427, 0.9635],
        [0.6714, 0.3572, 0.0944, 0.0651],
        [0.5581, 0.3474, 0.9214, 0.0299]], device='cuda:0',
       grad_fn=<SliceBackward0>)
2025-07-09 18:37:16,081 INFO: [78/300] Loss_total: 6.26903 Test_loss: 2.52036 Time: 1.41s
2025-07-09 18:37:17,608 INFO: In step 299, Pred_score1: tensor([0.7756], device='cuda:0', grad_fn=<SelectBackward0>), origin_score1: tensor([0.3341], device='cuda:0', grad_fn=<SelectBackward0>)
2025-07-09 18:37:17,609 INFO: origin_layout0: tensor([[0.3086, 0.3359, 1.0000, 1.0000],
        [0.3203, 0.5234, 0.0000, 0.0000],
        [0.6211, 0.5508, 1.0000, 1.0000],
        [0.5664, 0.4492, 0.0000, 0.0000],
        [0.3828, 0.5820, 1.0000, 0.0000]], device='cuda:0')
2025-07-09 18:37:17,611 INFO: refine_layout0: tensor([[0.3376, 0.3454, 0.9322, 0.9360],
        [0.4473, 0.4771, 0.0360, 0.0136],
        [0.6351, 0.4998, 0.9064, 0.8612],
        [0.6113, 0.4441, 0.0376, 0.0198],
        [0.4057, 0.4518, 0.9587, 0.0146]], device='cuda:0',
       grad_fn=<SliceBackward0>)
2025-07-09 18:37:18,068 INFO: [79/300] Loss_total: 6.26481 Test_loss: 2.36801 Time: 1.99s
2025-07-09 18:37:19,123 INFO: In step 299, Pred_score1: tensor([0.4853], device='cuda:0', grad_fn=<SelectBackward0>), origin_score1: tensor([0.3341], device='cuda:0', grad_fn=<SelectBackward0>)
2025-07-09 18:37:19,124 INFO: origin_layout0: tensor([[0.2773, 0.3828, 1.0000, 1.0000],
        [0.2930, 0.4023, 0.0000, 0.0000],
        [0.6523, 0.5469, 1.0000, 1.0000],
        [0.5859, 0.4180, 0.0000, 0.0000],
        [0.3398, 0.4297, 1.0000, 0.0000],
        [0.4805, 0.6367, 1.0000, 0.0000],
        [0.4961, 0.6602, 1.0000, 1.0000]], device='cuda:0')
2025-07-09 18:37:19,125 INFO: refine_layout0: tensor([[0.3168, 0.3602, 0.9415, 0.9437],
        [0.4109, 0.4245, 0.0388, 0.0185],
        [0.6534, 0.5059, 0.9103, 0.8895],
        [0.6069, 0.4373, 0.0351, 0.0226],
        [0.3752, 0.3994, 0.9648, 0.0181],
        [0.4969, 0.5340, 0.9646, 0.0230],
        [0.5626, 0.4572, 0.8999, 0.9258]], device='cuda:0',
       grad_fn=<SliceBackward0>)
2025-07-09 18:37:19,424 INFO: [80/300] Loss_total: 6.25403 Test_loss: 3.06081 Time: 1.36s
2025-07-09 18:37:20,481 INFO: In step 299, Pred_score1: tensor([0.8666], device='cuda:0', grad_fn=<SelectBackward0>), origin_score1: tensor([0.3341], device='cuda:0', grad_fn=<SelectBackward0>)
2025-07-09 18:37:20,482 INFO: origin_layout0: tensor([[0.3906, 0.3477, 1.0000, 1.0000],
        [0.4023, 0.5742, 0.0000, 0.0000],
        [0.6953, 0.6172, 1.0000, 1.0000],
        [0.6484, 0.4375, 0.0000, 0.0000],
        [0.4648, 0.6875, 1.0000, 0.0000]], device='cuda:0')
2025-07-09 18:37:20,483 INFO: refine_layout0: tensor([[0.3984, 0.3752, 0.9391, 0.9514],
        [0.4576, 0.5148, 0.0328, 0.0127],
        [0.6910, 0.5682, 0.9031, 0.8716],
        [0.6122, 0.4549, 0.0349, 0.0194],
        [0.4369, 0.5294, 0.9606, 0.0132]], device='cuda:0',
       grad_fn=<SliceBackward0>)
2025-07-09 18:37:20,780 INFO: [81/300] Loss_total: 6.25376 Test_loss: 2.23346 Time: 1.36s
2025-07-09 18:37:21,829 INFO: In step 299, Pred_score1: tensor([0.9882], device='cuda:0', grad_fn=<SelectBackward0>), origin_score1: tensor([0.3341], device='cuda:0', grad_fn=<SelectBackward0>)
2025-07-09 18:37:21,831 INFO: origin_layout0: tensor([[0.2930, 0.6172, 1.0000, 1.0000],
        [0.6602, 0.3984, 1.0000, 1.0000],
        [0.4648, 0.1523, 1.0000, 1.0000],
        [0.4180, 0.4883, 0.0000, 0.0000],
        [0.2734, 0.7500, 1.0000, 0.0000],
        [0.4375, 0.3047, 1.0000, 0.0000],
        [0.2266, 0.6055, 0.0000, 0.0000]], device='cuda:0')
2025-07-09 18:37:21,832 INFO: refine_layout0: tensor([[0.3417, 0.4730, 0.9381, 0.9213],
        [0.6085, 0.3206, 0.9427, 0.9476],
        [0.3019, 0.1118, 0.9495, 0.9768],
        [0.6003, 0.3122, 0.0874, 0.0834],
        [0.4484, 0.4489, 0.9305, 0.0277],
        [0.4956, 0.3273, 0.9586, 0.0409],
        [0.5238, 0.4535, 0.0803, 0.0279]], device='cuda:0',
       grad_fn=<SliceBackward0>)
2025-07-09 18:37:22,132 INFO: [82/300] Loss_total: 6.24407 Test_loss: 2.82985 Time: 1.35s
2025-07-09 18:37:23,175 INFO: In step 299, Pred_score1: tensor([0.6816], device='cuda:0', grad_fn=<SelectBackward0>), origin_score1: tensor([0.3341], device='cuda:0', grad_fn=<SelectBackward0>)
2025-07-09 18:37:23,176 INFO: origin_layout0: tensor([[0.4180, 0.3867, 1.0000, 1.0000],
        [0.6211, 0.7539, 1.0000, 1.0000],
        [0.5273, 0.4180, 0.0000, 1.0000],
        [0.6719, 0.4883, 0.0000, 0.0000],
        [0.4844, 0.7188, 1.0000, 0.0000],
        [0.5859, 0.6836, 1.0000, 0.0000]], device='cuda:0')
2025-07-09 18:37:23,177 INFO: refine_layout0: tensor([[0.4664, 0.4137, 0.9420, 0.9591],
        [0.6631, 0.5436, 0.9465, 0.9469],
        [0.5634, 0.3034, 0.0135, 0.9281],
        [0.6654, 0.4473, 0.0391, 0.0292],
        [0.4664, 0.5604, 0.9661, 0.0168],
        [0.6005, 0.5963, 0.9650, 0.0259]], device='cuda:0',
       grad_fn=<SliceBackward0>)
2025-07-09 18:37:23,461 INFO: [83/300] Loss_total: 6.24165 Test_loss: 2.08030 Time: 1.33s
2025-07-09 18:37:24,507 INFO: In step 299, Pred_score1: tensor([0.2117], device='cuda:0', grad_fn=<SelectBackward0>), origin_score1: tensor([0.3341], device='cuda:0', grad_fn=<SelectBackward0>)
2025-07-09 18:37:24,508 INFO: origin_layout0: tensor([[0.3945, 0.4414, 1.0000, 1.0000],
        [0.6016, 0.3906, 1.0000, 1.0000],
        [0.3867, 0.4453, 0.0000, 1.0000]], device='cuda:0')
2025-07-09 18:37:24,509 INFO: refine_layout0: tensor([[0.4292, 0.4076, 0.9353, 0.9414],
        [0.5706, 0.2993, 0.9468, 0.9563],
        [0.4243, 0.2821, 0.0177, 0.9342]], device='cuda:0',
       grad_fn=<SliceBackward0>)
2025-07-09 18:37:24,803 INFO: [84/300] Loss_total: 6.22951 Test_loss: 2.05479 Time: 1.34s
2025-07-09 18:37:25,852 INFO: In step 299, Pred_score1: tensor([0.7035], device='cuda:0', grad_fn=<SelectBackward0>), origin_score1: tensor([0.3341], device='cuda:0', grad_fn=<SelectBackward0>)
2025-07-09 18:37:25,853 INFO: origin_layout0: tensor([[0.3555, 0.6523, 1.0000, 1.0000],
        [0.2617, 0.6484, 0.0000, 0.0000],
        [0.5391, 0.5664, 1.0000, 1.0000],
        [0.4922, 0.2930, 0.0000, 0.0000],
        [0.3125, 0.2969, 1.0000, 0.0000]], device='cuda:0')
2025-07-09 18:37:25,855 INFO: refine_layout0: tensor([[0.4264, 0.5246, 0.9477, 0.9283],
        [0.4161, 0.5286, 0.0356, 0.0119],
        [0.5818, 0.4956, 0.9173, 0.8563],
        [0.5634, 0.3662, 0.0380, 0.0264],
        [0.3687, 0.3274, 0.9633, 0.0205]], device='cuda:0',
       grad_fn=<SliceBackward0>)
2025-07-09 18:37:26,137 INFO: [85/300] Loss_total: 6.21603 Test_loss: 2.38283 Time: 1.33s
2025-07-09 18:37:27,197 INFO: In step 299, Pred_score1: tensor([0.7143], device='cuda:0', grad_fn=<SelectBackward0>), origin_score1: tensor([0.3341], device='cuda:0', grad_fn=<SelectBackward0>)
2025-07-09 18:37:27,198 INFO: origin_layout0: tensor([[0.3906, 0.5391, 1.0000, 1.0000],
        [0.3398, 0.2812, 0.0000, 0.0000],
        [0.5547, 0.2031, 1.0000, 1.0000],
        [0.5078, 0.3047, 0.0000, 0.0000],
        [0.3594, 0.5703, 1.0000, 0.0000]], device='cuda:0')
2025-07-09 18:37:27,200 INFO: refine_layout0: tensor([[0.4331, 0.4439, 0.9280, 0.9204],
        [0.4256, 0.3688, 0.0375, 0.0214],
        [0.5211, 0.2832, 0.9032, 0.8824],
        [0.5568, 0.3705, 0.0355, 0.0245],
        [0.3794, 0.4715, 0.9613, 0.0151]], device='cuda:0',
       grad_fn=<SliceBackward0>)
2025-07-09 18:37:27,493 INFO: [86/300] Loss_total: 6.20988 Test_loss: 2.51212 Time: 1.36s
2025-07-09 18:37:28,753 INFO: In step 299, Pred_score1: tensor([0.6814], device='cuda:0', grad_fn=<SelectBackward0>), origin_score1: tensor([0.3341], device='cuda:0', grad_fn=<SelectBackward0>)
2025-07-09 18:37:28,755 INFO: origin_layout0: tensor([[0.3203, 0.5625, 1.0000, 1.0000],
        [0.2344, 0.3125, 0.0000, 0.0000],
        [0.5273, 0.4258, 1.0000, 1.0000],
        [0.4688, 0.3984, 0.0000, 0.0000],
        [0.2695, 0.4844, 1.0000, 0.0000],
        [0.3516, 0.4883, 1.0000, 0.0000]], device='cuda:0')
2025-07-09 18:37:28,756 INFO: refine_layout0: tensor([[0.3923, 0.4863, 0.9478, 0.9304],
        [0.3458, 0.3776, 0.0396, 0.0214],
        [0.5465, 0.4326, 0.9188, 0.8922],
        [0.5458, 0.4273, 0.0326, 0.0199],
        [0.3350, 0.4482, 0.9667, 0.0150],
        [0.4118, 0.4850, 0.9719, 0.0236]], device='cuda:0',
       grad_fn=<SliceBackward0>)
2025-07-09 18:37:29,148 INFO: [87/300] Loss_total: 6.20592 Test_loss: 2.64402 Time: 1.66s
2025-07-09 18:37:30,522 INFO: In step 299, Pred_score1: tensor([0.2363], device='cuda:0', grad_fn=<SelectBackward0>), origin_score1: tensor([0.3341], device='cuda:0', grad_fn=<SelectBackward0>)
2025-07-09 18:37:30,524 INFO: origin_layout0: tensor([[0.2695, 0.1562, 1.0000, 1.0000],
        [0.2812, 0.4297, 0.0000, 0.0000],
        [0.3711, 0.4258, 0.0000, 1.0000],
        [0.4805, 0.8164, 0.0000, 0.0000],
        [0.4961, 0.6172, 1.0000, 0.0000],
        [0.5859, 0.6680, 1.0000, 0.0000],
        [0.7656, 0.4688, 0.0000, 1.0000]], device='cuda:0')
2025-07-09 18:37:30,525 INFO: refine_layout0: tensor([[0.3242, 0.2927, 0.9449, 0.9520],
        [0.3556, 0.4460, 0.0366, 0.0184],
        [0.4491, 0.4412, 0.0172, 0.9428],
        [0.4854, 0.6532, 0.0398, 0.0117],
        [0.4866, 0.6612, 0.9803, 0.0171],
        [0.6325, 0.7010, 0.9708, 0.0321],
        [0.7563, 0.4727, 0.0162, 0.9527]], device='cuda:0',
       grad_fn=<SliceBackward0>)
2025-07-09 18:37:30,817 INFO: [88/300] Loss_total: 6.20548 Test_loss: 2.62791 Time: 1.67s
2025-07-09 18:37:31,850 INFO: In step 299, Pred_score1: tensor([0.2065], device='cuda:0', grad_fn=<SelectBackward0>), origin_score1: tensor([0.3341], device='cuda:0', grad_fn=<SelectBackward0>)
2025-07-09 18:37:31,851 INFO: origin_layout0: tensor([[0.2227, 0.5781, 1.0000, 1.0000],
        [0.1680, 0.3945, 0.0000, 0.0000],
        [0.2227, 0.4414, 0.0000, 1.0000],
        [0.5664, 0.2578, 0.0000, 0.0000],
        [0.3203, 0.4258, 1.0000, 0.0000],
        [0.4805, 0.3594, 1.0000, 0.0000],
        [0.5742, 0.3047, 1.0000, 1.0000],
        [0.8281, 0.2930, 0.0000, 0.0000],
        [0.3359, 0.3086, 0.0000, 0.0000]], device='cuda:0')
2025-07-09 18:37:31,853 INFO: refine_layout0: tensor([[0.3016, 0.4809, 0.9508, 0.9492],
        [0.3136, 0.4272, 0.0425, 0.0208],
        [0.3436, 0.4365, 0.0202, 0.9397],
        [0.5399, 0.4339, 0.0372, 0.0237],
        [0.3370, 0.5331, 0.9842, 0.0270],
        [0.5287, 0.5246, 0.9800, 0.0487],
        [0.6414, 0.4052, 0.9042, 0.9784],
        [0.6407, 0.4257, 0.0285, 0.0262],
        [0.3444, 0.4222, 0.0390, 0.0207]], device='cuda:0',
       grad_fn=<SliceBackward0>)
2025-07-09 18:37:32,146 INFO: [89/300] Loss_total: 6.19257 Test_loss: 2.80237 Time: 1.33s
2025-07-09 18:37:33,194 INFO: In step 299, Pred_score1: tensor([0.6397], device='cuda:0', grad_fn=<SelectBackward0>), origin_score1: tensor([0.3341], device='cuda:0', grad_fn=<SelectBackward0>)
2025-07-09 18:37:33,196 INFO: origin_layout0: tensor([[0.3242, 0.6367, 1.0000, 1.0000],
        [0.2422, 0.3750, 0.0000, 0.0000],
        [0.5000, 0.4805, 1.0000, 1.0000],
        [0.4492, 0.5195, 0.0000, 0.0000],
        [0.3047, 0.5703, 1.0000, 0.0000],
        [0.5156, 0.3320, 1.0000, 0.0000],
        [0.3047, 0.5664, 0.0000, 0.0000]], device='cuda:0')
2025-07-09 18:37:33,197 INFO: refine_layout0: tensor([[0.4134, 0.5377, 0.9470, 0.9313],
        [0.3561, 0.4154, 0.0370, 0.0185],
        [0.5480, 0.4729, 0.9193, 0.8876],
        [0.5437, 0.4875, 0.0324, 0.0163],
        [0.3572, 0.5021, 0.9664, 0.0122],
        [0.4991, 0.4371, 0.9691, 0.0259],
        [0.4173, 0.5285, 0.0325, 0.0172]], device='cuda:0',
       grad_fn=<SliceBackward0>)
2025-07-09 18:37:33,487 INFO: [90/300] Loss_total: 6.19055 Test_loss: 2.68098 Time: 1.34s
2025-07-09 18:37:34,556 INFO: In step 299, Pred_score1: tensor([0.7956], device='cuda:0', grad_fn=<SelectBackward0>), origin_score1: tensor([0.3341], device='cuda:0', grad_fn=<SelectBackward0>)
2025-07-09 18:37:34,557 INFO: origin_layout0: tensor([[0.4766, 0.4805, 1.0000, 1.0000],
        [0.3281, 0.3906, 0.0000, 0.0000],
        [0.4727, 0.4883, 0.0000, 1.0000]], device='cuda:0')
2025-07-09 18:37:34,558 INFO: refine_layout0: tensor([[0.4963, 0.4468, 0.9250, 0.9162],
        [0.4367, 0.4107, 0.0345, 0.0157],
        [0.4897, 0.4105, 0.0147, 0.8912]], device='cuda:0',
       grad_fn=<SliceBackward0>)
2025-07-09 18:37:34,853 INFO: [91/300] Loss_total: 6.18231 Test_loss: 2.42765 Time: 1.37s
2025-07-09 18:37:35,919 INFO: In step 299, Pred_score1: tensor([0.5716], device='cuda:0', grad_fn=<SelectBackward0>), origin_score1: tensor([0.3341], device='cuda:0', grad_fn=<SelectBackward0>)
2025-07-09 18:37:35,921 INFO: origin_layout0: tensor([[0.1406, 0.4492, 1.0000, 1.0000],
        [0.1562, 0.5156, 0.0000, 0.0000],
        [0.5938, 0.5156, 1.0000, 1.0000],
        [0.4961, 0.5469, 0.0000, 0.0000],
        [0.2344, 0.7148, 1.0000, 0.0000],
        [0.3945, 0.6484, 1.0000, 0.0000]], device='cuda:0')
2025-07-09 18:37:35,922 INFO: refine_layout0: tensor([[0.1956, 0.3559, 0.9479, 0.9333],
        [0.3597, 0.4690, 0.0412, 0.0137],
        [0.5906, 0.4778, 0.9089, 0.8536],
        [0.5915, 0.4754, 0.0353, 0.0158],
        [0.3390, 0.5392, 0.9593, 0.0125],
        [0.4464, 0.5395, 0.9638, 0.0150]], device='cuda:0',
       grad_fn=<SliceBackward0>)
2025-07-09 18:37:36,216 INFO: [92/300] Loss_total: 6.18240 Test_loss: 2.21886 Time: 1.36s
2025-07-09 18:37:37,348 INFO: In step 299, Pred_score1: tensor([0.3002], device='cuda:0', grad_fn=<SelectBackward0>), origin_score1: tensor([0.3341], device='cuda:0', grad_fn=<SelectBackward0>)
2025-07-09 18:37:37,349 INFO: origin_layout0: tensor([[0.3711, 0.3906, 1.0000, 1.0000],
        [0.3828, 0.6094, 0.0000, 0.0000],
        [0.6914, 0.6328, 1.0000, 1.0000],
        [0.6406, 0.4180, 0.0000, 0.0000],
        [0.4336, 0.6094, 1.0000, 0.0000],
        [0.5430, 0.6172, 1.0000, 0.0000]], device='cuda:0')
2025-07-09 18:37:37,351 INFO: refine_layout0: tensor([[0.4097, 0.4158, 0.9473, 0.9592],
        [0.4370, 0.5619, 0.0309, 0.0128],
        [0.7096, 0.6198, 0.9000, 0.8789],
        [0.5825, 0.4545, 0.0296, 0.0184],
        [0.4128, 0.5455, 0.9678, 0.0121],
        [0.5552, 0.6022, 0.9661, 0.0191]], device='cuda:0',
       grad_fn=<SliceBackward0>)
2025-07-09 18:37:37,656 INFO: [93/300] Loss_total: 6.17499 Test_loss: 2.82889 Time: 1.44s
2025-07-09 18:37:38,782 INFO: In step 299, Pred_score1: tensor([0.8316], device='cuda:0', grad_fn=<SelectBackward0>), origin_score1: tensor([0.3341], device='cuda:0', grad_fn=<SelectBackward0>)
2025-07-09 18:37:38,783 INFO: origin_layout0: tensor([[0.4102, 0.5391, 1.0000, 1.0000],
        [0.5352, 0.5234, 1.0000, 1.0000],
        [0.4023, 0.6992, 0.0000, 1.0000],
        [0.4922, 0.4648, 0.0000, 1.0000],
        [0.4648, 0.4531, 1.0000, 0.0000]], device='cuda:0')
2025-07-09 18:37:38,784 INFO: refine_layout0: tensor([[0.4699, 0.5034, 0.9497, 0.9471],
        [0.5525, 0.3989, 0.9553, 0.9608],
        [0.4472, 0.4331, 0.0113, 0.9262],
        [0.5845, 0.2834, 0.0103, 0.9263],
        [0.4980, 0.3228, 0.9580, 0.0365]], device='cuda:0',
       grad_fn=<SliceBackward0>)
2025-07-09 18:37:39,080 INFO: [94/300] Loss_total: 6.17308 Test_loss: 2.55657 Time: 1.42s
2025-07-09 18:37:40,269 INFO: In step 299, Pred_score1: tensor([0.8573], device='cuda:0', grad_fn=<SelectBackward0>), origin_score1: tensor([0.3341], device='cuda:0', grad_fn=<SelectBackward0>)
2025-07-09 18:37:40,270 INFO: origin_layout0: tensor([[0.3477, 0.6016, 1.0000, 1.0000],
        [0.2734, 0.3281, 0.0000, 0.0000],
        [0.5195, 0.4609, 1.0000, 1.0000],
        [0.4727, 0.1875, 0.0000, 0.0000]], device='cuda:0')
2025-07-09 18:37:40,272 INFO: refine_layout0: tensor([[0.3892, 0.4989, 0.9380, 0.9267],
        [0.3744, 0.3887, 0.0358, 0.0171],
        [0.5269, 0.4360, 0.9131, 0.8799],
        [0.5121, 0.3234, 0.0363, 0.0261]], device='cuda:0',
       grad_fn=<SliceBackward0>)
2025-07-09 18:37:40,669 INFO: [95/300] Loss_total: 6.16205 Test_loss: 2.36291 Time: 1.59s
2025-07-09 18:37:42,197 INFO: In step 299, Pred_score1: tensor([0.8482], device='cuda:0', grad_fn=<SelectBackward0>), origin_score1: tensor([0.3341], device='cuda:0', grad_fn=<SelectBackward0>)
2025-07-09 18:37:42,198 INFO: origin_layout0: tensor([[0.3828, 0.4023, 1.0000, 1.0000],
        [0.6016, 0.2500, 1.0000, 1.0000],
        [0.3711, 0.3516, 0.0000, 1.0000],
        [0.3008, 0.2617, 0.0000, 1.0000],
        [0.2539, 0.3945, 1.0000, 0.0000]], device='cuda:0')
2025-07-09 18:37:42,199 INFO: refine_layout0: tensor([[0.4188, 0.4001, 0.9477, 0.9598],
        [0.5826, 0.2520, 0.9540, 0.9728],
        [0.4107, 0.2917, 0.0201, 0.9604],
        [0.3842, 0.2183, 0.0210, 0.9629],
        [0.3186, 0.3002, 0.9598, 0.0726]], device='cuda:0',
       grad_fn=<SliceBackward0>)
2025-07-09 18:37:42,485 INFO: [96/300] Loss_total: 6.15440 Test_loss: 2.28664 Time: 1.82s
2025-07-09 18:37:43,546 INFO: In step 299, Pred_score1: tensor([0.4606], device='cuda:0', grad_fn=<SelectBackward0>), origin_score1: tensor([0.3341], device='cuda:0', grad_fn=<SelectBackward0>)
2025-07-09 18:37:43,547 INFO: origin_layout0: tensor([[0.2969, 0.4805, 1.0000, 1.0000],
        [0.2188, 0.7266, 0.0000, 0.0000],
        [0.5781, 0.3359, 1.0000, 1.0000],
        [0.5039, 0.4258, 0.0000, 0.0000],
        [0.2656, 0.5820, 1.0000, 0.0000],
        [0.5625, 0.3672, 1.0000, 0.0000],
        [0.2422, 0.5547, 0.0000, 0.0000]], device='cuda:0')
2025-07-09 18:37:43,549 INFO: refine_layout0: tensor([[0.3224, 0.4222, 0.9517, 0.9490],
        [0.3887, 0.6096, 0.0339, 0.0100],
        [0.5684, 0.3821, 0.9085, 0.8675],
        [0.5517, 0.4343, 0.0315, 0.0166],
        [0.3252, 0.5045, 0.9664, 0.0135],
        [0.5118, 0.4354, 0.9683, 0.0211],
        [0.3946, 0.5158, 0.0331, 0.0166]], device='cuda:0',
       grad_fn=<SliceBackward0>)
2025-07-09 18:37:43,843 INFO: [97/300] Loss_total: 6.17050 Test_loss: 2.65873 Time: 1.36s
2025-07-09 18:37:44,905 INFO: In step 299, Pred_score1: tensor([0.9140], device='cuda:0', grad_fn=<SelectBackward0>), origin_score1: tensor([0.3341], device='cuda:0', grad_fn=<SelectBackward0>)
2025-07-09 18:37:44,906 INFO: origin_layout0: tensor([[0.2500, 0.4453, 1.0000, 1.0000],
        [0.8359, 0.7930, 1.0000, 1.0000],
        [0.5742, 0.5977, 1.0000, 1.0000],
        [0.5156, 0.5703, 0.0000, 0.0000],
        [0.3320, 0.5977, 1.0000, 0.0000],
        [0.5234, 0.5312, 1.0000, 0.0000]], device='cuda:0')
2025-07-09 18:37:44,907 INFO: refine_layout0: tensor([[0.3010, 0.4141, 0.9531, 0.9563],
        [0.8182, 0.6648, 0.9187, 0.9190],
        [0.4875, 0.2917, 0.9372, 0.9652],
        [0.7003, 0.3690, 0.0696, 0.0503],
        [0.5195, 0.3912, 0.9389, 0.0188],
        [0.5720, 0.4220, 0.9551, 0.0227]], device='cuda:0',
       grad_fn=<SliceBackward0>)
2025-07-09 18:37:45,219 INFO: [98/300] Loss_total: 6.15718 Test_loss: 2.39301 Time: 1.38s
2025-07-09 18:37:46,290 INFO: In step 299, Pred_score1: tensor([0.6002], device='cuda:0', grad_fn=<SelectBackward0>), origin_score1: tensor([0.3341], device='cuda:0', grad_fn=<SelectBackward0>)
2025-07-09 18:37:46,291 INFO: origin_layout0: tensor([[0.4023, 0.3438, 1.0000, 1.0000],
        [0.4141, 0.3750, 0.0000, 0.0000],
        [0.6758, 0.5039, 1.0000, 1.0000],
        [0.6211, 0.7305, 0.0000, 0.0000],
        [0.4492, 0.7070, 1.0000, 0.0000]], device='cuda:0')
2025-07-09 18:37:46,292 INFO: refine_layout0: tensor([[0.4268, 0.3548, 0.9437, 0.9593],
        [0.4436, 0.4251, 0.0305, 0.0154],
        [0.6788, 0.5153, 0.8988, 0.8982],
        [0.5992, 0.6021, 0.0301, 0.0111],
        [0.4384, 0.5913, 0.9651, 0.0087]], device='cuda:0',
       grad_fn=<SliceBackward0>)
2025-07-09 18:37:46,574 INFO: [99/300] Loss_total: 6.14656 Test_loss: 2.53976 Time: 1.36s
2025-07-09 18:37:47,646 INFO: In step 299, Pred_score1: tensor([0.7240], device='cuda:0', grad_fn=<SelectBackward0>), origin_score1: tensor([0.3341], device='cuda:0', grad_fn=<SelectBackward0>)
2025-07-09 18:37:47,647 INFO: origin_layout0: tensor([[0.2852, 0.5547, 1.0000, 1.0000],
        [0.1719, 0.3203, 0.0000, 0.0000],
        [0.5586, 0.3750, 1.0000, 1.0000],
        [0.4805, 0.3672, 0.0000, 0.0000],
        [0.2461, 0.3750, 1.0000, 0.0000]], device='cuda:0')
2025-07-09 18:37:47,648 INFO: refine_layout0: tensor([[0.3193, 0.4577, 0.9418, 0.9260],
        [0.3299, 0.3688, 0.0394, 0.0179],
        [0.5418, 0.3885, 0.9116, 0.8789],
        [0.5505, 0.4074, 0.0320, 0.0167],
        [0.3317, 0.3845, 0.9681, 0.0159]], device='cuda:0',
       grad_fn=<SliceBackward0>)
2025-07-09 18:37:47,947 INFO: [100/300] Loss_total: 6.13905 Test_loss: 2.41856 Time: 1.37s
2025-07-09 18:37:49,009 INFO: In step 299, Pred_score1: tensor([0.2978], device='cuda:0', grad_fn=<SelectBackward0>), origin_score1: tensor([0.3341], device='cuda:0', grad_fn=<SelectBackward0>)
2025-07-09 18:37:49,010 INFO: origin_layout0: tensor([[0.2539, 0.6445, 1.0000, 1.0000],
        [0.1914, 0.5156, 0.0000, 0.0000],
        [0.2578, 0.2266, 0.0000, 1.0000],
        [0.3828, 0.3633, 0.0000, 0.0000],
        [0.4688, 0.5195, 1.0000, 1.0000],
        [0.2695, 0.3438, 1.0000, 0.0000],
        [0.3477, 0.3828, 1.0000, 1.0000],
        [0.5000, 0.3398, 0.0000, 0.0000]], device='cuda:0')
2025-07-09 18:37:49,012 INFO: refine_layout0: tensor([[0.3211, 0.5014, 0.9293, 0.9018],
        [0.4090, 0.4715, 0.0371, 0.0127],
        [0.3429, 0.2613, 0.0249, 0.8980],
        [0.4449, 0.4126, 0.0324, 0.0166],
        [0.5241, 0.4839, 0.9207, 0.8992],
        [0.3666, 0.3337, 0.9744, 0.0204],
        [0.3767, 0.2865, 0.9202, 0.9497],
        [0.6363, 0.3270, 0.0533, 0.0333]], device='cuda:0',
       grad_fn=<SliceBackward0>)
2025-07-09 18:37:49,304 INFO: [101/300] Loss_total: 6.13585 Test_loss: 2.61460 Time: 1.36s
2025-07-09 18:37:50,345 INFO: In step 299, Pred_score1: tensor([0.1114], device='cuda:0', grad_fn=<SelectBackward0>), origin_score1: tensor([0.3341], device='cuda:0', grad_fn=<SelectBackward0>)
2025-07-09 18:37:50,346 INFO: origin_layout0: tensor([[0.4219, 0.4844, 1.0000, 1.0000],
        [0.7500, 0.4414, 1.0000, 1.0000],
        [0.4102, 0.4688, 0.0000, 1.0000]], device='cuda:0')
2025-07-09 18:37:50,347 INFO: refine_layout0: tensor([[0.4566, 0.4509, 0.9349, 0.9408],
        [0.7040, 0.3674, 0.9325, 0.9471],
        [0.4298, 0.3256, 0.0134, 0.9380]], device='cuda:0',
       grad_fn=<SliceBackward0>)
2025-07-09 18:37:50,639 INFO: [102/300] Loss_total: 6.13239 Test_loss: 2.37067 Time: 1.34s
2025-07-09 18:37:51,690 INFO: In step 299, Pred_score1: tensor([0.4132], device='cuda:0', grad_fn=<SelectBackward0>), origin_score1: tensor([0.3341], device='cuda:0', grad_fn=<SelectBackward0>)
2025-07-09 18:37:51,692 INFO: origin_layout0: tensor([[0.2461, 0.3750, 1.0000, 1.0000],
        [0.2578, 0.6719, 0.0000, 0.0000],
        [0.6055, 0.5977, 1.0000, 1.0000],
        [0.5391, 0.6680, 0.0000, 0.0000],
        [0.5781, 0.5781, 1.0000, 0.0000],
        [0.7383, 0.4609, 1.0000, 0.0000],
        [0.8594, 0.4180, 1.0000, 1.0000],
        [0.5742, 0.4062, 0.0000, 0.0000]], device='cuda:0')
2025-07-09 18:37:51,694 INFO: refine_layout0: tensor([[0.3350, 0.3463, 0.9352, 0.9119],
        [0.5044, 0.5409, 0.0479, 0.0149],
        [0.5862, 0.4612, 0.8840, 0.7660],
        [0.6883, 0.5079, 0.0483, 0.0146],
        [0.5779, 0.4307, 0.9436, 0.0092],
        [0.6243, 0.4364, 0.9469, 0.0124],
        [0.7408, 0.3650, 0.8362, 0.8809],
        [0.6495, 0.3475, 0.0408, 0.0176]], device='cuda:0',
       grad_fn=<SliceBackward0>)
2025-07-09 18:37:51,989 INFO: [103/300] Loss_total: 6.13574 Test_loss: 2.97559 Time: 1.35s
2025-07-09 18:37:53,393 INFO: In step 299, Pred_score1: tensor([0.8169], device='cuda:0', grad_fn=<SelectBackward0>), origin_score1: tensor([0.3341], device='cuda:0', grad_fn=<SelectBackward0>)
2025-07-09 18:37:53,394 INFO: origin_layout0: tensor([[0.2891, 0.5742, 1.0000, 1.0000],
        [0.1211, 0.3945, 0.0000, 0.0000],
        [0.6328, 0.4961, 1.0000, 1.0000],
        [0.5352, 0.4297, 0.0000, 0.0000],
        [0.2148, 0.5352, 1.0000, 0.0000]], device='cuda:0')
2025-07-09 18:37:53,396 INFO: refine_layout0: tensor([[0.3296, 0.4717, 0.9300, 0.9070],
        [0.3397, 0.3875, 0.0416, 0.0178],
        [0.6003, 0.4587, 0.8924, 0.8387],
        [0.6007, 0.4274, 0.0341, 0.0155],
        [0.3296, 0.4573, 0.9611, 0.0140]], device='cuda:0',
       grad_fn=<SliceBackward0>)
2025-07-09 18:37:53,851 INFO: [104/300] Loss_total: 6.12572 Test_loss: 2.32352 Time: 1.86s
2025-07-09 18:37:55,022 INFO: In step 299, Pred_score1: tensor([0.], device='cuda:0', grad_fn=<SelectBackward0>), origin_score1: tensor([0.3341], device='cuda:0', grad_fn=<SelectBackward0>)
2025-07-09 18:37:55,022 INFO: origin_layout0: tensor([[0.4531, 0.6172, 1.0000, 1.0000],
        [0.5781, 0.4727, 1.0000, 1.0000]], device='cuda:0')
2025-07-09 18:37:55,023 INFO: refine_layout0: tensor([[0.5113, 0.5497, 0.9272, 0.9107],
        [0.5380, 0.3062, 0.9451, 0.9528]], device='cuda:0',
       grad_fn=<SliceBackward0>)
2025-07-09 18:37:55,303 INFO: [105/300] Loss_total: 6.12947 Test_loss: 2.43111 Time: 1.45s
2025-07-09 18:37:56,334 INFO: In step 299, Pred_score1: tensor([0.4510], device='cuda:0', grad_fn=<SelectBackward0>), origin_score1: tensor([0.3341], device='cuda:0', grad_fn=<SelectBackward0>)
2025-07-09 18:37:56,336 INFO: origin_layout0: tensor([[0.4023, 0.5625, 1.0000, 1.0000],
        [0.2344, 0.5703, 0.0000, 0.0000],
        [0.7031, 0.3516, 1.0000, 1.0000],
        [0.6211, 0.3594, 0.0000, 0.0000],
        [0.3281, 0.5742, 1.0000, 0.0000],
        [0.4570, 0.4688, 1.0000, 0.0000]], device='cuda:0')
2025-07-09 18:37:56,337 INFO: refine_layout0: tensor([[0.4386, 0.5035, 0.9528, 0.9481],
        [0.3585, 0.5113, 0.0346, 0.0131],
        [0.6735, 0.4110, 0.8994, 0.8857],
        [0.5595, 0.4123, 0.0283, 0.0165],
        [0.3373, 0.5297, 0.9697, 0.0111],
        [0.4576, 0.5043, 0.9757, 0.0186]], device='cuda:0',
       grad_fn=<SliceBackward0>)
2025-07-09 18:37:56,802 INFO: [106/300] Loss_total: 6.12505 Test_loss: 2.68691 Time: 1.50s
2025-07-09 18:37:57,865 INFO: In step 299, Pred_score1: tensor([0.3671], device='cuda:0', grad_fn=<SelectBackward0>), origin_score1: tensor([0.3341], device='cuda:0', grad_fn=<SelectBackward0>)
2025-07-09 18:37:57,866 INFO: origin_layout0: tensor([[0.3398, 0.5664, 1.0000, 1.0000],
        [0.2305, 0.5469, 0.0000, 0.0000],
        [0.5898, 0.5430, 1.0000, 1.0000],
        [0.5352, 0.5508, 0.0000, 0.0000],
        [0.5391, 0.5547, 1.0000, 0.0000],
        [0.6602, 0.3867, 1.0000, 0.0000]], device='cuda:0')
2025-07-09 18:37:57,867 INFO: refine_layout0: tensor([[0.3732, 0.4784, 0.9425, 0.9386],
        [0.3841, 0.5025, 0.0327, 0.0124],
        [0.6059, 0.4994, 0.9040, 0.8655],
        [0.6032, 0.4925, 0.0318, 0.0144],
        [0.5169, 0.4774, 0.9634, 0.0094],
        [0.5709, 0.4281, 0.9654, 0.0199]], device='cuda:0',
       grad_fn=<SliceBackward0>)
2025-07-09 18:37:58,157 INFO: [107/300] Loss_total: 6.11587 Test_loss: 2.40486 Time: 1.35s
2025-07-09 18:37:59,214 INFO: In step 299, Pred_score1: tensor([0.9459], device='cuda:0', grad_fn=<SelectBackward0>), origin_score1: tensor([0.3341], device='cuda:0', grad_fn=<SelectBackward0>)
2025-07-09 18:37:59,215 INFO: origin_layout0: tensor([[0.2852, 0.3125, 1.0000, 1.0000],
        [0.2969, 0.4766, 0.0000, 0.0000],
        [0.5859, 0.6680, 1.0000, 1.0000]], device='cuda:0')
2025-07-09 18:37:59,216 INFO: refine_layout0: tensor([[0.3220, 0.3171, 0.9328, 0.9336],
        [0.4377, 0.4754, 0.0324, 0.0117],
        [0.6136, 0.5769, 0.8880, 0.8185]], device='cuda:0',
       grad_fn=<SliceBackward0>)
2025-07-09 18:37:59,520 INFO: [108/300] Loss_total: 6.11614 Test_loss: 2.03453 Time: 1.36s
2025-07-09 18:38:00,647 INFO: In step 299, Pred_score1: tensor([0.1490], device='cuda:0', grad_fn=<SelectBackward0>), origin_score1: tensor([0.3341], device='cuda:0', grad_fn=<SelectBackward0>)
2025-07-09 18:38:00,648 INFO: origin_layout0: tensor([[0.1836, 0.7500, 1.0000, 1.0000],
        [0.1016, 0.3477, 0.0000, 0.0000],
        [0.1797, 0.6758, 0.0000, 1.0000],
        [0.4102, 0.2461, 0.0000, 0.0000],
        [0.8867, 0.3828, 1.0000, 0.0000],
        [0.3359, 0.5000, 1.0000, 0.0000],
        [0.4219, 0.5703, 1.0000, 1.0000],
        [0.2539, 0.4453, 1.0000, 0.0000]], device='cuda:0')
2025-07-09 18:38:00,649 INFO: refine_layout0: tensor([[0.2629, 0.5719, 0.9464, 0.9279],
        [0.2768, 0.3599, 0.0452, 0.0235],
        [0.2899, 0.5566, 0.0124, 0.9334],
        [0.4130, 0.3662, 0.0424, 0.0236],
        [0.7348, 0.5391, 0.9715, 0.0178],
        [0.3427, 0.5330, 0.9854, 0.0481],
        [0.5732, 0.5352, 0.9224, 0.9713],
        [0.3095, 0.3866, 0.9730, 0.0170]], device='cuda:0',
       grad_fn=<SliceBackward0>)
2025-07-09 18:38:00,946 INFO: [109/300] Loss_total: 6.11831 Test_loss: 2.76254 Time: 1.43s
2025-07-09 18:38:01,978 INFO: In step 299, Pred_score1: tensor([0.9707], device='cuda:0', grad_fn=<SelectBackward0>), origin_score1: tensor([0.3341], device='cuda:0', grad_fn=<SelectBackward0>)
2025-07-09 18:38:01,979 INFO: origin_layout0: tensor([[0.2852, 0.8125, 1.0000, 1.0000],
        [0.6055, 0.3242, 1.0000, 1.0000],
        [0.3984, 0.7852, 1.0000, 1.0000],
        [0.3672, 0.5117, 0.0000, 0.0000],
        [0.2969, 0.5352, 1.0000, 0.0000]], device='cuda:0')
2025-07-09 18:38:01,980 INFO: refine_layout0: tensor([[0.3764, 0.6499, 0.9359, 0.9156],
        [0.5888, 0.2758, 0.9546, 0.9652],
        [0.3563, 0.4045, 0.9416, 0.9591],
        [0.6380, 0.3378, 0.0756, 0.0518],
        [0.5136, 0.3637, 0.9390, 0.0176]], device='cuda:0',
       grad_fn=<SliceBackward0>)
2025-07-09 18:38:02,279 INFO: [110/300] Loss_total: 6.10843 Test_loss: 2.31064 Time: 1.33s
2025-07-09 18:38:03,338 INFO: In step 299, Pred_score1: tensor([0.7970], device='cuda:0', grad_fn=<SelectBackward0>), origin_score1: tensor([0.3341], device='cuda:0', grad_fn=<SelectBackward0>)
2025-07-09 18:38:03,340 INFO: origin_layout0: tensor([[0.4180, 0.5312, 1.0000, 1.0000],
        [0.5430, 0.5039, 1.0000, 1.0000],
        [0.4141, 0.4492, 0.0000, 1.0000],
        [0.5938, 0.2695, 0.0000, 0.0000],
        [0.3750, 0.4141, 1.0000, 0.0000]], device='cuda:0')
2025-07-09 18:38:03,341 INFO: refine_layout0: tensor([[0.4441, 0.4892, 0.9381, 0.9323],
        [0.5192, 0.3670, 0.9541, 0.9525],
        [0.4668, 0.3233, 0.0133, 0.9316],
        [0.6441, 0.3231, 0.0359, 0.0401],
        [0.4252, 0.3975, 0.9679, 0.0175]], device='cuda:0',
       grad_fn=<SliceBackward0>)
2025-07-09 18:38:03,645 INFO: [111/300] Loss_total: 6.10722 Test_loss: 2.43178 Time: 1.37s
2025-07-09 18:38:04,923 INFO: In step 299, Pred_score1: tensor([0.6705], device='cuda:0', grad_fn=<SelectBackward0>), origin_score1: tensor([0.3341], device='cuda:0', grad_fn=<SelectBackward0>)
2025-07-09 18:38:04,924 INFO: origin_layout0: tensor([[0.3750, 0.3398, 1.0000, 1.0000],
        [0.3906, 0.3828, 0.0000, 0.0000],
        [0.6602, 0.6406, 1.0000, 1.0000],
        [0.6133, 0.5078, 0.0000, 0.0000],
        [0.4766, 0.6680, 1.0000, 0.0000],
        [0.5977, 0.6016, 1.0000, 0.0000],
        [0.6680, 0.4531, 0.0000, 1.0000]], device='cuda:0')
2025-07-09 18:38:04,926 INFO: refine_layout0: tensor([[0.3817, 0.3296, 0.9330, 0.9240],
        [0.4895, 0.4230, 0.0327, 0.0115],
        [0.6445, 0.5515, 0.8865, 0.8208],
        [0.6640, 0.4659, 0.0361, 0.0128],
        [0.5128, 0.5262, 0.9544, 0.0085],
        [0.5716, 0.5153, 0.9603, 0.0106],
        [0.6438, 0.3675, 0.0129, 0.8816]], device='cuda:0',
       grad_fn=<SliceBackward0>)
2025-07-09 18:38:05,316 INFO: [112/300] Loss_total: 6.10788 Test_loss: 2.56241 Time: 1.67s
2025-07-09 18:38:06,700 INFO: In step 299, Pred_score1: tensor([0.7743], device='cuda:0', grad_fn=<SelectBackward0>), origin_score1: tensor([0.3341], device='cuda:0', grad_fn=<SelectBackward0>)
2025-07-09 18:38:06,701 INFO: origin_layout0: tensor([[0.4688, 0.4688, 1.0000, 1.0000],
        [0.3398, 0.4961, 0.0000, 0.0000],
        [0.4648, 0.5742, 0.0000, 1.0000],
        [0.4336, 0.5547, 0.0000, 0.0000]], device='cuda:0')
2025-07-09 18:38:06,703 INFO: refine_layout0: tensor([[0.4882, 0.4367, 0.9409, 0.9416],
        [0.4321, 0.4814, 0.0295, 0.0109],
        [0.4826, 0.4910, 0.0105, 0.9149],
        [0.4807, 0.5288, 0.0310, 0.0104]], device='cuda:0',
       grad_fn=<SliceBackward0>)
2025-07-09 18:38:07,019 INFO: [113/300] Loss_total: 6.10181 Test_loss: 2.23245 Time: 1.70s
2025-07-09 18:38:08,055 INFO: In step 299, Pred_score1: tensor([0.2020], device='cuda:0', grad_fn=<SelectBackward0>), origin_score1: tensor([0.3341], device='cuda:0', grad_fn=<SelectBackward0>)
2025-07-09 18:38:08,057 INFO: origin_layout0: tensor([[0.3125, 0.1992, 1.0000, 1.0000],
        [0.3203, 0.4883, 0.0000, 0.0000],
        [0.3789, 0.7148, 0.0000, 1.0000],
        [0.4688, 0.4609, 0.0000, 0.0000],
        [0.3633, 0.5430, 1.0000, 0.0000],
        [0.4727, 0.6953, 1.0000, 0.0000],
        [0.4961, 0.7500, 1.0000, 1.0000],
        [0.7188, 0.4570, 0.0000, 1.0000],
        [0.5586, 0.3516, 0.0000, 0.0000]], device='cuda:0')
2025-07-09 18:38:08,058 INFO: refine_layout0: tensor([[0.3288, 0.2480, 0.9512, 0.9667],
        [0.4215, 0.4854, 0.0331, 0.0124],
        [0.4405, 0.6126, 0.0097, 0.9168],
        [0.5031, 0.4924, 0.0346, 0.0128],
        [0.3690, 0.5767, 0.9846, 0.0179],
        [0.5386, 0.6984, 0.9796, 0.0228],
        [0.6468, 0.6234, 0.9104, 0.9556],
        [0.7390, 0.3210, 0.0067, 0.9051],
        [0.5664, 0.3649, 0.0298, 0.0249]], device='cuda:0',
       grad_fn=<SliceBackward0>)
2025-07-09 18:38:08,344 INFO: [114/300] Loss_total: 6.09496 Test_loss: 2.97867 Time: 1.32s
2025-07-09 18:38:09,420 INFO: In step 299, Pred_score1: tensor([0.6958], device='cuda:0', grad_fn=<SelectBackward0>), origin_score1: tensor([0.3341], device='cuda:0', grad_fn=<SelectBackward0>)
2025-07-09 18:38:09,421 INFO: origin_layout0: tensor([[0.3789, 0.3867, 1.0000, 1.0000],
        [0.3984, 0.4648, 0.0000, 0.0000],
        [0.7695, 0.4336, 1.0000, 1.0000],
        [0.7031, 0.5703, 0.0000, 0.0000],
        [0.5820, 0.5977, 1.0000, 0.0000]], device='cuda:0')
2025-07-09 18:38:09,422 INFO: refine_layout0: tensor([[0.3780, 0.3695, 0.9408, 0.9501],
        [0.4662, 0.4891, 0.0279, 0.0100],
        [0.7155, 0.4698, 0.8819, 0.8773],
        [0.6358, 0.5319, 0.0290, 0.0109],
        [0.5257, 0.5351, 0.9644, 0.0078]], device='cuda:0',
       grad_fn=<SliceBackward0>)
2025-07-09 18:38:09,721 INFO: [115/300] Loss_total: 6.09284 Test_loss: 2.57777 Time: 1.38s
2025-07-09 18:38:10,786 INFO: In step 299, Pred_score1: tensor([0.8068], device='cuda:0', grad_fn=<SelectBackward0>), origin_score1: tensor([0.3341], device='cuda:0', grad_fn=<SelectBackward0>)
2025-07-09 18:38:10,787 INFO: origin_layout0: tensor([[0.3125, 0.4180, 1.0000, 1.0000],
        [0.3242, 0.4258, 0.0000, 0.0000],
        [0.5586, 0.7656, 1.0000, 1.0000],
        [0.5156, 0.5508, 0.0000, 0.0000],
        [0.3672, 0.8164, 1.0000, 0.0000],
        [0.4609, 0.8203, 1.0000, 0.0000],
        [0.6523, 0.5625, 0.0000, 1.0000]], device='cuda:0')
2025-07-09 18:38:10,789 INFO: refine_layout0: tensor([[0.3470, 0.3775, 0.9326, 0.9368],
        [0.4397, 0.4395, 0.0320, 0.0127],
        [0.6010, 0.6239, 0.8877, 0.8139],
        [0.6255, 0.4846, 0.0342, 0.0138],
        [0.4477, 0.6252, 0.9506, 0.0082],
        [0.5157, 0.6439, 0.9580, 0.0093],
        [0.6593, 0.4096, 0.0120, 0.8722]], device='cuda:0',
       grad_fn=<SliceBackward0>)
2025-07-09 18:38:11,106 INFO: [116/300] Loss_total: 6.09529 Test_loss: 2.77318 Time: 1.38s
2025-07-09 18:38:12,145 INFO: In step 299, Pred_score1: tensor([0.3391], device='cuda:0', grad_fn=<SelectBackward0>), origin_score1: tensor([0.3341], device='cuda:0', grad_fn=<SelectBackward0>)
2025-07-09 18:38:12,146 INFO: origin_layout0: tensor([[0.3281, 0.4727, 1.0000, 1.0000],
        [0.2188, 0.5000, 0.0000, 0.0000],
        [0.6406, 0.4492, 1.0000, 1.0000],
        [0.5625, 0.3633, 0.0000, 0.0000],
        [0.2695, 0.5859, 1.0000, 0.0000],
        [0.4844, 0.3828, 1.0000, 0.0000]], device='cuda:0')
2025-07-09 18:38:12,148 INFO: refine_layout0: tensor([[0.3545, 0.4500, 0.9575, 0.9590],
        [0.3400, 0.4840, 0.0371, 0.0164],
        [0.6433, 0.4900, 0.9117, 0.8956],
        [0.5464, 0.4220, 0.0277, 0.0165],
        [0.3121, 0.5530, 0.9700, 0.0109],
        [0.4627, 0.4596, 0.9774, 0.0200]], device='cuda:0',
       grad_fn=<SliceBackward0>)
2025-07-09 18:38:12,439 INFO: [117/300] Loss_total: 6.08662 Test_loss: 2.77148 Time: 1.33s
2025-07-09 18:38:13,507 INFO: In step 299, Pred_score1: tensor([0.4730], device='cuda:0', grad_fn=<SelectBackward0>), origin_score1: tensor([0.3341], device='cuda:0', grad_fn=<SelectBackward0>)
2025-07-09 18:38:13,508 INFO: origin_layout0: tensor([[0.3672, 0.4570, 1.0000, 1.0000],
        [0.1992, 0.6133, 0.0000, 0.0000],
        [0.3867, 0.4141, 0.0000, 1.0000]], device='cuda:0')
2025-07-09 18:38:13,510 INFO: refine_layout0: tensor([[0.4556, 0.4211, 0.9282, 0.9090],
        [0.4466, 0.4997, 0.0475, 0.0171],
        [0.4312, 0.3431, 0.0150, 0.8676]], device='cuda:0',
       grad_fn=<SliceBackward0>)
2025-07-09 18:38:13,809 INFO: [118/300] Loss_total: 6.08892 Test_loss: 2.36092 Time: 1.37s
2025-07-09 18:38:14,860 INFO: In step 299, Pred_score1: tensor([0.9785], device='cuda:0', grad_fn=<SelectBackward0>), origin_score1: tensor([0.3341], device='cuda:0', grad_fn=<SelectBackward0>)
2025-07-09 18:38:14,861 INFO: origin_layout0: tensor([[0.2969, 0.3164, 1.0000, 1.0000],
        [0.7266, 0.6914, 1.0000, 1.0000],
        [0.5312, 0.6289, 1.0000, 1.0000],
        [0.4883, 0.6719, 0.0000, 0.0000]], device='cuda:0')
2025-07-09 18:38:14,862 INFO: refine_layout0: tensor([[0.3090, 0.3181, 0.9532, 0.9647],
        [0.7348, 0.5765, 0.9338, 0.9232],
        [0.4367, 0.2881, 0.9364, 0.9617],
        [0.7341, 0.3928, 0.0715, 0.0486]], device='cuda:0',
       grad_fn=<SliceBackward0>)
2025-07-09 18:38:15,166 INFO: [119/300] Loss_total: 6.08343 Test_loss: 2.24051 Time: 1.36s
2025-07-09 18:38:16,222 INFO: In step 299, Pred_score1: tensor([0.5856], device='cuda:0', grad_fn=<SelectBackward0>), origin_score1: tensor([0.3341], device='cuda:0', grad_fn=<SelectBackward0>)
2025-07-09 18:38:16,223 INFO: origin_layout0: tensor([[0.4414, 0.6367, 1.0000, 1.0000],
        [0.5664, 0.6094, 1.0000, 1.0000],
        [0.4375, 0.3477, 0.0000, 1.0000],
        [0.6250, 0.4102, 0.0000, 0.0000]], device='cuda:0')
2025-07-09 18:38:16,225 INFO: refine_layout0: tensor([[0.4832, 0.5504, 0.9258, 0.8999],
        [0.5268, 0.3775, 0.9457, 0.9372],
        [0.4886, 0.2362, 0.0179, 0.9208],
        [0.6917, 0.3672, 0.0368, 0.0325]], device='cuda:0',
       grad_fn=<SliceBackward0>)
2025-07-09 18:38:16,683 INFO: [120/300] Loss_total: 6.08698 Test_loss: 2.48240 Time: 1.52s
2025-07-09 18:38:18,229 INFO: In step 299, Pred_score1: tensor([0.3883], device='cuda:0', grad_fn=<SelectBackward0>), origin_score1: tensor([0.3341], device='cuda:0', grad_fn=<SelectBackward0>)
2025-07-09 18:38:18,231 INFO: origin_layout0: tensor([[0.2930, 0.5000, 1.0000, 1.0000],
        [0.1836, 0.6289, 0.0000, 0.0000],
        [0.5508, 0.4609, 1.0000, 1.0000],
        [0.4766, 0.3359, 0.0000, 0.0000],
        [0.2539, 0.4023, 1.0000, 0.0000],
        [0.4688, 0.4492, 1.0000, 0.0000]], device='cuda:0')
2025-07-09 18:38:18,233 INFO: refine_layout0: tensor([[0.3250, 0.4341, 0.9439, 0.9457],
        [0.3703, 0.5607, 0.0310, 0.0105],
        [0.5768, 0.4462, 0.9066, 0.8712],
        [0.5506, 0.3837, 0.0298, 0.0167],
        [0.3394, 0.4035, 0.9698, 0.0142],
        [0.4645, 0.4704, 0.9750, 0.0172]], device='cuda:0',
       grad_fn=<SliceBackward0>)
2025-07-09 18:38:18,603 INFO: [121/300] Loss_total: 6.07949 Test_loss: 2.55893 Time: 1.92s
2025-07-09 18:38:19,690 INFO: In step 299, Pred_score1: tensor([0.7663], device='cuda:0', grad_fn=<SelectBackward0>), origin_score1: tensor([0.3341], device='cuda:0', grad_fn=<SelectBackward0>)
2025-07-09 18:38:19,691 INFO: origin_layout0: tensor([[0.3047, 0.5508, 1.0000, 1.0000],
        [0.1875, 0.6406, 0.0000, 0.0000],
        [0.6602, 0.3398, 1.0000, 1.0000],
        [0.5781, 0.5117, 0.0000, 0.0000],
        [0.2773, 0.5938, 1.0000, 0.0000]], device='cuda:0')
2025-07-09 18:38:19,693 INFO: refine_layout0: tensor([[0.3366, 0.4802, 0.9489, 0.9427],
        [0.3704, 0.5699, 0.0315, 0.0107],
        [0.6392, 0.3799, 0.9017, 0.8734],
        [0.5874, 0.4954, 0.0288, 0.0121],
        [0.3428, 0.5345, 0.9680, 0.0101]], device='cuda:0',
       grad_fn=<SliceBackward0>)
2025-07-09 18:38:19,997 INFO: [122/300] Loss_total: 6.07905 Test_loss: 2.28760 Time: 1.39s
2025-07-09 18:38:21,058 INFO: In step 299, Pred_score1: tensor([0.2765], device='cuda:0', grad_fn=<SelectBackward0>), origin_score1: tensor([0.3341], device='cuda:0', grad_fn=<SelectBackward0>)
2025-07-09 18:38:21,059 INFO: origin_layout0: tensor([[0.2695, 0.4062, 1.0000, 1.0000],
        [0.2031, 0.5469, 0.0000, 0.0000],
        [0.6445, 0.3203, 1.0000, 1.0000],
        [0.5391, 0.3516, 0.0000, 0.0000],
        [0.2422, 0.4102, 1.0000, 0.0000],
        [0.6328, 0.3789, 1.0000, 0.0000]], device='cuda:0')
2025-07-09 18:38:21,060 INFO: refine_layout0: tensor([[0.3033, 0.3610, 0.9334, 0.9282],
        [0.4196, 0.4993, 0.0350, 0.0112],
        [0.5940, 0.3286, 0.8931, 0.8452],
        [0.6136, 0.3913, 0.0329, 0.0146],
        [0.3558, 0.3916, 0.9646, 0.0158],
        [0.5522, 0.4193, 0.9682, 0.0147]], device='cuda:0',
       grad_fn=<SliceBackward0>)
2025-07-09 18:38:21,363 INFO: [123/300] Loss_total: 6.07591 Test_loss: 2.26875 Time: 1.37s
2025-07-09 18:38:22,421 INFO: In step 299, Pred_score1: tensor([0.4400], device='cuda:0', grad_fn=<SelectBackward0>), origin_score1: tensor([0.3341], device='cuda:0', grad_fn=<SelectBackward0>)
2025-07-09 18:38:22,422 INFO: origin_layout0: tensor([[0.2930, 0.5000, 1.0000, 1.0000],
        [0.1836, 0.6289, 0.0000, 0.0000],
        [0.5508, 0.4609, 1.0000, 1.0000],
        [0.4766, 0.3359, 0.0000, 0.0000],
        [0.2539, 0.4023, 1.0000, 0.0000],
        [0.4688, 0.4492, 1.0000, 0.0000]], device='cuda:0')
2025-07-09 18:38:22,423 INFO: refine_layout0: tensor([[0.3046, 0.4275, 0.9456, 0.9431],
        [0.3820, 0.5604, 0.0324, 0.0102],
        [0.5502, 0.4277, 0.9079, 0.8680],
        [0.5727, 0.3752, 0.0330, 0.0172],
        [0.3524, 0.3860, 0.9674, 0.0154],
        [0.4474, 0.4401, 0.9734, 0.0164]], device='cuda:0',
       grad_fn=<SliceBackward0>)
2025-07-09 18:38:22,723 INFO: [124/300] Loss_total: 6.07546 Test_loss: 2.41076 Time: 1.36s
2025-07-09 18:38:23,763 INFO: In step 299, Pred_score1: tensor([0.9245], device='cuda:0', grad_fn=<SelectBackward0>), origin_score1: tensor([0.3341], device='cuda:0', grad_fn=<SelectBackward0>)
2025-07-09 18:38:23,764 INFO: origin_layout0: tensor([[0.4297, 0.3828, 1.0000, 1.0000],
        [0.4883, 0.5938, 1.0000, 1.0000],
        [0.6016, 0.5039, 0.0000, 1.0000]], device='cuda:0')
2025-07-09 18:38:23,765 INFO: refine_layout0: tensor([[0.4809, 0.3967, 0.9284, 0.9334],
        [0.4924, 0.4041, 0.9490, 0.9493],
        [0.6391, 0.3586, 0.0091, 0.9052]], device='cuda:0',
       grad_fn=<SliceBackward0>)
2025-07-09 18:38:24,059 INFO: [125/300] Loss_total: 6.08093 Test_loss: 2.27718 Time: 1.34s
2025-07-09 18:38:25,127 INFO: In step 299, Pred_score1: tensor([0.7492], device='cuda:0', grad_fn=<SelectBackward0>), origin_score1: tensor([0.3341], device='cuda:0', grad_fn=<SelectBackward0>)
2025-07-09 18:38:25,129 INFO: origin_layout0: tensor([[0.2812, 0.7070, 1.0000, 1.0000],
        [0.8125, 0.6875, 1.0000, 1.0000],
        [0.4570, 0.4336, 1.0000, 1.0000],
        [0.4102, 0.6289, 0.0000, 0.0000],
        [0.2930, 0.6953, 1.0000, 0.0000],
        [0.4883, 0.4297, 1.0000, 0.0000]], device='cuda:0')
2025-07-09 18:38:25,130 INFO: refine_layout0: tensor([[0.3423, 0.5764, 0.9461, 0.9364],
        [0.8033, 0.5674, 0.9168, 0.9173],
        [0.3323, 0.1626, 0.9505, 0.9771],
        [0.6726, 0.3623, 0.0742, 0.0537],
        [0.5499, 0.4442, 0.9332, 0.0147],
        [0.5501, 0.3441, 0.9578, 0.0230]], device='cuda:0',
       grad_fn=<SliceBackward0>)
2025-07-09 18:38:25,418 INFO: [126/300] Loss_total: 6.06908 Test_loss: 2.36582 Time: 1.36s
2025-07-09 18:38:26,480 INFO: In step 299, Pred_score1: tensor([0.6449], device='cuda:0', grad_fn=<SelectBackward0>), origin_score1: tensor([0.3341], device='cuda:0', grad_fn=<SelectBackward0>)
2025-07-09 18:38:26,481 INFO: origin_layout0: tensor([[0.3086, 0.4531, 1.0000, 1.0000],
        [0.2305, 0.3945, 0.0000, 0.0000],
        [0.6680, 0.4336, 1.0000, 1.0000],
        [0.5391, 0.2930, 0.0000, 0.0000],
        [0.2656, 0.3203, 1.0000, 0.0000]], device='cuda:0')
2025-07-09 18:38:26,482 INFO: refine_layout0: tensor([[0.3219, 0.4065, 0.9532, 0.9566],
        [0.3530, 0.4036, 0.0380, 0.0158],
        [0.6435, 0.4555, 0.9070, 0.8920],
        [0.5538, 0.3665, 0.0286, 0.0162],
        [0.3275, 0.3589, 0.9722, 0.0159]], device='cuda:0',
       grad_fn=<SliceBackward0>)
2025-07-09 18:38:26,792 INFO: [127/300] Loss_total: 6.06420 Test_loss: 2.42183 Time: 1.37s
2025-07-09 18:38:27,857 INFO: In step 299, Pred_score1: tensor([0.8100], device='cuda:0', grad_fn=<SelectBackward0>), origin_score1: tensor([0.3341], device='cuda:0', grad_fn=<SelectBackward0>)
2025-07-09 18:38:27,858 INFO: origin_layout0: tensor([[0.3086, 0.5859, 1.0000, 1.0000],
        [0.1836, 0.3320, 0.0000, 0.0000],
        [0.5391, 0.5195, 1.0000, 1.0000],
        [0.4766, 0.3398, 0.0000, 0.0000],
        [0.2383, 0.4375, 1.0000, 0.0000]], device='cuda:0')
2025-07-09 18:38:27,859 INFO: refine_layout0: tensor([[0.3316, 0.5043, 0.9536, 0.9480],
        [0.3202, 0.3549, 0.0429, 0.0219],
        [0.5588, 0.5005, 0.9198, 0.8893],
        [0.5406, 0.3969, 0.0304, 0.0167],
        [0.3208, 0.4408, 0.9721, 0.0131]], device='cuda:0',
       grad_fn=<SliceBackward0>)
2025-07-09 18:38:28,159 INFO: [128/300] Loss_total: 6.05909 Test_loss: 2.16603 Time: 1.37s
2025-07-09 18:38:29,541 INFO: In step 299, Pred_score1: tensor([0.2655], device='cuda:0', grad_fn=<SelectBackward0>), origin_score1: tensor([0.3341], device='cuda:0', grad_fn=<SelectBackward0>)
2025-07-09 18:38:29,542 INFO: origin_layout0: tensor([[0.3555, 0.4961, 1.0000, 1.0000],
        [0.2539, 0.3047, 0.0000, 0.0000],
        [0.6211, 0.4180, 1.0000, 1.0000],
        [0.5430, 0.4883, 0.0000, 0.0000],
        [0.3320, 0.3477, 1.0000, 0.0000],
        [0.4609, 0.2969, 1.0000, 0.0000]], device='cuda:0')
2025-07-09 18:38:29,544 INFO: refine_layout0: tensor([[0.3890, 0.4577, 0.9462, 0.9542],
        [0.3491, 0.3582, 0.0380, 0.0178],
        [0.6241, 0.4573, 0.9115, 0.9035],
        [0.5590, 0.4977, 0.0266, 0.0108],
        [0.3636, 0.3933, 0.9737, 0.0137],
        [0.4285, 0.3893, 0.9795, 0.0241]], device='cuda:0',
       grad_fn=<SliceBackward0>)
2025-07-09 18:38:29,990 INFO: [129/300] Loss_total: 6.06175 Test_loss: 2.62749 Time: 1.83s
2025-07-09 18:38:31,289 INFO: In step 299, Pred_score1: tensor([0.8968], device='cuda:0', grad_fn=<SelectBackward0>), origin_score1: tensor([0.3341], device='cuda:0', grad_fn=<SelectBackward0>)
2025-07-09 18:38:31,290 INFO: origin_layout0: tensor([[0.3828, 0.6055, 1.0000, 1.0000],
        [0.2656, 0.6367, 0.0000, 0.0000],
        [0.6484, 0.5586, 1.0000, 1.0000]], device='cuda:0')
2025-07-09 18:38:31,291 INFO: refine_layout0: tensor([[0.4262, 0.5387, 0.9231, 0.9071],
        [0.4300, 0.5712, 0.0287, 0.0084],
        [0.6350, 0.5135, 0.8793, 0.8061]], device='cuda:0',
       grad_fn=<SliceBackward0>)
2025-07-09 18:38:31,586 INFO: [130/300] Loss_total: 6.06244 Test_loss: 2.41965 Time: 1.60s
2025-07-09 18:38:32,644 INFO: In step 299, Pred_score1: tensor([0.5510], device='cuda:0', grad_fn=<SelectBackward0>), origin_score1: tensor([0.3341], device='cuda:0', grad_fn=<SelectBackward0>)
2025-07-09 18:38:32,645 INFO: origin_layout0: tensor([[0.2695, 0.3672, 1.0000, 1.0000],
        [0.2812, 0.6406, 0.0000, 0.0000],
        [0.6250, 0.6680, 1.0000, 1.0000],
        [0.5625, 0.6133, 0.0000, 0.0000],
        [0.5000, 0.6445, 1.0000, 0.0000]], device='cuda:0')
2025-07-09 18:38:32,647 INFO: refine_layout0: tensor([[0.2952, 0.3580, 0.9465, 0.9562],
        [0.4211, 0.6011, 0.0261, 0.0085],
        [0.6661, 0.6143, 0.8864, 0.8262],
        [0.6110, 0.5442, 0.0289, 0.0114],
        [0.5038, 0.5630, 0.9622, 0.0056]], device='cuda:0',
       grad_fn=<SliceBackward0>)
2025-07-09 18:38:32,963 INFO: [131/300] Loss_total: 6.05831 Test_loss: 2.42241 Time: 1.38s
2025-07-09 18:38:34,034 INFO: In step 299, Pred_score1: tensor([0.5585], device='cuda:0', grad_fn=<SelectBackward0>), origin_score1: tensor([0.3341], device='cuda:0', grad_fn=<SelectBackward0>)
2025-07-09 18:38:34,035 INFO: origin_layout0: tensor([[0.3828, 0.4414, 1.0000, 1.0000],
        [0.5352, 0.3984, 1.0000, 1.0000],
        [0.3789, 0.4102, 0.0000, 1.0000],
        [0.5078, 0.1836, 0.0000, 1.0000],
        [0.4727, 0.1758, 1.0000, 0.0000],
        [0.6797, 0.3359, 1.0000, 0.0000],
        [0.4961, 0.2617, 0.0000, 0.0000]], device='cuda:0')
2025-07-09 18:38:34,037 INFO: refine_layout0: tensor([[0.3984, 0.4020, 0.9425, 0.9410],
        [0.4913, 0.2945, 0.9588, 0.9569],
        [0.4319, 0.3206, 0.0147, 0.9376],
        [0.5377, 0.1704, 0.0146, 0.9487],
        [0.4636, 0.2138, 0.9652, 0.0590],
        [0.5372, 0.4160, 0.9813, 0.0232],
        [0.4840, 0.3829, 0.0480, 0.0246]], device='cuda:0',
       grad_fn=<SliceBackward0>)
2025-07-09 18:38:34,331 INFO: [132/300] Loss_total: 6.05037 Test_loss: 2.46311 Time: 1.37s
2025-07-09 18:38:35,377 INFO: In step 299, Pred_score1: tensor([0.6877], device='cuda:0', grad_fn=<SelectBackward0>), origin_score1: tensor([0.3341], device='cuda:0', grad_fn=<SelectBackward0>)
2025-07-09 18:38:35,378 INFO: origin_layout0: tensor([[0.3789, 0.3867, 1.0000, 1.0000],
        [0.3984, 0.4648, 0.0000, 0.0000],
        [0.7695, 0.4336, 1.0000, 1.0000],
        [0.7031, 0.5703, 0.0000, 0.0000],
        [0.5820, 0.5977, 1.0000, 0.0000]], device='cuda:0')
2025-07-09 18:38:35,380 INFO: refine_layout0: tensor([[0.3634, 0.3671, 0.9401, 0.9501],
        [0.4742, 0.4937, 0.0273, 0.0085],
        [0.7017, 0.4653, 0.8800, 0.8638],
        [0.6481, 0.5380, 0.0280, 0.0093],
        [0.5468, 0.5380, 0.9609, 0.0061]], device='cuda:0',
       grad_fn=<SliceBackward0>)
2025-07-09 18:38:35,673 INFO: [133/300] Loss_total: 6.05970 Test_loss: 2.15211 Time: 1.34s
2025-07-09 18:38:36,715 INFO: In step 299, Pred_score1: tensor([0.2997], device='cuda:0', grad_fn=<SelectBackward0>), origin_score1: tensor([0.3341], device='cuda:0', grad_fn=<SelectBackward0>)
2025-07-09 18:38:36,716 INFO: origin_layout0: tensor([[0.2891, 0.5078, 1.0000, 1.0000],
        [0.7070, 0.1836, 1.0000, 1.0000],
        [0.4727, 0.1328, 1.0000, 1.0000],
        [0.4180, 0.3594, 0.0000, 0.0000],
        [0.2500, 0.8125, 1.0000, 0.0000],
        [0.3008, 0.3320, 1.0000, 0.0000],
        [0.3867, 0.3359, 1.0000, 1.0000],
        [0.3281, 0.1758, 0.0000, 1.0000]], device='cuda:0')
2025-07-09 18:38:36,718 INFO: refine_layout0: tensor([[0.3223, 0.4578, 0.9549, 0.9575],
        [0.6513, 0.2115, 0.9543, 0.9692],
        [0.3220, 0.1203, 0.9687, 0.9885],
        [0.5424, 0.3109, 0.0711, 0.0707],
        [0.4568, 0.6241, 0.9380, 0.0118],
        [0.3976, 0.3236, 0.9759, 0.0293],
        [0.4705, 0.2782, 0.9289, 0.9510],
        [0.3831, 0.1756, 0.0406, 0.9524]], device='cuda:0',
       grad_fn=<SliceBackward0>)
2025-07-09 18:38:37,043 INFO: [134/300] Loss_total: 6.04796 Test_loss: 2.89343 Time: 1.37s
2025-07-09 18:38:38,115 INFO: In step 299, Pred_score1: tensor([0.2550], device='cuda:0', grad_fn=<SelectBackward0>), origin_score1: tensor([0.3341], device='cuda:0', grad_fn=<SelectBackward0>)
2025-07-09 18:38:38,116 INFO: origin_layout0: tensor([[0.2695, 0.4062, 1.0000, 1.0000],
        [0.2031, 0.5469, 0.0000, 0.0000],
        [0.6445, 0.3203, 1.0000, 1.0000],
        [0.5391, 0.3516, 0.0000, 0.0000],
        [0.2422, 0.4102, 1.0000, 0.0000],
        [0.6328, 0.3789, 1.0000, 0.0000]], device='cuda:0')
2025-07-09 18:38:38,118 INFO: refine_layout0: tensor([[0.2972, 0.3760, 0.9310, 0.9217],
        [0.3978, 0.5153, 0.0337, 0.0093],
        [0.5836, 0.3474, 0.8931, 0.8256],
        [0.5856, 0.4105, 0.0314, 0.0113],
        [0.3358, 0.4189, 0.9652, 0.0122],
        [0.5263, 0.4410, 0.9696, 0.0117]], device='cuda:0',
       grad_fn=<SliceBackward0>)
2025-07-09 18:38:38,410 INFO: [135/300] Loss_total: 6.04601 Test_loss: 2.34015 Time: 1.37s
2025-07-09 18:38:39,462 INFO: In step 299, Pred_score1: tensor([0.6406], device='cuda:0', grad_fn=<SelectBackward0>), origin_score1: tensor([0.3341], device='cuda:0', grad_fn=<SelectBackward0>)
2025-07-09 18:38:39,464 INFO: origin_layout0: tensor([[0.3242, 0.5898, 1.0000, 1.0000],
        [0.2461, 0.6797, 0.0000, 0.0000],
        [0.5469, 0.2852, 1.0000, 1.0000],
        [0.4844, 0.4180, 0.0000, 0.0000],
        [0.3008, 0.5586, 1.0000, 0.0000]], device='cuda:0')
2025-07-09 18:38:39,465 INFO: refine_layout0: tensor([[0.3655, 0.5011, 0.9353, 0.9204],
        [0.4379, 0.5888, 0.0295, 0.0091],
        [0.5227, 0.2940, 0.9068, 0.8619],
        [0.5737, 0.4337, 0.0312, 0.0127],
        [0.3820, 0.5040, 0.9647, 0.0099]], device='cuda:0',
       grad_fn=<SliceBackward0>)
2025-07-09 18:38:39,771 INFO: [136/300] Loss_total: 6.04559 Test_loss: 2.13705 Time: 1.36s
2025-07-09 18:38:40,950 INFO: In step 299, Pred_score1: tensor([0.4057], device='cuda:0', grad_fn=<SelectBackward0>), origin_score1: tensor([0.3341], device='cuda:0', grad_fn=<SelectBackward0>)
2025-07-09 18:38:40,952 INFO: origin_layout0: tensor([[0.3047, 0.7812, 1.0000, 1.0000],
        [0.1992, 0.4609, 0.0000, 0.0000],
        [0.3047, 0.4805, 0.0000, 1.0000],
        [0.4805, 0.7031, 0.0000, 0.0000],
        [0.2539, 0.3945, 1.0000, 0.0000],
        [0.3828, 0.7383, 1.0000, 0.0000],
        [0.3945, 0.6641, 1.0000, 1.0000],
        [0.5234, 0.6328, 0.0000, 0.0000]], device='cuda:0')
2025-07-09 18:38:40,954 INFO: refine_layout0: tensor([[0.3497, 0.6245, 0.9413, 0.9303],
        [0.3389, 0.4421, 0.0391, 0.0183],
        [0.3573, 0.4423, 0.0129, 0.9544],
        [0.4847, 0.6391, 0.0283, 0.0078],
        [0.2956, 0.4788, 0.9876, 0.0187],
        [0.4603, 0.7365, 0.9823, 0.0186],
        [0.6053, 0.5840, 0.9172, 0.9641],
        [0.5182, 0.5249, 0.0335, 0.0136]], device='cuda:0',
       grad_fn=<SliceBackward0>)
2025-07-09 18:38:41,362 INFO: [137/300] Loss_total: 6.04367 Test_loss: 2.93039 Time: 1.59s
2025-07-09 18:38:42,850 INFO: In step 299, Pred_score1: tensor([0.6768], device='cuda:0', grad_fn=<SelectBackward0>), origin_score1: tensor([0.3341], device='cuda:0', grad_fn=<SelectBackward0>)
2025-07-09 18:38:42,851 INFO: origin_layout0: tensor([[0.3555, 0.6523, 1.0000, 1.0000],
        [0.2617, 0.6484, 0.0000, 0.0000],
        [0.5391, 0.5664, 1.0000, 1.0000],
        [0.4922, 0.2930, 0.0000, 0.0000],
        [0.3125, 0.2969, 1.0000, 0.0000]], device='cuda:0')
2025-07-09 18:38:42,852 INFO: refine_layout0: tensor([[0.3762, 0.5446, 0.9503, 0.9404],
        [0.4175, 0.5702, 0.0307, 0.0108],
        [0.5527, 0.4853, 0.9123, 0.8710],
        [0.5705, 0.3382, 0.0354, 0.0203],
        [0.3825, 0.3302, 0.9707, 0.0156]], device='cuda:0',
       grad_fn=<SliceBackward0>)
2025-07-09 18:38:43,164 INFO: [138/300] Loss_total: 6.04758 Test_loss: 2.05909 Time: 1.80s
2025-07-09 18:38:44,223 INFO: In step 299, Pred_score1: tensor([0.5910], device='cuda:0', grad_fn=<SelectBackward0>), origin_score1: tensor([0.3341], device='cuda:0', grad_fn=<SelectBackward0>)
2025-07-09 18:38:44,224 INFO: origin_layout0: tensor([[0.3242, 0.6719, 1.0000, 1.0000],
        [0.7773, 0.3320, 1.0000, 1.0000],
        [0.5078, 0.2969, 1.0000, 1.0000],
        [0.4531, 0.5234, 0.0000, 0.0000],
        [0.2656, 0.3828, 1.0000, 0.0000]], device='cuda:0')
2025-07-09 18:38:44,225 INFO: refine_layout0: tensor([[0.3591, 0.5528, 0.9307, 0.9115],
        [0.6977, 0.2836, 0.9392, 0.9374],
        [0.3403, 0.1534, 0.9546, 0.9767],
        [0.6483, 0.3569, 0.0662, 0.0499],
        [0.4890, 0.3124, 0.9490, 0.0192]], device='cuda:0',
       grad_fn=<SliceBackward0>)
2025-07-09 18:38:44,513 INFO: [139/300] Loss_total: 6.03989 Test_loss: 2.43759 Time: 1.35s
2025-07-09 18:38:45,558 INFO: In step 299, Pred_score1: tensor([0.7174], device='cuda:0', grad_fn=<SelectBackward0>), origin_score1: tensor([0.3341], device='cuda:0', grad_fn=<SelectBackward0>)
2025-07-09 18:38:45,560 INFO: origin_layout0: tensor([[0.2539, 0.3359, 1.0000, 1.0000],
        [0.2656, 0.5938, 0.0000, 0.0000],
        [0.6016, 0.5508, 1.0000, 1.0000],
        [0.5391, 0.6211, 0.0000, 0.0000],
        [0.5547, 0.3984, 1.0000, 0.0000],
        [0.7383, 0.4570, 1.0000, 0.0000],
        [0.8672, 0.5117, 0.0000, 1.0000]], device='cuda:0')
2025-07-09 18:38:45,561 INFO: refine_layout0: tensor([[0.2570, 0.3280, 0.9526, 0.9701],
        [0.4053, 0.5566, 0.0307, 0.0111],
        [0.6321, 0.5332, 0.9053, 0.8764],
        [0.5914, 0.5581, 0.0268, 0.0113],
        [0.5052, 0.4321, 0.9716, 0.0088],
        [0.6318, 0.5182, 0.9651, 0.0116],
        [0.7849, 0.4533, 0.0091, 0.9055]], device='cuda:0',
       grad_fn=<SliceBackward0>)
2025-07-09 18:38:45,874 INFO: [140/300] Loss_total: 6.03965 Test_loss: 2.83669 Time: 1.36s
2025-07-09 18:38:46,947 INFO: In step 299, Pred_score1: tensor([0.9783], device='cuda:0', grad_fn=<SelectBackward0>), origin_score1: tensor([0.3341], device='cuda:0', grad_fn=<SelectBackward0>)
2025-07-09 18:38:46,948 INFO: origin_layout0: tensor([[0.3906, 0.6680, 1.0000, 1.0000],
        [0.2891, 0.4609, 0.0000, 0.0000],
        [0.5820, 0.5352, 1.0000, 1.0000],
        [0.5234, 0.4492, 0.0000, 0.0000]], device='cuda:0')
2025-07-09 18:38:46,950 INFO: refine_layout0: tensor([[0.4096, 0.5689, 0.9246, 0.9130],
        [0.4059, 0.4619, 0.0291, 0.0107],
        [0.5712, 0.4915, 0.8944, 0.8614],
        [0.5951, 0.4536, 0.0277, 0.0115]], device='cuda:0',
       grad_fn=<SliceBackward0>)
2025-07-09 18:38:47,265 INFO: [141/300] Loss_total: 6.03175 Test_loss: 1.92363 Time: 1.39s
2025-07-09 18:38:48,333 INFO: In step 299, Pred_score1: tensor([0.8618], device='cuda:0', grad_fn=<SelectBackward0>), origin_score1: tensor([0.3341], device='cuda:0', grad_fn=<SelectBackward0>)
2025-07-09 18:38:48,335 INFO: origin_layout0: tensor([[0.3477, 0.6016, 1.0000, 1.0000],
        [0.2734, 0.3281, 0.0000, 0.0000],
        [0.5195, 0.4609, 1.0000, 1.0000],
        [0.4727, 0.1875, 0.0000, 0.0000]], device='cuda:0')
2025-07-09 18:38:48,336 INFO: refine_layout0: tensor([[0.3537, 0.5116, 0.9372, 0.9225],
        [0.3863, 0.3778, 0.0366, 0.0143],
        [0.5004, 0.4290, 0.9145, 0.8815],
        [0.5256, 0.3075, 0.0358, 0.0188]], device='cuda:0',
       grad_fn=<SliceBackward0>)
2025-07-09 18:38:48,638 INFO: [142/300] Loss_total: 6.02965 Test_loss: 2.14023 Time: 1.37s
2025-07-09 18:38:49,704 INFO: In step 299, Pred_score1: tensor([0.1431], device='cuda:0', grad_fn=<SelectBackward0>), origin_score1: tensor([0.3341], device='cuda:0', grad_fn=<SelectBackward0>)
2025-07-09 18:38:49,706 INFO: origin_layout0: tensor([[0.2227, 0.2188, 1.0000, 1.0000],
        [0.2305, 0.6094, 0.0000, 0.0000],
        [0.2930, 0.7422, 0.0000, 1.0000],
        [0.4844, 0.6680, 0.0000, 0.0000],
        [0.4961, 0.4258, 1.0000, 0.0000],
        [0.5938, 0.5000, 1.0000, 0.0000],
        [0.6406, 0.5625, 1.0000, 1.0000],
        [0.7266, 0.5312, 0.0000, 0.0000],
        [0.5234, 0.4141, 0.0000, 0.0000],
        [0.5430, 0.3594, 0.0000, 0.0000]], device='cuda:0')
2025-07-09 18:38:49,707 INFO: refine_layout0: tensor([[0.2350, 0.2518, 0.9479, 0.9703],
        [0.3836, 0.5828, 0.0302, 0.0091],
        [0.3577, 0.6280, 0.0073, 0.9059],
        [0.5048, 0.6287, 0.0282, 0.0069],
        [0.4325, 0.4936, 0.9852, 0.0134],
        [0.5794, 0.5725, 0.9814, 0.0200],
        [0.7492, 0.5627, 0.8999, 0.9629],
        [0.5675, 0.4835, 0.0324, 0.0122],
        [0.4546, 0.4835, 0.0294, 0.0090],
        [0.4775, 0.4397, 0.0305, 0.0123]], device='cuda:0',
       grad_fn=<SliceBackward0>)
2025-07-09 18:38:50,006 INFO: [143/300] Loss_total: 6.03413 Test_loss: 3.15372 Time: 1.37s
2025-07-09 18:38:51,038 INFO: In step 299, Pred_score1: tensor([0.7961], device='cuda:0', grad_fn=<SelectBackward0>), origin_score1: tensor([0.3341], device='cuda:0', grad_fn=<SelectBackward0>)
2025-07-09 18:38:51,039 INFO: origin_layout0: tensor([[0.3477, 0.3789, 1.0000, 1.0000],
        [0.3594, 0.5742, 0.0000, 0.0000],
        [0.6641, 0.5625, 1.0000, 1.0000],
        [0.6094, 0.4062, 0.0000, 0.0000],
        [0.4062, 0.6875, 1.0000, 0.0000]], device='cuda:0')
2025-07-09 18:38:51,040 INFO: refine_layout0: tensor([[0.3611, 0.3642, 0.9298, 0.9302],
        [0.4729, 0.5488, 0.0275, 0.0073],
        [0.6412, 0.5214, 0.8764, 0.8080],
        [0.6219, 0.4278, 0.0302, 0.0115],
        [0.4518, 0.6032, 0.9546, 0.0057]], device='cuda:0',
       grad_fn=<SliceBackward0>)
2025-07-09 18:38:51,340 INFO: [144/300] Loss_total: 6.02959 Test_loss: 2.63750 Time: 1.33s
2025-07-09 18:38:52,393 INFO: In step 299, Pred_score1: tensor([0.9546], device='cuda:0', grad_fn=<SelectBackward0>), origin_score1: tensor([0.3341], device='cuda:0', grad_fn=<SelectBackward0>)
2025-07-09 18:38:52,395 INFO: origin_layout0: tensor([[0.3711, 0.3516, 1.0000, 1.0000],
        [0.7188, 0.7070, 1.0000, 1.0000],
        [0.5234, 0.4688, 0.0000, 1.0000]], device='cuda:0')
2025-07-09 18:38:52,396 INFO: refine_layout0: tensor([[0.3711, 0.3608, 0.9498, 0.9653],
        [0.7181, 0.5829, 0.9197, 0.9130],
        [0.5776, 0.3397, 0.0097, 0.9359]], device='cuda:0',
       grad_fn=<SliceBackward0>)
2025-07-09 18:38:52,703 INFO: [145/300] Loss_total: 6.03221 Test_loss: 1.81282 Time: 1.36s
2025-07-09 18:38:54,201 INFO: In step 299, Pred_score1: tensor([0.8273], device='cuda:0', grad_fn=<SelectBackward0>), origin_score1: tensor([0.3341], device='cuda:0', grad_fn=<SelectBackward0>)
2025-07-09 18:38:54,203 INFO: origin_layout0: tensor([[0.2930, 0.6016, 1.0000, 1.0000],
        [0.1562, 0.5742, 0.0000, 0.0000],
        [0.5469, 0.3906, 1.0000, 1.0000],
        [0.4766, 0.3516, 0.0000, 0.0000]], device='cuda:0')
2025-07-09 18:38:54,204 INFO: refine_layout0: tensor([[0.3074, 0.5180, 0.9419, 0.9411],
        [0.3358, 0.5168, 0.0311, 0.0126],
        [0.5449, 0.4005, 0.9121, 0.8787],
        [0.5345, 0.4045, 0.0280, 0.0133]], device='cuda:0',
       grad_fn=<SliceBackward0>)
2025-07-09 18:38:54,670 INFO: [146/300] Loss_total: 6.02404 Test_loss: 1.94056 Time: 1.97s
2025-07-09 18:38:55,766 INFO: In step 299, Pred_score1: tensor([0.1664], device='cuda:0', grad_fn=<SelectBackward0>), origin_score1: tensor([0.3341], device='cuda:0', grad_fn=<SelectBackward0>)
2025-07-09 18:38:55,767 INFO: origin_layout0: tensor([[0.3125, 0.3750, 1.0000, 1.0000],
        [0.3242, 0.5781, 0.0000, 0.0000],
        [0.6953, 0.4258, 1.0000, 1.0000],
        [0.6211, 0.5273, 0.0000, 0.0000],
        [0.4102, 0.5859, 1.0000, 0.0000],
        [0.6641, 0.6250, 1.0000, 0.0000]], device='cuda:0')
2025-07-09 18:38:55,769 INFO: refine_layout0: tensor([[0.2988, 0.3696, 0.9519, 0.9653],
        [0.4173, 0.5579, 0.0269, 0.0093],
        [0.6636, 0.4602, 0.8985, 0.8816],
        [0.5873, 0.5147, 0.0249, 0.0100],
        [0.4266, 0.5480, 0.9682, 0.0067],
        [0.5875, 0.6025, 0.9644, 0.0077]], device='cuda:0',
       grad_fn=<SliceBackward0>)
2025-07-09 18:38:56,066 INFO: [147/300] Loss_total: 6.02453 Test_loss: 2.44978 Time: 1.40s
2025-07-09 18:38:57,082 INFO: In step 299, Pred_score1: tensor([0.8079], device='cuda:0', grad_fn=<SelectBackward0>), origin_score1: tensor([0.3341], device='cuda:0', grad_fn=<SelectBackward0>)
2025-07-09 18:38:57,083 INFO: origin_layout0: tensor([[0.2500, 0.4453, 1.0000, 1.0000],
        [0.8359, 0.7930, 1.0000, 1.0000],
        [0.5742, 0.5977, 1.0000, 1.0000],
        [0.5156, 0.5703, 0.0000, 0.0000],
        [0.3320, 0.5977, 1.0000, 0.0000],
        [0.5234, 0.5312, 1.0000, 0.0000]], device='cuda:0')
2025-07-09 18:38:57,085 INFO: refine_layout0: tensor([[0.2540, 0.3975, 0.9548, 0.9679],
        [0.8080, 0.6587, 0.8995, 0.8718],
        [0.4632, 0.2584, 0.9266, 0.9670],
        [0.7357, 0.3295, 0.0883, 0.0616],
        [0.5918, 0.3929, 0.9377, 0.0198],
        [0.6103, 0.3750, 0.9539, 0.0217]], device='cuda:0',
       grad_fn=<SliceBackward0>)
2025-07-09 18:38:57,383 INFO: [148/300] Loss_total: 6.01971 Test_loss: 2.01268 Time: 1.32s
2025-07-09 18:38:58,457 INFO: In step 299, Pred_score1: tensor([0.8807], device='cuda:0', grad_fn=<SelectBackward0>), origin_score1: tensor([0.3341], device='cuda:0', grad_fn=<SelectBackward0>)
2025-07-09 18:38:58,459 INFO: origin_layout0: tensor([[0.3086, 0.3125, 1.0000, 1.0000],
        [0.7422, 0.5000, 1.0000, 1.0000],
        [0.5391, 0.4258, 1.0000, 1.0000],
        [0.4961, 0.5977, 0.0000, 0.0000],
        [0.3945, 0.7305, 1.0000, 0.0000],
        [0.5234, 0.5312, 1.0000, 0.0000],
        [0.8164, 0.3555, 1.0000, 1.0000],
        [0.5117, 0.3555, 0.0000, 0.0000],
        [0.5273, 0.7461, 0.0000, 0.0000]], device='cuda:0')
2025-07-09 18:38:58,460 INFO: refine_layout0: tensor([[0.2893, 0.3065, 0.9391, 0.9561],
        [0.6631, 0.4209, 0.9338, 0.9243],
        [0.3695, 0.2021, 0.9398, 0.9723],
        [0.7045, 0.3815, 0.0678, 0.0555],
        [0.6280, 0.4903, 0.9240, 0.0123],
        [0.6112, 0.3769, 0.9550, 0.0196],
        [0.6908, 0.2495, 0.8836, 0.8768],
        [0.6251, 0.2836, 0.0916, 0.0426],
        [0.6440, 0.6272, 0.0417, 0.0096]], device='cuda:0',
       grad_fn=<SliceBackward0>)
2025-07-09 18:38:58,776 INFO: [149/300] Loss_total: 6.01641 Test_loss: 3.00515 Time: 1.39s
2025-07-09 18:38:59,872 INFO: In step 299, Pred_score1: tensor([0.2292], device='cuda:0', grad_fn=<SelectBackward0>), origin_score1: tensor([0.3341], device='cuda:0', grad_fn=<SelectBackward0>)
2025-07-09 18:38:59,873 INFO: origin_layout0: tensor([[0.1953, 0.6484, 1.0000, 1.0000],
        [0.0977, 0.4648, 0.0000, 0.0000],
        [0.1953, 0.5039, 0.0000, 1.0000],
        [0.5703, 0.5547, 0.0000, 0.0000],
        [0.2266, 0.6250, 1.0000, 0.0000],
        [0.6016, 0.6133, 1.0000, 0.0000]], device='cuda:0')
2025-07-09 18:38:59,875 INFO: refine_layout0: tensor([[0.2612, 0.5326, 0.9261, 0.9253],
        [0.3101, 0.4176, 0.0382, 0.0192],
        [0.3043, 0.4519, 0.0098, 0.9287],
        [0.5286, 0.5499, 0.0268, 0.0078],
        [0.2730, 0.6369, 0.9804, 0.0119],
        [0.6269, 0.6571, 0.9792, 0.0144]], device='cuda:0',
       grad_fn=<SliceBackward0>)
2025-07-09 18:39:00,175 INFO: [150/300] Loss_total: 6.02209 Test_loss: 2.71811 Time: 1.40s
2025-07-09 18:39:01,248 INFO: In step 299, Pred_score1: tensor([0.4171], device='cuda:0', grad_fn=<SelectBackward0>), origin_score1: tensor([0.3341], device='cuda:0', grad_fn=<SelectBackward0>)
2025-07-09 18:39:01,249 INFO: origin_layout0: tensor([[0.3672, 0.4570, 1.0000, 1.0000],
        [0.1992, 0.6133, 0.0000, 0.0000],
        [0.3867, 0.4141, 0.0000, 1.0000]], device='cuda:0')
2025-07-09 18:39:01,250 INFO: refine_layout0: tensor([[0.4523, 0.4090, 0.9294, 0.9040],
        [0.4495, 0.4898, 0.0484, 0.0158],
        [0.4140, 0.3375, 0.0119, 0.8697]], device='cuda:0',
       grad_fn=<SliceBackward0>)
2025-07-09 18:39:01,542 INFO: [151/300] Loss_total: 6.01718 Test_loss: 2.40542 Time: 1.37s
2025-07-09 18:39:02,599 INFO: In step 299, Pred_score1: tensor([0.1731], device='cuda:0', grad_fn=<SelectBackward0>), origin_score1: tensor([0.3341], device='cuda:0', grad_fn=<SelectBackward0>)
2025-07-09 18:39:02,600 INFO: origin_layout0: tensor([[0.2070, 0.3047, 1.0000, 1.0000],
        [0.2188, 0.4297, 0.0000, 0.0000],
        [0.3125, 0.3828, 0.0000, 1.0000],
        [0.4727, 0.6836, 0.0000, 0.0000],
        [0.5117, 0.6523, 1.0000, 0.0000],
        [0.6211, 0.4688, 1.0000, 0.0000]], device='cuda:0')
2025-07-09 18:39:02,602 INFO: refine_layout0: tensor([[0.2496, 0.3031, 0.9254, 0.9410],
        [0.3795, 0.4307, 0.0328, 0.0114],
        [0.3440, 0.3695, 0.0121, 0.9211],
        [0.4931, 0.6224, 0.0225, 0.0062],
        [0.4659, 0.6510, 0.9784, 0.0072],
        [0.5678, 0.5280, 0.9807, 0.0187]], device='cuda:0',
       grad_fn=<SliceBackward0>)
2025-07-09 18:39:03,074 INFO: [152/300] Loss_total: 6.01788 Test_loss: 2.71549 Time: 1.53s
2025-07-09 18:39:04,148 INFO: In step 299, Pred_score1: tensor([0.7019], device='cuda:0', grad_fn=<SelectBackward0>), origin_score1: tensor([0.3341], device='cuda:0', grad_fn=<SelectBackward0>)
2025-07-09 18:39:04,149 INFO: origin_layout0: tensor([[0.4688, 0.4688, 1.0000, 1.0000],
        [0.3398, 0.4961, 0.0000, 0.0000],
        [0.4648, 0.5742, 0.0000, 1.0000],
        [0.4336, 0.5547, 0.0000, 0.0000]], device='cuda:0')
2025-07-09 18:39:04,150 INFO: refine_layout0: tensor([[0.4969, 0.4541, 0.9390, 0.9473],
        [0.4215, 0.4984, 0.0250, 0.0094],
        [0.4861, 0.5277, 0.0069, 0.9266],
        [0.4519, 0.5430, 0.0220, 0.0088]], device='cuda:0',
       grad_fn=<SliceBackward0>)
2025-07-09 18:39:04,444 INFO: [153/300] Loss_total: 6.01735 Test_loss: 2.29780 Time: 1.37s
2025-07-09 18:39:05,754 INFO: In step 299, Pred_score1: tensor([0.9487], device='cuda:0', grad_fn=<SelectBackward0>), origin_score1: tensor([0.3341], device='cuda:0', grad_fn=<SelectBackward0>)
2025-07-09 18:39:05,755 INFO: origin_layout0: tensor([[0.2734, 0.5586, 1.0000, 1.0000],
        [0.7070, 0.4062, 1.0000, 1.0000],
        [0.4609, 0.5430, 1.0000, 1.0000],
        [0.4062, 0.5508, 0.0000, 0.0000],
        [0.2266, 0.6680, 1.0000, 0.0000]], device='cuda:0')
2025-07-09 18:39:05,757 INFO: refine_layout0: tensor([[0.2833, 0.4663, 0.9413, 0.9498],
        [0.6535, 0.3499, 0.9459, 0.9526],
        [0.3451, 0.2686, 0.9358, 0.9691],
        [0.6807, 0.3498, 0.0699, 0.0590],
        [0.5405, 0.4406, 0.9334, 0.0147]], device='cuda:0',
       grad_fn=<SliceBackward0>)
2025-07-09 18:39:06,171 INFO: [154/300] Loss_total: 6.01163 Test_loss: 2.27979 Time: 1.73s
2025-07-09 18:39:07,483 INFO: In step 299, Pred_score1: tensor([0.3314], device='cuda:0', grad_fn=<SelectBackward0>), origin_score1: tensor([0.3341], device='cuda:0', grad_fn=<SelectBackward0>)
2025-07-09 18:39:07,485 INFO: origin_layout0: tensor([[0.2500, 0.2695, 1.0000, 1.0000],
        [0.2617, 0.3555, 0.0000, 0.0000],
        [0.3281, 0.7148, 0.0000, 1.0000],
        [0.5391, 0.2930, 0.0000, 0.0000],
        [0.3711, 0.5938, 1.0000, 0.0000],
        [0.4492, 0.4766, 1.0000, 0.0000],
        [0.5000, 0.4961, 1.0000, 1.0000]], device='cuda:0')
2025-07-09 18:39:07,486 INFO: refine_layout0: tensor([[0.2428, 0.2951, 0.9560, 0.9780],
        [0.3421, 0.3755, 0.0382, 0.0188],
        [0.3796, 0.6236, 0.0064, 0.9310],
        [0.4850, 0.3884, 0.0316, 0.0165],
        [0.3445, 0.6398, 0.9862, 0.0124],
        [0.4739, 0.5437, 0.9889, 0.0306],
        [0.6975, 0.5283, 0.9273, 0.9764]], device='cuda:0',
       grad_fn=<SliceBackward0>)
2025-07-09 18:39:07,785 INFO: [155/300] Loss_total: 6.00933 Test_loss: 2.55652 Time: 1.61s
2025-07-09 18:39:08,816 INFO: In step 299, Pred_score1: tensor([0.1665], device='cuda:0', grad_fn=<SelectBackward0>), origin_score1: tensor([0.3341], device='cuda:0', grad_fn=<SelectBackward0>)
2025-07-09 18:39:08,817 INFO: origin_layout0: tensor([[0.2305, 0.4883, 1.0000, 1.0000],
        [0.1016, 0.3711, 0.0000, 0.0000],
        [0.2344, 0.3477, 0.0000, 1.0000],
        [0.6172, 0.4766, 0.0000, 0.0000],
        [0.1836, 0.4414, 1.0000, 0.0000],
        [0.3398, 0.3945, 1.0000, 0.0000],
        [0.4375, 0.4492, 1.0000, 1.0000],
        [0.1172, 0.2773, 0.0000, 0.0000]], device='cuda:0')
2025-07-09 18:39:08,818 INFO: refine_layout0: tensor([[0.2369, 0.4353, 0.9504, 0.9727],
        [0.2633, 0.3692, 0.0442, 0.0267],
        [0.3134, 0.3707, 0.0159, 0.9661],
        [0.5559, 0.5017, 0.0248, 0.0098],
        [0.2393, 0.5375, 0.9877, 0.0189],
        [0.3980, 0.4961, 0.9903, 0.0367],
        [0.6789, 0.5156, 0.9275, 0.9775],
        [0.2180, 0.2894, 0.0467, 0.0328]], device='cuda:0',
       grad_fn=<SliceBackward0>)
2025-07-09 18:39:09,129 INFO: [156/300] Loss_total: 6.00853 Test_loss: 2.66230 Time: 1.34s
2025-07-09 18:39:10,204 INFO: In step 299, Pred_score1: tensor([0.5448], device='cuda:0', grad_fn=<SelectBackward0>), origin_score1: tensor([0.3341], device='cuda:0', grad_fn=<SelectBackward0>)
2025-07-09 18:39:10,205 INFO: origin_layout0: tensor([[0.4141, 0.5234, 1.0000, 1.0000],
        [0.5625, 0.4961, 1.0000, 1.0000],
        [0.4102, 0.3633, 0.0000, 1.0000],
        [0.3789, 0.5234, 0.0000, 1.0000],
        [0.4766, 0.4375, 1.0000, 0.0000]], device='cuda:0')
2025-07-09 18:39:10,207 INFO: refine_layout0: tensor([[0.4590, 0.5015, 0.9304, 0.9258],
        [0.5248, 0.3431, 0.9463, 0.9564],
        [0.4662, 0.2945, 0.0141, 0.9356],
        [0.4335, 0.3517, 0.0088, 0.9313],
        [0.5567, 0.3122, 0.9498, 0.0259]], device='cuda:0',
       grad_fn=<SliceBackward0>)
2025-07-09 18:39:10,501 INFO: [157/300] Loss_total: 6.00475 Test_loss: 2.66071 Time: 1.37s
2025-07-09 18:39:11,538 INFO: In step 299, Pred_score1: tensor([0.8939], device='cuda:0', grad_fn=<SelectBackward0>), origin_score1: tensor([0.3341], device='cuda:0', grad_fn=<SelectBackward0>)
2025-07-09 18:39:11,539 INFO: origin_layout0: tensor([[0.3828, 0.6055, 1.0000, 1.0000],
        [0.2656, 0.6367, 0.0000, 0.0000],
        [0.6484, 0.5586, 1.0000, 1.0000]], device='cuda:0')
2025-07-09 18:39:11,540 INFO: refine_layout0: tensor([[0.4247, 0.5321, 0.9186, 0.9051],
        [0.4510, 0.5659, 0.0274, 0.0080],
        [0.6293, 0.4912, 0.8740, 0.8060]], device='cuda:0',
       grad_fn=<SliceBackward0>)
2025-07-09 18:39:11,834 INFO: [158/300] Loss_total: 6.00702 Test_loss: 2.15656 Time: 1.33s
2025-07-09 18:39:12,874 INFO: In step 299, Pred_score1: tensor([0.5985], device='cuda:0', grad_fn=<SelectBackward0>), origin_score1: tensor([0.3341], device='cuda:0', grad_fn=<SelectBackward0>)
2025-07-09 18:39:12,875 INFO: origin_layout0: tensor([[0.3203, 0.5625, 1.0000, 1.0000],
        [0.2344, 0.3125, 0.0000, 0.0000],
        [0.5273, 0.4258, 1.0000, 1.0000],
        [0.4688, 0.3984, 0.0000, 0.0000],
        [0.2695, 0.4844, 1.0000, 0.0000],
        [0.3516, 0.4883, 1.0000, 0.0000]], device='cuda:0')
2025-07-09 18:39:12,876 INFO: refine_layout0: tensor([[0.3559, 0.5369, 0.9470, 0.9599],
        [0.3111, 0.3464, 0.0372, 0.0237],
        [0.5692, 0.4679, 0.9233, 0.9156],
        [0.4907, 0.4479, 0.0246, 0.0128],
        [0.3110, 0.5088, 0.9779, 0.0097],
        [0.3582, 0.5117, 0.9831, 0.0187]], device='cuda:0',
       grad_fn=<SliceBackward0>)
2025-07-09 18:39:13,185 INFO: [159/300] Loss_total: 6.00596 Test_loss: 2.63608 Time: 1.35s
2025-07-09 18:39:14,225 INFO: In step 299, Pred_score1: tensor([0.5722], device='cuda:0', grad_fn=<SelectBackward0>), origin_score1: tensor([0.3341], device='cuda:0', grad_fn=<SelectBackward0>)
2025-07-09 18:39:14,226 INFO: origin_layout0: tensor([[0.3828, 0.4414, 1.0000, 1.0000],
        [0.5352, 0.3984, 1.0000, 1.0000],
        [0.3789, 0.4102, 0.0000, 1.0000],
        [0.5078, 0.1836, 0.0000, 1.0000],
        [0.4727, 0.1758, 1.0000, 0.0000],
        [0.6797, 0.3359, 1.0000, 0.0000],
        [0.4961, 0.2617, 0.0000, 0.0000]], device='cuda:0')
2025-07-09 18:39:14,228 INFO: refine_layout0: tensor([[0.3798, 0.4052, 0.9452, 0.9443],
        [0.4674, 0.2924, 0.9571, 0.9602],
        [0.4537, 0.3357, 0.0134, 0.9376],
        [0.5348, 0.1857, 0.0132, 0.9469],
        [0.4838, 0.2134, 0.9652, 0.0540],
        [0.5437, 0.4127, 0.9815, 0.0193],
        [0.4950, 0.3901, 0.0542, 0.0209]], device='cuda:0',
       grad_fn=<SliceBackward0>)
2025-07-09 18:39:14,535 INFO: [160/300] Loss_total: 6.00003 Test_loss: 2.67618 Time: 1.35s
2025-07-09 18:39:15,577 INFO: In step 299, Pred_score1: tensor([0.8516], device='cuda:0', grad_fn=<SelectBackward0>), origin_score1: tensor([0.3341], device='cuda:0', grad_fn=<SelectBackward0>)
2025-07-09 18:39:15,578 INFO: origin_layout0: tensor([[0.4297, 0.3867, 1.0000, 1.0000],
        [0.6953, 0.4297, 1.0000, 1.0000],
        [0.5938, 0.6016, 0.0000, 1.0000],
        [0.5664, 0.7188, 0.0000, 0.0000],
        [0.6133, 0.7539, 1.0000, 0.0000]], device='cuda:0')
2025-07-09 18:39:15,580 INFO: refine_layout0: tensor([[0.4147, 0.3808, 0.9492, 0.9676],
        [0.6429, 0.3839, 0.9406, 0.9546],
        [0.6059, 0.4899, 0.0056, 0.9203],
        [0.6744, 0.5514, 0.0256, 0.0201],
        [0.6492, 0.6339, 0.9513, 0.0041]], device='cuda:0',
       grad_fn=<SliceBackward0>)
2025-07-09 18:39:15,884 INFO: [161/300] Loss_total: 6.00402 Test_loss: 2.45909 Time: 1.35s
2025-07-09 18:39:16,963 INFO: In step 299, Pred_score1: tensor([0.9454], device='cuda:0', grad_fn=<SelectBackward0>), origin_score1: tensor([0.3341], device='cuda:0', grad_fn=<SelectBackward0>)
2025-07-09 18:39:16,965 INFO: origin_layout0: tensor([[0.3281, 0.6641, 1.0000, 1.0000],
        [0.7773, 0.2852, 1.0000, 1.0000],
        [0.5352, 0.2891, 1.0000, 1.0000],
        [0.4766, 0.3438, 0.0000, 0.0000],
        [0.2539, 0.6875, 1.0000, 0.0000]], device='cuda:0')
2025-07-09 18:39:16,966 INFO: refine_layout0: tensor([[0.3375, 0.5556, 0.9337, 0.9323],
        [0.6749, 0.2588, 0.9417, 0.9545],
        [0.3547, 0.1634, 0.9520, 0.9788],
        [0.6321, 0.2931, 0.0778, 0.0606],
        [0.4917, 0.5076, 0.9321, 0.0113]], device='cuda:0',
       grad_fn=<SliceBackward0>)
2025-07-09 18:39:17,400 INFO: [162/300] Loss_total: 6.00612 Test_loss: 2.36562 Time: 1.52s
2025-07-09 18:39:18,968 INFO: In step 299, Pred_score1: tensor([0.], device='cuda:0', grad_fn=<SelectBackward0>), origin_score1: tensor([0.3341], device='cuda:0', grad_fn=<SelectBackward0>)
2025-07-09 18:39:18,970 INFO: origin_layout0: tensor([[0.3750, 0.3438, 1.0000, 1.0000],
        [0.6211, 0.3906, 1.0000, 1.0000]], device='cuda:0')
2025-07-09 18:39:18,971 INFO: refine_layout0: tensor([[0.4516, 0.3527, 0.9352, 0.9217],
        [0.5398, 0.2496, 0.9554, 0.9646]], device='cuda:0',
       grad_fn=<SliceBackward0>)
2025-07-09 18:39:19,304 INFO: [163/300] Loss_total: 6.00273 Test_loss: 2.39458 Time: 1.90s
2025-07-09 18:39:20,399 INFO: In step 299, Pred_score1: tensor([0.2096], device='cuda:0', grad_fn=<SelectBackward0>), origin_score1: tensor([0.3341], device='cuda:0', grad_fn=<SelectBackward0>)
2025-07-09 18:39:20,400 INFO: origin_layout0: tensor([[0.2930, 0.1758, 1.0000, 1.0000],
        [0.3008, 0.4531, 0.0000, 0.0000],
        [0.3594, 0.4805, 0.0000, 1.0000],
        [0.5156, 0.5469, 0.0000, 0.0000],
        [0.3594, 0.6523, 1.0000, 0.0000],
        [0.5000, 0.6406, 1.0000, 0.0000],
        [0.7656, 0.6875, 0.0000, 1.0000]], device='cuda:0')
2025-07-09 18:39:20,401 INFO: refine_layout0: tensor([[0.2676, 0.2264, 0.9557, 0.9750],
        [0.3960, 0.4763, 0.0324, 0.0106],
        [0.3608, 0.4517, 0.0105, 0.9454],
        [0.4913, 0.5516, 0.0223, 0.0072],
        [0.3398, 0.6753, 0.9842, 0.0096],
        [0.5330, 0.6539, 0.9849, 0.0160],
        [0.7868, 0.6052, 0.0111, 0.9247]], device='cuda:0',
       grad_fn=<SliceBackward0>)
2025-07-09 18:39:20,710 INFO: [164/300] Loss_total: 5.99420 Test_loss: 2.56397 Time: 1.41s
2025-07-09 18:39:21,783 INFO: In step 299, Pred_score1: tensor([0.8739], device='cuda:0', grad_fn=<SelectBackward0>), origin_score1: tensor([0.3341], device='cuda:0', grad_fn=<SelectBackward0>)
2025-07-09 18:39:21,785 INFO: origin_layout0: tensor([[0.2773, 0.5391, 1.0000, 1.0000],
        [0.8203, 0.5078, 1.0000, 1.0000],
        [0.4688, 0.3398, 1.0000, 1.0000],
        [0.4141, 0.2930, 0.0000, 0.0000],
        [0.2266, 0.4727, 1.0000, 0.0000],
        [0.3203, 0.3945, 1.0000, 0.0000],
        [0.3867, 0.5312, 1.0000, 1.0000],
        [0.4531, 0.2539, 0.0000, 0.0000]], device='cuda:0')
2025-07-09 18:39:21,786 INFO: refine_layout0: tensor([[0.2641, 0.4561, 0.9494, 0.9613],
        [0.7461, 0.4574, 0.9229, 0.9227],
        [0.3045, 0.1673, 0.9486, 0.9792],
        [0.6217, 0.2613, 0.0913, 0.0731],
        [0.4682, 0.3615, 0.9485, 0.0158],
        [0.4263, 0.3216, 0.9719, 0.0243],
        [0.4618, 0.3294, 0.9045, 0.9242],
        [0.5904, 0.2567, 0.0971, 0.0473]], device='cuda:0',
       grad_fn=<SliceBackward0>)
2025-07-09 18:39:22,080 INFO: [165/300] Loss_total: 5.99786 Test_loss: 2.96725 Time: 1.37s
2025-07-09 18:39:23,175 INFO: In step 299, Pred_score1: tensor([0.9905], device='cuda:0', grad_fn=<SelectBackward0>), origin_score1: tensor([0.3341], device='cuda:0', grad_fn=<SelectBackward0>)
2025-07-09 18:39:23,177 INFO: origin_layout0: tensor([[0.2500, 0.4297, 1.0000, 1.0000],
        [0.8320, 0.6992, 1.0000, 1.0000],
        [0.5703, 0.7656, 1.0000, 1.0000],
        [0.5156, 0.4453, 0.0000, 0.0000],
        [0.3047, 0.7109, 1.0000, 0.0000]], device='cuda:0')
2025-07-09 18:39:23,178 INFO: refine_layout0: tensor([[0.2288, 0.3855, 0.9514, 0.9692],
        [0.7736, 0.6008, 0.8973, 0.8762],
        [0.4853, 0.3840, 0.8935, 0.9390],
        [0.7345, 0.2865, 0.0961, 0.0646],
        [0.5937, 0.4583, 0.9206, 0.0140]], device='cuda:0',
       grad_fn=<SliceBackward0>)
2025-07-09 18:39:23,470 INFO: [166/300] Loss_total: 5.99422 Test_loss: 2.16611 Time: 1.39s
2025-07-09 18:39:24,510 INFO: In step 299, Pred_score1: tensor([0.9190], device='cuda:0', grad_fn=<SelectBackward0>), origin_score1: tensor([0.3341], device='cuda:0', grad_fn=<SelectBackward0>)
2025-07-09 18:39:24,511 INFO: origin_layout0: tensor([[0.2422, 0.2852, 1.0000, 1.0000],
        [0.8125, 0.6953, 1.0000, 1.0000],
        [0.5703, 0.4141, 1.0000, 1.0000],
        [0.5117, 0.3281, 0.0000, 0.0000],
        [0.3008, 0.5977, 1.0000, 0.0000],
        [0.3984, 0.5156, 1.0000, 0.0000],
        [0.7773, 0.3242, 0.0000, 1.0000]], device='cuda:0')
2025-07-09 18:39:24,512 INFO: refine_layout0: tensor([[0.2571, 0.3019, 0.9447, 0.9658],
        [0.7720, 0.5903, 0.8919, 0.8697],
        [0.4015, 0.1826, 0.9312, 0.9691],
        [0.6657, 0.2764, 0.0883, 0.0613],
        [0.5156, 0.4282, 0.9368, 0.0117],
        [0.4894, 0.3832, 0.9630, 0.0178],
        [0.6889, 0.2845, 0.0252, 0.8193]], device='cuda:0',
       grad_fn=<SliceBackward0>)
2025-07-09 18:39:24,841 INFO: [167/300] Loss_total: 5.99333 Test_loss: 2.77043 Time: 1.37s
2025-07-09 18:39:25,909 INFO: In step 299, Pred_score1: tensor([0.7013], device='cuda:0', grad_fn=<SelectBackward0>), origin_score1: tensor([0.3341], device='cuda:0', grad_fn=<SelectBackward0>)
2025-07-09 18:39:25,910 INFO: origin_layout0: tensor([[0.4688, 0.4688, 1.0000, 1.0000],
        [0.3398, 0.4961, 0.0000, 0.0000],
        [0.4648, 0.5742, 0.0000, 1.0000],
        [0.4336, 0.5547, 0.0000, 0.0000]], device='cuda:0')
2025-07-09 18:39:25,912 INFO: refine_layout0: tensor([[0.4579, 0.4487, 0.9411, 0.9465],
        [0.4161, 0.4921, 0.0254, 0.0091],
        [0.4499, 0.5273, 0.0065, 0.9240],
        [0.4499, 0.5434, 0.0194, 0.0081]], device='cuda:0',
       grad_fn=<SliceBackward0>)
2025-07-09 18:39:26,210 INFO: [168/300] Loss_total: 5.99326 Test_loss: 2.07338 Time: 1.37s
2025-07-09 18:39:27,266 INFO: In step 299, Pred_score1: tensor([0.4213], device='cuda:0', grad_fn=<SelectBackward0>), origin_score1: tensor([0.3341], device='cuda:0', grad_fn=<SelectBackward0>)
2025-07-09 18:39:27,268 INFO: origin_layout0: tensor([[0.3125, 0.4609, 1.0000, 1.0000],
        [0.1875, 0.7070, 0.0000, 0.0000],
        [0.6758, 0.2656, 1.0000, 1.0000],
        [0.5742, 0.3047, 0.0000, 0.0000],
        [0.2695, 0.6016, 1.0000, 0.0000],
        [0.4531, 0.3711, 1.0000, 0.0000],
        [0.6445, 0.3711, 0.0000, 1.0000]], device='cuda:0')
2025-07-09 18:39:27,269 INFO: refine_layout0: tensor([[0.3046, 0.4135, 0.9327, 0.9444],
        [0.3771, 0.6334, 0.0238, 0.0074],
        [0.6153, 0.3118, 0.8946, 0.8652],
        [0.5605, 0.3943, 0.0242, 0.0101],
        [0.3304, 0.5819, 0.9643, 0.0076],
        [0.3759, 0.4043, 0.9794, 0.0163],
        [0.6913, 0.4039, 0.0133, 0.9314]], device='cuda:0',
       grad_fn=<SliceBackward0>)
2025-07-09 18:39:27,564 INFO: [169/300] Loss_total: 6.00024 Test_loss: 2.73004 Time: 1.35s
2025-07-09 18:39:28,619 INFO: In step 299, Pred_score1: tensor([0.5131], device='cuda:0', grad_fn=<SelectBackward0>), origin_score1: tensor([0.3341], device='cuda:0', grad_fn=<SelectBackward0>)
2025-07-09 18:39:28,621 INFO: origin_layout0: tensor([[0.3438, 0.5078, 1.0000, 1.0000],
        [0.2812, 0.5039, 0.0000, 0.0000],
        [0.5898, 0.4492, 1.0000, 1.0000],
        [0.5117, 0.4375, 0.0000, 0.0000],
        [0.3242, 0.6914, 1.0000, 0.0000],
        [0.5664, 0.3672, 1.0000, 0.0000],
        [0.2930, 0.4609, 0.0000, 0.0000]], device='cuda:0')
2025-07-09 18:39:28,622 INFO: refine_layout0: tensor([[0.3537, 0.4648, 0.9437, 0.9493],
        [0.3922, 0.4909, 0.0272, 0.0104],
        [0.5860, 0.4475, 0.9069, 0.8836],
        [0.5645, 0.4519, 0.0252, 0.0108],
        [0.3896, 0.6277, 0.9613, 0.0058],
        [0.4473, 0.4097, 0.9759, 0.0141],
        [0.3727, 0.4942, 0.0290, 0.0135]], device='cuda:0',
       grad_fn=<SliceBackward0>)
2025-07-09 18:39:28,931 INFO: [170/300] Loss_total: 5.99064 Test_loss: 2.89817 Time: 1.37s
2025-07-09 18:39:30,319 INFO: In step 299, Pred_score1: tensor([0.8654], device='cuda:0', grad_fn=<SelectBackward0>), origin_score1: tensor([0.3341], device='cuda:0', grad_fn=<SelectBackward0>)
2025-07-09 18:39:30,321 INFO: origin_layout0: tensor([[0.2930, 0.4297, 1.0000, 1.0000],
        [0.3125, 0.5547, 0.0000, 0.0000],
        [0.6953, 0.4961, 1.0000, 1.0000],
        [0.6172, 0.4805, 0.0000, 0.0000]], device='cuda:0')
2025-07-09 18:39:30,322 INFO: refine_layout0: tensor([[0.2798, 0.4216, 0.9559, 0.9759],
        [0.3729, 0.5272, 0.0272, 0.0123],
        [0.6979, 0.5320, 0.9105, 0.8890],
        [0.5532, 0.4825, 0.0238, 0.0103]], device='cuda:0',
       grad_fn=<SliceBackward0>)
2025-07-09 18:39:30,781 INFO: [171/300] Loss_total: 5.99242 Test_loss: 2.51401 Time: 1.85s
2025-07-09 18:39:31,986 INFO: In step 299, Pred_score1: tensor([0.8435], device='cuda:0', grad_fn=<SelectBackward0>), origin_score1: tensor([0.3341], device='cuda:0', grad_fn=<SelectBackward0>)
2025-07-09 18:39:31,987 INFO: origin_layout0: tensor([[0.3164, 0.7617, 1.0000, 1.0000],
        [0.6484, 0.4375, 1.0000, 1.0000],
        [0.4492, 0.4180, 1.0000, 1.0000],
        [0.4102, 0.5664, 0.0000, 0.0000],
        [0.3125, 0.6172, 1.0000, 0.0000],
        [0.4609, 0.3555, 1.0000, 0.0000]], device='cuda:0')
2025-07-09 18:39:31,988 INFO: refine_layout0: tensor([[0.3481, 0.6435, 0.9380, 0.9483],
        [0.6322, 0.3723, 0.9504, 0.9679],
        [0.3397, 0.2073, 0.9517, 0.9792],
        [0.6287, 0.3645, 0.0669, 0.0530],
        [0.5209, 0.4435, 0.9426, 0.0106],
        [0.4653, 0.3263, 0.9682, 0.0224]], device='cuda:0',
       grad_fn=<SliceBackward0>)
2025-07-09 18:39:32,289 INFO: [172/300] Loss_total: 5.98998 Test_loss: 2.07246 Time: 1.51s
2025-07-09 18:39:33,353 INFO: In step 299, Pred_score1: tensor([0.5711], device='cuda:0', grad_fn=<SelectBackward0>), origin_score1: tensor([0.3341], device='cuda:0', grad_fn=<SelectBackward0>)
2025-07-09 18:39:33,354 INFO: origin_layout0: tensor([[0.4414, 0.6367, 1.0000, 1.0000],
        [0.5664, 0.6094, 1.0000, 1.0000],
        [0.4375, 0.3477, 0.0000, 1.0000],
        [0.6250, 0.4102, 0.0000, 0.0000]], device='cuda:0')
2025-07-09 18:39:33,355 INFO: refine_layout0: tensor([[0.4848, 0.5658, 0.9180, 0.8985],
        [0.5099, 0.3799, 0.9375, 0.9382],
        [0.4955, 0.2583, 0.0151, 0.9207],
        [0.6983, 0.3932, 0.0298, 0.0264]], device='cuda:0',
       grad_fn=<SliceBackward0>)
2025-07-09 18:39:33,658 INFO: [173/300] Loss_total: 5.99185 Test_loss: 1.83362 Time: 1.37s
2025-07-09 18:39:34,735 INFO: In step 299, Pred_score1: tensor([0.8639], device='cuda:0', grad_fn=<SelectBackward0>), origin_score1: tensor([0.3341], device='cuda:0', grad_fn=<SelectBackward0>)
2025-07-09 18:39:34,737 INFO: origin_layout0: tensor([[0.3633, 0.5000, 1.0000, 1.0000],
        [0.2930, 0.5898, 0.0000, 0.0000],
        [0.6133, 0.4141, 1.0000, 1.0000],
        [0.5430, 0.3047, 0.0000, 0.0000],
        [0.3242, 0.6719, 1.0000, 0.0000]], device='cuda:0')
2025-07-09 18:39:34,738 INFO: refine_layout0: tensor([[0.3476, 0.4359, 0.9416, 0.9450],
        [0.4349, 0.5684, 0.0259, 0.0080],
        [0.5799, 0.4057, 0.9017, 0.8830],
        [0.5852, 0.3802, 0.0281, 0.0118],
        [0.4153, 0.6206, 0.9555, 0.0060]], device='cuda:0',
       grad_fn=<SliceBackward0>)
2025-07-09 18:39:35,040 INFO: [174/300] Loss_total: 5.98634 Test_loss: 2.20840 Time: 1.38s
2025-07-09 18:39:36,056 INFO: In step 299, Pred_score1: tensor([0.8236], device='cuda:0', grad_fn=<SelectBackward0>), origin_score1: tensor([0.3341], device='cuda:0', grad_fn=<SelectBackward0>)
2025-07-09 18:39:36,057 INFO: origin_layout0: tensor([[0.3906, 0.3477, 1.0000, 1.0000],
        [0.4023, 0.5742, 0.0000, 0.0000],
        [0.6953, 0.6172, 1.0000, 1.0000],
        [0.6484, 0.4375, 0.0000, 0.0000],
        [0.4648, 0.6875, 1.0000, 0.0000]], device='cuda:0')
2025-07-09 18:39:36,058 INFO: refine_layout0: tensor([[0.3569, 0.3437, 0.9531, 0.9698],
        [0.4631, 0.5690, 0.0240, 0.0083],
        [0.6893, 0.5904, 0.8853, 0.8726],
        [0.6151, 0.4515, 0.0240, 0.0115],
        [0.4872, 0.6313, 0.9587, 0.0044]], device='cuda:0',
       grad_fn=<SliceBackward0>)
2025-07-09 18:39:36,371 INFO: [175/300] Loss_total: 5.98256 Test_loss: 2.38361 Time: 1.33s
2025-07-09 18:39:37,436 INFO: In step 299, Pred_score1: tensor([0.3538], device='cuda:0', grad_fn=<SelectBackward0>), origin_score1: tensor([0.3341], device='cuda:0', grad_fn=<SelectBackward0>)
2025-07-09 18:39:37,438 INFO: origin_layout0: tensor([[0.3828, 0.3438, 1.0000, 1.0000],
        [0.3945, 0.5391, 0.0000, 0.0000],
        [0.6445, 0.7383, 1.0000, 1.0000],
        [0.6016, 0.5078, 0.0000, 0.0000],
        [0.4648, 0.7930, 1.0000, 0.0000],
        [0.5586, 0.5625, 1.0000, 0.0000]], device='cuda:0')
2025-07-09 18:39:37,439 INFO: refine_layout0: tensor([[0.3335, 0.3311, 0.9541, 0.9596],
        [0.4714, 0.5569, 0.0256, 0.0066],
        [0.6357, 0.6338, 0.8696, 0.8195],
        [0.6385, 0.4847, 0.0244, 0.0098],
        [0.5282, 0.6753, 0.9425, 0.0034],
        [0.5186, 0.4957, 0.9653, 0.0078]], device='cuda:0',
       grad_fn=<SliceBackward0>)
2025-07-09 18:39:37,742 INFO: [176/300] Loss_total: 5.98219 Test_loss: 2.40748 Time: 1.37s
2025-07-09 18:39:38,789 INFO: In step 299, Pred_score1: tensor([0.1521], device='cuda:0', grad_fn=<SelectBackward0>), origin_score1: tensor([0.3341], device='cuda:0', grad_fn=<SelectBackward0>)
2025-07-09 18:39:38,790 INFO: origin_layout0: tensor([[0.2812, 0.4961, 1.0000, 1.0000],
        [0.5625, 0.4922, 1.0000, 1.0000],
        [0.2734, 0.4375, 0.0000, 1.0000],
        [0.2227, 0.5781, 0.0000, 1.0000]], device='cuda:0')
2025-07-09 18:39:38,791 INFO: refine_layout0: tensor([[0.3055, 0.4462, 0.9351, 0.9344],
        [0.5145, 0.3230, 0.9466, 0.9515],
        [0.3926, 0.3122, 0.0161, 0.9389],
        [0.3687, 0.3457, 0.0103, 0.9336]], device='cuda:0',
       grad_fn=<SliceBackward0>)
2025-07-09 18:39:39,093 INFO: [177/300] Loss_total: 5.98180 Test_loss: 1.99527 Time: 1.35s
2025-07-09 18:39:40,164 INFO: In step 299, Pred_score1: tensor([0.3683], device='cuda:0', grad_fn=<SelectBackward0>), origin_score1: tensor([0.3341], device='cuda:0', grad_fn=<SelectBackward0>)
2025-07-09 18:39:40,165 INFO: origin_layout0: tensor([[0.4219, 0.4844, 1.0000, 1.0000],
        [0.7500, 0.4414, 1.0000, 1.0000],
        [0.4102, 0.4688, 0.0000, 1.0000]], device='cuda:0')
2025-07-09 18:39:40,166 INFO: refine_layout0: tensor([[0.4123, 0.4377, 0.9396, 0.9419],
        [0.6502, 0.3545, 0.9328, 0.9286],
        [0.4723, 0.3711, 0.0095, 0.9262]], device='cuda:0',
       grad_fn=<SliceBackward0>)
2025-07-09 18:39:40,481 INFO: [178/300] Loss_total: 5.98664 Test_loss: 1.87664 Time: 1.39s
2025-07-09 18:39:41,723 INFO: In step 299, Pred_score1: tensor([0.6251], device='cuda:0', grad_fn=<SelectBackward0>), origin_score1: tensor([0.3341], device='cuda:0', grad_fn=<SelectBackward0>)
2025-07-09 18:39:41,725 INFO: origin_layout0: tensor([[0.2578, 0.5742, 1.0000, 1.0000],
        [0.7773, 0.4844, 1.0000, 1.0000],
        [0.4844, 0.4336, 1.0000, 1.0000],
        [0.4180, 0.5039, 0.0000, 0.0000],
        [0.2852, 0.5586, 1.0000, 0.0000],
        [0.5352, 0.4297, 1.0000, 0.0000],
        [0.6680, 0.3359, 1.0000, 1.0000]], device='cuda:0')
2025-07-09 18:39:41,729 INFO: refine_layout0: tensor([[0.2710, 0.5147, 0.9418, 0.9623],
        [0.7323, 0.4492, 0.9234, 0.9410],
        [0.3576, 0.2282, 0.9400, 0.9741],
        [0.6387, 0.3418, 0.0685, 0.0552],
        [0.5068, 0.4130, 0.9427, 0.0113],
        [0.5253, 0.3816, 0.9615, 0.0159],
        [0.6650, 0.2995, 0.8994, 0.9137]], device='cuda:0',
       grad_fn=<SliceBackward0>)
2025-07-09 18:39:42,167 INFO: [179/300] Loss_total: 5.98278 Test_loss: 2.90488 Time: 1.69s
2025-07-09 18:39:43,594 INFO: In step 299, Pred_score1: tensor([0.9505], device='cuda:0', grad_fn=<SelectBackward0>), origin_score1: tensor([0.3341], device='cuda:0', grad_fn=<SelectBackward0>)
2025-07-09 18:39:43,595 INFO: origin_layout0: tensor([[0.2852, 0.3125, 1.0000, 1.0000],
        [0.2969, 0.4766, 0.0000, 0.0000],
        [0.5859, 0.6680, 1.0000, 1.0000]], device='cuda:0')
2025-07-09 18:39:43,596 INFO: refine_layout0: tensor([[0.3135, 0.3156, 0.9395, 0.9424],
        [0.4237, 0.4729, 0.0302, 0.0086],
        [0.5967, 0.5720, 0.8733, 0.7974]], device='cuda:0',
       grad_fn=<SliceBackward0>)
2025-07-09 18:39:43,905 INFO: [180/300] Loss_total: 5.98355 Test_loss: 2.00186 Time: 1.74s
2025-07-09 18:39:44,976 INFO: In step 299, Pred_score1: tensor([0.1535], device='cuda:0', grad_fn=<SelectBackward0>), origin_score1: tensor([0.3341], device='cuda:0', grad_fn=<SelectBackward0>)
2025-07-09 18:39:44,977 INFO: origin_layout0: tensor([[0.2656, 0.5586, 1.0000, 1.0000],
        [0.1992, 0.4336, 0.0000, 0.0000],
        [0.2695, 0.1797, 0.0000, 1.0000]], device='cuda:0')
2025-07-09 18:39:44,978 INFO: refine_layout0: tensor([[0.2782, 0.4761, 0.9308, 0.9329],
        [0.3561, 0.4482, 0.0304, 0.0113],
        [0.3014, 0.2501, 0.0208, 0.9503]], device='cuda:0',
       grad_fn=<SliceBackward0>)
2025-07-09 18:39:45,280 INFO: [181/300] Loss_total: 5.98166 Test_loss: 2.08091 Time: 1.37s
2025-07-09 18:39:46,335 INFO: In step 299, Pred_score1: tensor([0.4871], device='cuda:0', grad_fn=<SelectBackward0>), origin_score1: tensor([0.3341], device='cuda:0', grad_fn=<SelectBackward0>)
2025-07-09 18:39:46,336 INFO: origin_layout0: tensor([[0.3438, 0.5078, 1.0000, 1.0000],
        [0.2812, 0.5039, 0.0000, 0.0000],
        [0.5898, 0.4492, 1.0000, 1.0000],
        [0.5117, 0.4375, 0.0000, 0.0000],
        [0.3242, 0.6914, 1.0000, 0.0000],
        [0.5664, 0.3672, 1.0000, 0.0000],
        [0.2930, 0.4609, 0.0000, 0.0000]], device='cuda:0')
2025-07-09 18:39:46,338 INFO: refine_layout0: tensor([[0.3405, 0.4624, 0.9410, 0.9484],
        [0.3949, 0.4957, 0.0263, 0.0099],
        [0.5732, 0.4469, 0.9030, 0.8823],
        [0.5673, 0.4583, 0.0240, 0.0100],
        [0.3914, 0.6296, 0.9590, 0.0055],
        [0.4517, 0.4096, 0.9747, 0.0128],
        [0.3752, 0.4993, 0.0283, 0.0129]], device='cuda:0',
       grad_fn=<SliceBackward0>)
2025-07-09 18:39:46,656 INFO: [182/300] Loss_total: 5.98404 Test_loss: 2.96511 Time: 1.38s
2025-07-09 18:39:47,703 INFO: In step 299, Pred_score1: tensor([0.8483], device='cuda:0', grad_fn=<SelectBackward0>), origin_score1: tensor([0.3341], device='cuda:0', grad_fn=<SelectBackward0>)
2025-07-09 18:39:47,705 INFO: origin_layout0: tensor([[0.3633, 0.5000, 1.0000, 1.0000],
        [0.2930, 0.5898, 0.0000, 0.0000],
        [0.6133, 0.4141, 1.0000, 1.0000],
        [0.5430, 0.3047, 0.0000, 0.0000],
        [0.3242, 0.6719, 1.0000, 0.0000]], device='cuda:0')
2025-07-09 18:39:47,706 INFO: refine_layout0: tensor([[0.3379, 0.4266, 0.9422, 0.9469],
        [0.4476, 0.5576, 0.0257, 0.0087],
        [0.5697, 0.3900, 0.9012, 0.8870],
        [0.6050, 0.3682, 0.0291, 0.0132],
        [0.4284, 0.6057, 0.9537, 0.0063]], device='cuda:0',
       grad_fn=<SliceBackward0>)
2025-07-09 18:39:48,005 INFO: [183/300] Loss_total: 5.97622 Test_loss: 2.08773 Time: 1.35s
2025-07-09 18:39:49,059 INFO: In step 299, Pred_score1: tensor([0.7109], device='cuda:0', grad_fn=<SelectBackward0>), origin_score1: tensor([0.3341], device='cuda:0', grad_fn=<SelectBackward0>)
2025-07-09 18:39:49,060 INFO: origin_layout0: tensor([[0.4844, 0.5820, 1.0000, 1.0000],
        [0.6250, 0.4922, 1.0000, 1.0000],
        [0.4766, 0.5469, 0.0000, 1.0000],
        [0.4414, 0.5039, 0.0000, 0.0000]], device='cuda:0')
2025-07-09 18:39:49,062 INFO: refine_layout0: tensor([[0.5184, 0.5337, 0.9213, 0.8985],
        [0.5455, 0.3206, 0.9387, 0.9403],
        [0.5482, 0.3877, 0.0084, 0.9011],
        [0.6618, 0.4155, 0.0318, 0.0310]], device='cuda:0',
       grad_fn=<SliceBackward0>)
2025-07-09 18:39:49,358 INFO: [184/300] Loss_total: 5.97602 Test_loss: 2.45690 Time: 1.35s
2025-07-09 18:39:50,427 INFO: In step 299, Pred_score1: tensor([0.8730], device='cuda:0', grad_fn=<SelectBackward0>), origin_score1: tensor([0.3341], device='cuda:0', grad_fn=<SelectBackward0>)
2025-07-09 18:39:50,428 INFO: origin_layout0: tensor([[0.3945, 0.6094, 1.0000, 1.0000],
        [0.2812, 0.2812, 0.0000, 0.0000],
        [0.5781, 0.5312, 1.0000, 1.0000],
        [0.5234, 0.4648, 0.0000, 0.0000],
        [0.4414, 0.5078, 1.0000, 0.0000]], device='cuda:0')
2025-07-09 18:39:50,429 INFO: refine_layout0: tensor([[0.3707, 0.5103, 0.9455, 0.9488],
        [0.3641, 0.3308, 0.0386, 0.0189],
        [0.5628, 0.4901, 0.9143, 0.8900],
        [0.5887, 0.4718, 0.0243, 0.0103],
        [0.4704, 0.4929, 0.9705, 0.0059]], device='cuda:0',
       grad_fn=<SliceBackward0>)
2025-07-09 18:39:50,745 INFO: [185/300] Loss_total: 5.98277 Test_loss: 2.40634 Time: 1.39s
2025-07-09 18:39:51,805 INFO: In step 299, Pred_score1: tensor([0.8572], device='cuda:0', grad_fn=<SelectBackward0>), origin_score1: tensor([0.3341], device='cuda:0', grad_fn=<SelectBackward0>)
2025-07-09 18:39:51,807 INFO: origin_layout0: tensor([[0.2773, 0.5391, 1.0000, 1.0000],
        [0.8203, 0.5078, 1.0000, 1.0000],
        [0.4688, 0.3398, 1.0000, 1.0000],
        [0.4141, 0.2930, 0.0000, 0.0000],
        [0.2266, 0.4727, 1.0000, 0.0000],
        [0.3203, 0.3945, 1.0000, 0.0000],
        [0.3867, 0.5312, 1.0000, 1.0000],
        [0.4531, 0.2539, 0.0000, 0.0000]], device='cuda:0')
2025-07-09 18:39:51,808 INFO: refine_layout0: tensor([[0.2384, 0.4474, 0.9508, 0.9629],
        [0.7182, 0.4444, 0.9179, 0.9175],
        [0.2987, 0.1672, 0.9462, 0.9787],
        [0.6326, 0.2603, 0.0971, 0.0745],
        [0.4775, 0.3610, 0.9490, 0.0151],
        [0.4320, 0.3103, 0.9720, 0.0240],
        [0.4449, 0.3123, 0.9036, 0.9217],
        [0.5954, 0.2500, 0.1093, 0.0526]], device='cuda:0',
       grad_fn=<SliceBackward0>)
2025-07-09 18:39:52,115 INFO: [186/300] Loss_total: 5.97712 Test_loss: 2.84182 Time: 1.37s
2025-07-09 18:39:53,191 INFO: In step 299, Pred_score1: tensor([0.8545], device='cuda:0', grad_fn=<SelectBackward0>), origin_score1: tensor([0.3341], device='cuda:0', grad_fn=<SelectBackward0>)
2025-07-09 18:39:53,192 INFO: origin_layout0: tensor([[0.4297, 0.3867, 1.0000, 1.0000],
        [0.6953, 0.4297, 1.0000, 1.0000],
        [0.5938, 0.6016, 0.0000, 1.0000],
        [0.5664, 0.7188, 0.0000, 0.0000],
        [0.6133, 0.7539, 1.0000, 0.0000]], device='cuda:0')
2025-07-09 18:39:53,194 INFO: refine_layout0: tensor([[0.3794, 0.3841, 0.9535, 0.9670],
        [0.6010, 0.3734, 0.9365, 0.9456],
        [0.6160, 0.4926, 0.0053, 0.9158],
        [0.7010, 0.5528, 0.0240, 0.0212],
        [0.6670, 0.6226, 0.9464, 0.0038]], device='cuda:0',
       grad_fn=<SliceBackward0>)
2025-07-09 18:39:53,590 INFO: [187/300] Loss_total: 5.98730 Test_loss: 2.36593 Time: 1.47s
2025-07-09 18:39:55,099 INFO: In step 299, Pred_score1: tensor([0.9530], device='cuda:0', grad_fn=<SelectBackward0>), origin_score1: tensor([0.3341], device='cuda:0', grad_fn=<SelectBackward0>)
2025-07-09 18:39:55,101 INFO: origin_layout0: tensor([[0.2852, 0.3125, 1.0000, 1.0000],
        [0.2969, 0.4766, 0.0000, 0.0000],
        [0.5859, 0.6680, 1.0000, 1.0000]], device='cuda:0')
2025-07-09 18:39:55,102 INFO: refine_layout0: tensor([[0.3239, 0.3296, 0.9384, 0.9458],
        [0.4070, 0.4785, 0.0284, 0.0088],
        [0.6118, 0.5897, 0.8706, 0.8042]], device='cuda:0',
       grad_fn=<SliceBackward0>)
2025-07-09 18:39:55,503 INFO: [188/300] Loss_total: 5.97506 Test_loss: 2.27439 Time: 1.91s
2025-07-09 18:39:56,563 INFO: In step 299, Pred_score1: tensor([0.3002], device='cuda:0', grad_fn=<SelectBackward0>), origin_score1: tensor([0.3341], device='cuda:0', grad_fn=<SelectBackward0>)
2025-07-09 18:39:56,564 INFO: origin_layout0: tensor([[0.2773, 0.4961, 1.0000, 1.0000],
        [0.1641, 0.3203, 0.0000, 0.0000],
        [0.5508, 0.3555, 1.0000, 1.0000],
        [0.4727, 0.4258, 0.0000, 0.0000],
        [0.3125, 0.4766, 1.0000, 0.0000],
        [0.6211, 0.2852, 1.0000, 0.0000]], device='cuda:0')
2025-07-09 18:39:56,565 INFO: refine_layout0: tensor([[0.2781, 0.4471, 0.9503, 0.9656],
        [0.2815, 0.3554, 0.0368, 0.0205],
        [0.5460, 0.4019, 0.9341, 0.9243],
        [0.5005, 0.4757, 0.0211, 0.0095],
        [0.3485, 0.5056, 0.9774, 0.0088],
        [0.4962, 0.4016, 0.9785, 0.0174]], device='cuda:0',
       grad_fn=<SliceBackward0>)
2025-07-09 18:39:56,867 INFO: [189/300] Loss_total: 5.97286 Test_loss: 2.71174 Time: 1.36s
2025-07-09 18:39:57,918 INFO: In step 299, Pred_score1: tensor([0.8113], device='cuda:0', grad_fn=<SelectBackward0>), origin_score1: tensor([0.3341], device='cuda:0', grad_fn=<SelectBackward0>)
2025-07-09 18:39:57,920 INFO: origin_layout0: tensor([[0.2656, 0.3242, 1.0000, 1.0000],
        [0.7305, 0.3867, 1.0000, 1.0000],
        [0.5195, 0.7344, 1.0000, 1.0000],
        [0.4766, 0.3477, 0.0000, 0.0000],
        [0.3086, 0.6484, 1.0000, 0.0000],
        [0.3867, 0.5312, 1.0000, 0.0000],
        [0.4375, 0.5508, 1.0000, 1.0000]], device='cuda:0')
2025-07-09 18:39:57,922 INFO: refine_layout0: tensor([[0.2531, 0.3423, 0.9527, 0.9794],
        [0.6674, 0.3738, 0.9353, 0.9530],
        [0.4349, 0.4258, 0.8925, 0.9367],
        [0.6590, 0.2741, 0.0817, 0.0673],
        [0.5355, 0.4580, 0.9308, 0.0098],
        [0.4892, 0.3768, 0.9587, 0.0181],
        [0.5015, 0.3172, 0.8947, 0.9031]], device='cuda:0',
       grad_fn=<SliceBackward0>)
2025-07-09 18:39:58,226 INFO: [190/300] Loss_total: 5.97500 Test_loss: 2.75642 Time: 1.36s
2025-07-09 18:39:59,275 INFO: In step 299, Pred_score1: tensor([0.3964], device='cuda:0', grad_fn=<SelectBackward0>), origin_score1: tensor([0.3341], device='cuda:0', grad_fn=<SelectBackward0>)
2025-07-09 18:39:59,276 INFO: origin_layout0: tensor([[0.3086, 0.4570, 1.0000, 1.0000],
        [0.2305, 0.6250, 0.0000, 0.0000],
        [0.6055, 0.3086, 1.0000, 1.0000],
        [0.5195, 0.3398, 0.0000, 0.0000],
        [0.2812, 0.4141, 1.0000, 0.0000],
        [0.5547, 0.2812, 1.0000, 0.0000]], device='cuda:0')
2025-07-09 18:39:59,277 INFO: refine_layout0: tensor([[0.2894, 0.4132, 0.9523, 0.9680],
        [0.3615, 0.5811, 0.0260, 0.0111],
        [0.5836, 0.3523, 0.9255, 0.9147],
        [0.5335, 0.4074, 0.0237, 0.0112],
        [0.3446, 0.4543, 0.9771, 0.0096],
        [0.4400, 0.3795, 0.9800, 0.0171]], device='cuda:0',
       grad_fn=<SliceBackward0>)
2025-07-09 18:39:59,578 INFO: [191/300] Loss_total: 5.96876 Test_loss: 2.34393 Time: 1.35s
2025-07-09 18:40:00,649 INFO: In step 299, Pred_score1: tensor([0.8423], device='cuda:0', grad_fn=<SelectBackward0>), origin_score1: tensor([0.3341], device='cuda:0', grad_fn=<SelectBackward0>)
2025-07-09 18:40:00,650 INFO: origin_layout0: tensor([[0.3633, 0.5000, 1.0000, 1.0000],
        [0.2930, 0.5898, 0.0000, 0.0000],
        [0.6133, 0.4141, 1.0000, 1.0000],
        [0.5430, 0.3047, 0.0000, 0.0000],
        [0.3242, 0.6719, 1.0000, 0.0000]], device='cuda:0')
2025-07-09 18:40:00,652 INFO: refine_layout0: tensor([[0.3314, 0.4391, 0.9445, 0.9459],
        [0.4299, 0.5690, 0.0249, 0.0084],
        [0.5665, 0.4052, 0.9069, 0.8845],
        [0.5835, 0.3813, 0.0279, 0.0121],
        [0.4054, 0.6268, 0.9567, 0.0057]], device='cuda:0',
       grad_fn=<SliceBackward0>)
2025-07-09 18:40:00,989 INFO: [192/300] Loss_total: 5.97094 Test_loss: 2.45110 Time: 1.41s
2025-07-09 18:40:02,082 INFO: In step 299, Pred_score1: tensor([0.6823], device='cuda:0', grad_fn=<SelectBackward0>), origin_score1: tensor([0.3341], device='cuda:0', grad_fn=<SelectBackward0>)
2025-07-09 18:40:02,083 INFO: origin_layout0: tensor([[0.4688, 0.4688, 1.0000, 1.0000],
        [0.3398, 0.4961, 0.0000, 0.0000],
        [0.4648, 0.5742, 0.0000, 1.0000],
        [0.4336, 0.5547, 0.0000, 0.0000]], device='cuda:0')
2025-07-09 18:40:02,084 INFO: refine_layout0: tensor([[0.4696, 0.4589, 0.9454, 0.9492],
        [0.4214, 0.5085, 0.0246, 0.0090],
        [0.4565, 0.5337, 0.0057, 0.9251],
        [0.4587, 0.5584, 0.0182, 0.0077]], device='cuda:0',
       grad_fn=<SliceBackward0>)
2025-07-09 18:40:02,382 INFO: [193/300] Loss_total: 5.97049 Test_loss: 2.19883 Time: 1.39s
2025-07-09 18:40:03,441 INFO: In step 299, Pred_score1: tensor([0.5492], device='cuda:0', grad_fn=<SelectBackward0>), origin_score1: tensor([0.3341], device='cuda:0', grad_fn=<SelectBackward0>)
2025-07-09 18:40:03,442 INFO: origin_layout0: tensor([[0.3672, 0.6836, 1.0000, 1.0000],
        [0.6641, 0.5938, 1.0000, 1.0000],
        [0.4961, 0.6211, 1.0000, 1.0000],
        [0.4609, 0.3008, 0.0000, 0.0000],
        [0.3438, 0.7188, 1.0000, 0.0000],
        [0.4180, 0.3672, 1.0000, 0.0000]], device='cuda:0')
2025-07-09 18:40:03,443 INFO: refine_layout0: tensor([[0.3959, 0.5656, 0.9215, 0.8971],
        [0.5918, 0.3884, 0.9267, 0.9254],
        [0.3895, 0.2367, 0.9244, 0.9517],
        [0.7117, 0.2435, 0.1413, 0.0764],
        [0.6210, 0.4666, 0.9153, 0.0135],
        [0.5432, 0.2781, 0.9627, 0.0302]], device='cuda:0',
       grad_fn=<SliceBackward0>)
2025-07-09 18:40:03,745 INFO: [194/300] Loss_total: 5.96768 Test_loss: 2.54057 Time: 1.36s
2025-07-09 18:40:04,810 INFO: In step 299, Pred_score1: tensor([0.7453], device='cuda:0', grad_fn=<SelectBackward0>), origin_score1: tensor([0.3341], device='cuda:0', grad_fn=<SelectBackward0>)
2025-07-09 18:40:04,811 INFO: origin_layout0: tensor([[0.2656, 0.3242, 1.0000, 1.0000],
        [0.7305, 0.3867, 1.0000, 1.0000],
        [0.5195, 0.7344, 1.0000, 1.0000],
        [0.4766, 0.3477, 0.0000, 0.0000],
        [0.3086, 0.6484, 1.0000, 0.0000],
        [0.3867, 0.5312, 1.0000, 0.0000],
        [0.4375, 0.5508, 1.0000, 1.0000]], device='cuda:0')
2025-07-09 18:40:04,813 INFO: refine_layout0: tensor([[0.2575, 0.3468, 0.9556, 0.9810],
        [0.6726, 0.3770, 0.9361, 0.9540],
        [0.4489, 0.4222, 0.8953, 0.9395],
        [0.6855, 0.2730, 0.0891, 0.0714],
        [0.5558, 0.4505, 0.9335, 0.0111],
        [0.5111, 0.3678, 0.9596, 0.0200],
        [0.4952, 0.3060, 0.8988, 0.9051]], device='cuda:0',
       grad_fn=<SliceBackward0>)
2025-07-09 18:40:05,285 INFO: [195/300] Loss_total: 5.96736 Test_loss: 2.48492 Time: 1.54s
2025-07-09 18:40:06,746 INFO: In step 299, Pred_score1: tensor([0.6861], device='cuda:0', grad_fn=<SelectBackward0>), origin_score1: tensor([0.3341], device='cuda:0', grad_fn=<SelectBackward0>)
2025-07-09 18:40:06,747 INFO: origin_layout0: tensor([[0.2539, 0.3359, 1.0000, 1.0000],
        [0.2656, 0.5938, 0.0000, 0.0000],
        [0.6016, 0.5508, 1.0000, 1.0000],
        [0.5391, 0.6211, 0.0000, 0.0000],
        [0.5547, 0.3984, 1.0000, 0.0000],
        [0.7383, 0.4570, 1.0000, 0.0000],
        [0.8672, 0.5117, 0.0000, 1.0000]], device='cuda:0')
2025-07-09 18:40:06,749 INFO: refine_layout0: tensor([[0.2425, 0.3517, 0.9512, 0.9758],
        [0.3707, 0.5589, 0.0232, 0.0102],
        [0.6217, 0.5331, 0.9024, 0.8733],
        [0.5779, 0.5606, 0.0222, 0.0088],
        [0.4949, 0.4469, 0.9723, 0.0061],
        [0.5933, 0.5176, 0.9620, 0.0076],
        [0.7667, 0.4722, 0.0094, 0.8663]], device='cuda:0',
       grad_fn=<SliceBackward0>)
2025-07-09 18:40:07,217 INFO: [196/300] Loss_total: 5.96965 Test_loss: 2.72047 Time: 1.93s
2025-07-09 18:40:08,393 INFO: In step 299, Pred_score1: tensor([0.9476], device='cuda:0', grad_fn=<SelectBackward0>), origin_score1: tensor([0.3341], device='cuda:0', grad_fn=<SelectBackward0>)
2025-07-09 18:40:08,394 INFO: origin_layout0: tensor([[0.2852, 0.8125, 1.0000, 1.0000],
        [0.6055, 0.3242, 1.0000, 1.0000],
        [0.3984, 0.7852, 1.0000, 1.0000],
        [0.3672, 0.5117, 0.0000, 0.0000],
        [0.2969, 0.5352, 1.0000, 0.0000]], device='cuda:0')
2025-07-09 18:40:08,395 INFO: refine_layout0: tensor([[0.3165, 0.6546, 0.9288, 0.9133],
        [0.5577, 0.2786, 0.9603, 0.9705],
        [0.3381, 0.4218, 0.9068, 0.9283],
        [0.6548, 0.3289, 0.0745, 0.0510],
        [0.5248, 0.3867, 0.9427, 0.0121]], device='cuda:0',
       grad_fn=<SliceBackward0>)
2025-07-09 18:40:08,696 INFO: [197/300] Loss_total: 5.97247 Test_loss: 2.32614 Time: 1.48s
2025-07-09 18:40:09,739 INFO: In step 299, Pred_score1: tensor([0.3132], device='cuda:0', grad_fn=<SelectBackward0>), origin_score1: tensor([0.3341], device='cuda:0', grad_fn=<SelectBackward0>)
2025-07-09 18:40:09,740 INFO: origin_layout0: tensor([[0.2500, 0.2695, 1.0000, 1.0000],
        [0.2617, 0.3555, 0.0000, 0.0000],
        [0.3281, 0.7148, 0.0000, 1.0000],
        [0.5391, 0.2930, 0.0000, 0.0000],
        [0.3711, 0.5938, 1.0000, 0.0000],
        [0.4492, 0.4766, 1.0000, 0.0000],
        [0.5000, 0.4961, 1.0000, 1.0000]], device='cuda:0')
2025-07-09 18:40:09,741 INFO: refine_layout0: tensor([[0.2501, 0.3219, 0.9525, 0.9824],
        [0.3296, 0.3763, 0.0328, 0.0199],
        [0.4064, 0.6455, 0.0046, 0.9365],
        [0.4780, 0.3935, 0.0263, 0.0155],
        [0.3673, 0.6613, 0.9884, 0.0114],
        [0.4981, 0.5600, 0.9905, 0.0314],
        [0.7510, 0.5428, 0.9392, 0.9770]], device='cuda:0',
       grad_fn=<SliceBackward0>)
2025-07-09 18:40:10,041 INFO: [198/300] Loss_total: 5.96505 Test_loss: 2.53498 Time: 1.34s
2025-07-09 18:40:11,109 INFO: In step 299, Pred_score1: tensor([0.1827], device='cuda:0', grad_fn=<SelectBackward0>), origin_score1: tensor([0.3341], device='cuda:0', grad_fn=<SelectBackward0>)
2025-07-09 18:40:11,110 INFO: origin_layout0: tensor([[0.2070, 0.3047, 1.0000, 1.0000],
        [0.2188, 0.4297, 0.0000, 0.0000],
        [0.3125, 0.3828, 0.0000, 1.0000],
        [0.4727, 0.6836, 0.0000, 0.0000],
        [0.5117, 0.6523, 1.0000, 0.0000],
        [0.6211, 0.4688, 1.0000, 0.0000]], device='cuda:0')
2025-07-09 18:40:11,112 INFO: refine_layout0: tensor([[0.2690, 0.3242, 0.9352, 0.9407],
        [0.3858, 0.4414, 0.0333, 0.0103],
        [0.3519, 0.3785, 0.0099, 0.9182],
        [0.4964, 0.6357, 0.0189, 0.0050],
        [0.4740, 0.6628, 0.9814, 0.0053],
        [0.5611, 0.5414, 0.9822, 0.0157]], device='cuda:0',
       grad_fn=<SliceBackward0>)
2025-07-09 18:40:11,422 INFO: [199/300] Loss_total: 5.97366 Test_loss: 2.65081 Time: 1.38s
2025-07-09 18:40:12,485 INFO: In step 299, Pred_score1: tensor([0.4010], device='cuda:0', grad_fn=<SelectBackward0>), origin_score1: tensor([0.3341], device='cuda:0', grad_fn=<SelectBackward0>)
2025-07-09 18:40:12,487 INFO: origin_layout0: tensor([[0.3750, 0.5000, 1.0000, 1.0000],
        [0.2656, 0.6211, 0.0000, 0.0000],
        [0.6680, 0.2500, 1.0000, 1.0000],
        [0.5898, 0.3516, 0.0000, 0.0000],
        [0.3320, 0.5430, 1.0000, 0.0000],
        [0.5078, 0.3594, 1.0000, 0.0000],
        [0.4883, 0.4805, 1.0000, 1.0000]], device='cuda:0')
2025-07-09 18:40:12,488 INFO: refine_layout0: tensor([[0.3514, 0.4513, 0.9489, 0.9692],
        [0.3565, 0.5775, 0.0255, 0.0128],
        [0.6383, 0.3228, 0.9266, 0.9277],
        [0.5401, 0.4198, 0.0211, 0.0105],
        [0.3580, 0.5575, 0.9740, 0.0073],
        [0.4269, 0.4200, 0.9814, 0.0171],
        [0.6827, 0.4930, 0.8978, 0.9621]], device='cuda:0',
       grad_fn=<SliceBackward0>)
2025-07-09 18:40:12,789 INFO: [200/300] Loss_total: 5.96078 Test_loss: 2.74955 Time: 1.37s
2025-07-09 18:40:13,848 INFO: In step 299, Pred_score1: tensor([0.2851], device='cuda:0', grad_fn=<SelectBackward0>), origin_score1: tensor([0.3341], device='cuda:0', grad_fn=<SelectBackward0>)
2025-07-09 18:40:13,850 INFO: origin_layout0: tensor([[0.3086, 0.8203, 1.0000, 1.0000],
        [0.2656, 0.1758, 0.0000, 0.0000],
        [0.3086, 0.3945, 0.0000, 1.0000],
        [0.4336, 0.5625, 0.0000, 0.0000],
        [0.3125, 0.6172, 1.0000, 0.0000],
        [0.4609, 0.6719, 1.0000, 0.0000]], device='cuda:0')
2025-07-09 18:40:13,851 INFO: refine_layout0: tensor([[0.3587, 0.6431, 0.9117, 0.8734],
        [0.3686, 0.2759, 0.0450, 0.0241],
        [0.3237, 0.3782, 0.0098, 0.9292],
        [0.4874, 0.5482, 0.0188, 0.0066],
        [0.3387, 0.6305, 0.9837, 0.0082],
        [0.4847, 0.6478, 0.9835, 0.0122]], device='cuda:0',
       grad_fn=<SliceBackward0>)
2025-07-09 18:40:14,162 INFO: [201/300] Loss_total: 5.96351 Test_loss: 2.43524 Time: 1.37s
2025-07-09 18:40:15,203 INFO: In step 299, Pred_score1: tensor([0.1269], device='cuda:0', grad_fn=<SelectBackward0>), origin_score1: tensor([0.3341], device='cuda:0', grad_fn=<SelectBackward0>)
2025-07-09 18:40:15,204 INFO: origin_layout0: tensor([[0.4062, 0.3438, 1.0000, 1.0000],
        [0.6523, 0.3906, 1.0000, 1.0000],
        [0.5312, 0.3555, 0.0000, 1.0000],
        [0.4883, 0.4570, 0.0000, 1.0000]], device='cuda:0')
2025-07-09 18:40:15,205 INFO: refine_layout0: tensor([[0.4872, 0.3600, 0.9416, 0.9254],
        [0.5610, 0.2484, 0.9583, 0.9657],
        [0.5199, 0.2984, 0.0203, 0.9410],
        [0.4880, 0.3481, 0.0100, 0.9404]], device='cuda:0',
       grad_fn=<SliceBackward0>)
2025-07-09 18:40:15,496 INFO: [202/300] Loss_total: 5.96291 Test_loss: 2.58838 Time: 1.33s
2025-07-09 18:40:16,510 INFO: In step 299, Pred_score1: tensor([0.2455], device='cuda:0', grad_fn=<SelectBackward0>), origin_score1: tensor([0.3341], device='cuda:0', grad_fn=<SelectBackward0>)
2025-07-09 18:40:16,511 INFO: origin_layout0: tensor([[0.3125, 0.1992, 1.0000, 1.0000],
        [0.3203, 0.4883, 0.0000, 0.0000],
        [0.3789, 0.7148, 0.0000, 1.0000],
        [0.4688, 0.4609, 0.0000, 0.0000],
        [0.3633, 0.5430, 1.0000, 0.0000],
        [0.4727, 0.6953, 1.0000, 0.0000],
        [0.4961, 0.7500, 1.0000, 1.0000],
        [0.7188, 0.4570, 0.0000, 1.0000],
        [0.5586, 0.3516, 0.0000, 0.0000]], device='cuda:0')
2025-07-09 18:40:16,512 INFO: refine_layout0: tensor([[0.2840, 0.2593, 0.9581, 0.9758],
        [0.3897, 0.5112, 0.0268, 0.0099],
        [0.4038, 0.6470, 0.0046, 0.9170],
        [0.4504, 0.5066, 0.0194, 0.0087],
        [0.3456, 0.6099, 0.9889, 0.0106],
        [0.5391, 0.7035, 0.9857, 0.0149],
        [0.7463, 0.6602, 0.9253, 0.9582],
        [0.7501, 0.3476, 0.0100, 0.9140],
        [0.4705, 0.4081, 0.0275, 0.0209]], device='cuda:0',
       grad_fn=<SliceBackward0>)
2025-07-09 18:40:16,830 INFO: [203/300] Loss_total: 5.96195 Test_loss: 3.08439 Time: 1.33s
2025-07-09 18:40:18,071 INFO: In step 299, Pred_score1: tensor([0.6394], device='cuda:0', grad_fn=<SelectBackward0>), origin_score1: tensor([0.3341], device='cuda:0', grad_fn=<SelectBackward0>)
2025-07-09 18:40:18,073 INFO: origin_layout0: tensor([[0.3242, 0.5898, 1.0000, 1.0000],
        [0.2461, 0.6797, 0.0000, 0.0000],
        [0.5469, 0.2852, 1.0000, 1.0000],
        [0.4844, 0.4180, 0.0000, 0.0000],
        [0.3008, 0.5586, 1.0000, 0.0000]], device='cuda:0')
2025-07-09 18:40:18,074 INFO: refine_layout0: tensor([[0.3593, 0.5233, 0.9335, 0.9282],
        [0.4392, 0.5916, 0.0252, 0.0087],
        [0.5240, 0.2990, 0.9089, 0.8638],
        [0.5768, 0.4458, 0.0280, 0.0098],
        [0.3761, 0.5224, 0.9676, 0.0066]], device='cuda:0',
       grad_fn=<SliceBackward0>)
2025-07-09 18:40:18,481 INFO: [204/300] Loss_total: 5.96436 Test_loss: 2.15387 Time: 1.65s
2025-07-09 18:40:19,924 INFO: In step 299, Pred_score1: tensor([0.4564], device='cuda:0', grad_fn=<SelectBackward0>), origin_score1: tensor([0.3341], device='cuda:0', grad_fn=<SelectBackward0>)
2025-07-09 18:40:19,925 INFO: origin_layout0: tensor([[0.2930, 0.5000, 1.0000, 1.0000],
        [0.1836, 0.6289, 0.0000, 0.0000],
        [0.5508, 0.4609, 1.0000, 1.0000],
        [0.4766, 0.3359, 0.0000, 0.0000],
        [0.2539, 0.4023, 1.0000, 0.0000],
        [0.4688, 0.4492, 1.0000, 0.0000]], device='cuda:0')
2025-07-09 18:40:19,926 INFO: refine_layout0: tensor([[0.2670, 0.4340, 0.9443, 0.9547],
        [0.3720, 0.5753, 0.0261, 0.0100],
        [0.5246, 0.4105, 0.9106, 0.8784],
        [0.5668, 0.3854, 0.0298, 0.0126],
        [0.3596, 0.4118, 0.9731, 0.0099],
        [0.4243, 0.4422, 0.9763, 0.0118]], device='cuda:0',
       grad_fn=<SliceBackward0>)
2025-07-09 18:40:20,262 INFO: [205/300] Loss_total: 5.95827 Test_loss: 2.19006 Time: 1.78s
2025-07-09 18:40:21,331 INFO: In step 299, Pred_score1: tensor([0.7300], device='cuda:0', grad_fn=<SelectBackward0>), origin_score1: tensor([0.3341], device='cuda:0', grad_fn=<SelectBackward0>)
2025-07-09 18:40:21,332 INFO: origin_layout0: tensor([[0.3828, 0.4414, 1.0000, 1.0000],
        [0.5352, 0.3984, 1.0000, 1.0000],
        [0.3789, 0.4102, 0.0000, 1.0000],
        [0.5078, 0.1836, 0.0000, 1.0000],
        [0.4727, 0.1758, 1.0000, 0.0000],
        [0.6797, 0.3359, 1.0000, 0.0000]], device='cuda:0')
2025-07-09 18:40:21,333 INFO: refine_layout0: tensor([[0.3632, 0.3925, 0.9480, 0.9507],
        [0.4471, 0.2905, 0.9476, 0.9582],
        [0.4704, 0.3495, 0.0115, 0.9327],
        [0.5285, 0.2130, 0.0102, 0.9409],
        [0.4839, 0.2214, 0.9626, 0.0430],
        [0.5266, 0.4232, 0.9806, 0.0158]], device='cuda:0',
       grad_fn=<SliceBackward0>)
2025-07-09 18:40:21,622 INFO: [206/300] Loss_total: 5.96067 Test_loss: 2.50278 Time: 1.36s
2025-07-09 18:40:22,695 INFO: In step 299, Pred_score1: tensor([0.9047], device='cuda:0', grad_fn=<SelectBackward0>), origin_score1: tensor([0.3341], device='cuda:0', grad_fn=<SelectBackward0>)
2025-07-09 18:40:22,696 INFO: origin_layout0: tensor([[0.2852, 0.8125, 1.0000, 1.0000],
        [0.6055, 0.3242, 1.0000, 1.0000],
        [0.3984, 0.7852, 1.0000, 1.0000],
        [0.3672, 0.5117, 0.0000, 0.0000],
        [0.2969, 0.5352, 1.0000, 0.0000]], device='cuda:0')
2025-07-09 18:40:22,698 INFO: refine_layout0: tensor([[0.2994, 0.6456, 0.9290, 0.9148],
        [0.5430, 0.2715, 0.9590, 0.9711],
        [0.3438, 0.4149, 0.9019, 0.9227],
        [0.6789, 0.3281, 0.0752, 0.0504],
        [0.5518, 0.3790, 0.9426, 0.0122]], device='cuda:0',
       grad_fn=<SliceBackward0>)
2025-07-09 18:40:23,030 INFO: [207/300] Loss_total: 5.95848 Test_loss: 1.97359 Time: 1.41s
2025-07-09 18:40:24,124 INFO: In step 299, Pred_score1: tensor([0.7388], device='cuda:0', grad_fn=<SelectBackward0>), origin_score1: tensor([0.3341], device='cuda:0', grad_fn=<SelectBackward0>)
2025-07-09 18:40:24,125 INFO: origin_layout0: tensor([[0.4102, 0.5391, 1.0000, 1.0000],
        [0.5352, 0.5234, 1.0000, 1.0000],
        [0.4023, 0.6992, 0.0000, 1.0000],
        [0.4922, 0.4648, 0.0000, 1.0000],
        [0.4648, 0.4531, 1.0000, 0.0000]], device='cuda:0')
2025-07-09 18:40:24,127 INFO: refine_layout0: tensor([[0.4336, 0.5231, 0.9459, 0.9680],
        [0.5404, 0.4182, 0.9445, 0.9629],
        [0.5415, 0.5106, 0.0049, 0.9270],
        [0.5766, 0.3228, 0.0058, 0.9186],
        [0.5505, 0.3150, 0.9481, 0.0233]], device='cuda:0',
       grad_fn=<SliceBackward0>)
2025-07-09 18:40:24,426 INFO: [208/300] Loss_total: 5.95977 Test_loss: 2.10617 Time: 1.40s
2025-07-09 18:40:25,504 INFO: In step 299, Pred_score1: tensor([0.], device='cuda:0', grad_fn=<SelectBackward0>), origin_score1: tensor([0.3341], device='cuda:0', grad_fn=<SelectBackward0>)
2025-07-09 18:40:25,505 INFO: origin_layout0: tensor([[0.3750, 0.3438, 1.0000, 1.0000],
        [0.6211, 0.3906, 1.0000, 1.0000]], device='cuda:0')
2025-07-09 18:40:25,506 INFO: refine_layout0: tensor([[0.4716, 0.3447, 0.9419, 0.9219],
        [0.5437, 0.2307, 0.9601, 0.9643]], device='cuda:0',
       grad_fn=<SliceBackward0>)
2025-07-09 18:40:25,800 INFO: [209/300] Loss_total: 5.95780 Test_loss: 2.28444 Time: 1.37s
2025-07-09 18:40:26,860 INFO: In step 299, Pred_score1: tensor([0.7573], device='cuda:0', grad_fn=<SelectBackward0>), origin_score1: tensor([0.3341], device='cuda:0', grad_fn=<SelectBackward0>)
2025-07-09 18:40:26,862 INFO: origin_layout0: tensor([[0.3828, 0.4414, 1.0000, 1.0000],
        [0.5352, 0.3984, 1.0000, 1.0000],
        [0.3789, 0.4102, 0.0000, 1.0000],
        [0.5078, 0.1836, 0.0000, 1.0000],
        [0.4727, 0.1758, 1.0000, 0.0000],
        [0.6797, 0.3359, 1.0000, 0.0000]], device='cuda:0')
2025-07-09 18:40:26,863 INFO: refine_layout0: tensor([[0.3633, 0.4024, 0.9466, 0.9499],
        [0.4477, 0.2977, 0.9461, 0.9565],
        [0.4672, 0.3608, 0.0109, 0.9301],
        [0.5273, 0.2223, 0.0096, 0.9393],
        [0.4745, 0.2283, 0.9616, 0.0409],
        [0.5179, 0.4328, 0.9798, 0.0151]], device='cuda:0',
       grad_fn=<SliceBackward0>)
2025-07-09 18:40:27,172 INFO: [210/300] Loss_total: 5.95576 Test_loss: 2.44417 Time: 1.37s
2025-07-09 18:40:28,232 INFO: In step 299, Pred_score1: tensor([0.8401], device='cuda:0', grad_fn=<SelectBackward0>), origin_score1: tensor([0.3341], device='cuda:0', grad_fn=<SelectBackward0>)
2025-07-09 18:40:28,233 INFO: origin_layout0: tensor([[0.3633, 0.5000, 1.0000, 1.0000],
        [0.2930, 0.5898, 0.0000, 0.0000],
        [0.6133, 0.4141, 1.0000, 1.0000],
        [0.5430, 0.3047, 0.0000, 0.0000],
        [0.3242, 0.6719, 1.0000, 0.0000]], device='cuda:0')
2025-07-09 18:40:28,234 INFO: refine_layout0: tensor([[0.3339, 0.4319, 0.9404, 0.9511],
        [0.4223, 0.5584, 0.0223, 0.0085],
        [0.5759, 0.3984, 0.8993, 0.8928],
        [0.5790, 0.3738, 0.0251, 0.0117],
        [0.4035, 0.6235, 0.9545, 0.0054]], device='cuda:0',
       grad_fn=<SliceBackward0>)
2025-07-09 18:40:28,529 INFO: [211/300] Loss_total: 5.95373 Test_loss: 2.24377 Time: 1.36s
2025-07-09 18:40:29,577 INFO: In step 299, Pred_score1: tensor([0.6216], device='cuda:0', grad_fn=<SelectBackward0>), origin_score1: tensor([0.3341], device='cuda:0', grad_fn=<SelectBackward0>)
2025-07-09 18:40:29,579 INFO: origin_layout0: tensor([[0.2266, 0.3086, 1.0000, 1.0000],
        [0.8203, 0.3906, 1.0000, 1.0000],
        [0.5742, 0.4375, 1.0000, 1.0000],
        [0.5117, 0.3828, 0.0000, 0.0000],
        [0.2969, 0.6133, 1.0000, 0.0000],
        [0.4141, 0.4453, 1.0000, 0.0000],
        [0.5352, 0.4141, 1.0000, 1.0000]], device='cuda:0')
2025-07-09 18:40:29,582 INFO: refine_layout0: tensor([[0.2261, 0.3247, 0.9447, 0.9671],
        [0.7003, 0.3680, 0.9117, 0.9168],
        [0.4087, 0.2536, 0.9167, 0.9585],
        [0.6808, 0.3112, 0.0733, 0.0543],
        [0.5381, 0.4589, 0.9330, 0.0093],
        [0.5028, 0.3468, 0.9624, 0.0180],
        [0.5496, 0.2824, 0.8940, 0.9075]], device='cuda:0',
       grad_fn=<SliceBackward0>)
2025-07-09 18:40:30,006 INFO: [212/300] Loss_total: 5.95546 Test_loss: 2.64342 Time: 1.48s
2025-07-09 18:40:31,537 INFO: In step 299, Pred_score1: tensor([0.], device='cuda:0', grad_fn=<SelectBackward0>), origin_score1: tensor([0.3341], device='cuda:0', grad_fn=<SelectBackward0>)
2025-07-09 18:40:31,538 INFO: origin_layout0: tensor([[0.4531, 0.6172, 1.0000, 1.0000],
        [0.5781, 0.4727, 1.0000, 1.0000]], device='cuda:0')
2025-07-09 18:40:31,540 INFO: refine_layout0: tensor([[0.4997, 0.5577, 0.9316, 0.9149],
        [0.5027, 0.2935, 0.9476, 0.9582]], device='cuda:0',
       grad_fn=<SliceBackward0>)
2025-07-09 18:40:31,924 INFO: [213/300] Loss_total: 5.95813 Test_loss: 2.27444 Time: 1.92s
2025-07-09 18:40:33,007 INFO: In step 299, Pred_score1: tensor([0.2242], device='cuda:0', grad_fn=<SelectBackward0>), origin_score1: tensor([0.3341], device='cuda:0', grad_fn=<SelectBackward0>)
2025-07-09 18:40:33,009 INFO: origin_layout0: tensor([[0.2695, 0.1562, 1.0000, 1.0000],
        [0.2812, 0.4297, 0.0000, 0.0000],
        [0.3711, 0.4258, 0.0000, 1.0000],
        [0.4805, 0.8164, 0.0000, 0.0000],
        [0.4961, 0.6172, 1.0000, 0.0000],
        [0.5859, 0.6680, 1.0000, 0.0000],
        [0.7656, 0.4688, 0.0000, 1.0000]], device='cuda:0')
2025-07-09 18:40:33,010 INFO: refine_layout0: tensor([[0.3137, 0.2776, 0.9568, 0.9793],
        [0.3119, 0.4404, 0.0268, 0.0145],
        [0.4713, 0.4390, 0.0077, 0.9622],
        [0.4048, 0.6684, 0.0184, 0.0058],
        [0.4802, 0.6947, 0.9878, 0.0074],
        [0.6425, 0.7224, 0.9839, 0.0148],
        [0.8158, 0.4417, 0.0253, 0.9503]], device='cuda:0',
       grad_fn=<SliceBackward0>)
2025-07-09 18:40:33,323 INFO: [214/300] Loss_total: 5.95401 Test_loss: 2.53817 Time: 1.40s
2025-07-09 18:40:34,403 INFO: In step 299, Pred_score1: tensor([0.6830], device='cuda:0', grad_fn=<SelectBackward0>), origin_score1: tensor([0.3341], device='cuda:0', grad_fn=<SelectBackward0>)
2025-07-09 18:40:34,404 INFO: origin_layout0: tensor([[0.2812, 0.5547, 1.0000, 1.0000],
        [0.7031, 0.2617, 1.0000, 1.0000],
        [0.4648, 0.3633, 1.0000, 1.0000],
        [0.4102, 0.5352, 0.0000, 0.0000],
        [0.2383, 0.5195, 1.0000, 0.0000],
        [0.3047, 0.4258, 1.0000, 0.0000],
        [0.3477, 0.3828, 1.0000, 1.0000],
        [0.4570, 0.2656, 0.0000, 0.0000]], device='cuda:0')
2025-07-09 18:40:34,406 INFO: refine_layout0: tensor([[0.2827, 0.4711, 0.9457, 0.9447],
        [0.6034, 0.2525, 0.9486, 0.9553],
        [0.3208, 0.2178, 0.9388, 0.9673],
        [0.6394, 0.3765, 0.0565, 0.0442],
        [0.5038, 0.3869, 0.9486, 0.0101],
        [0.4341, 0.3214, 0.9689, 0.0205],
        [0.4264, 0.2486, 0.9103, 0.9309],
        [0.5840, 0.2643, 0.1003, 0.0464]], device='cuda:0',
       grad_fn=<SliceBackward0>)
2025-07-09 18:40:34,709 INFO: [215/300] Loss_total: 5.95714 Test_loss: 2.77115 Time: 1.39s
2025-07-09 18:40:35,788 INFO: In step 299, Pred_score1: tensor([0.8609], device='cuda:0', grad_fn=<SelectBackward0>), origin_score1: tensor([0.3341], device='cuda:0', grad_fn=<SelectBackward0>)
2025-07-09 18:40:35,789 INFO: origin_layout0: tensor([[0.3086, 0.3359, 1.0000, 1.0000],
        [0.3203, 0.5234, 0.0000, 0.0000],
        [0.6211, 0.5508, 1.0000, 1.0000],
        [0.5664, 0.4492, 0.0000, 0.0000],
        [0.3828, 0.5820, 1.0000, 0.0000]], device='cuda:0')
2025-07-09 18:40:35,790 INFO: refine_layout0: tensor([[0.2962, 0.3388, 0.9479, 0.9550],
        [0.4225, 0.5328, 0.0241, 0.0068],
        [0.6029, 0.5096, 0.8860, 0.8485],
        [0.6025, 0.4696, 0.0228, 0.0082],
        [0.4360, 0.5489, 0.9618, 0.0048]], device='cuda:0',
       grad_fn=<SliceBackward0>)
2025-07-09 18:40:36,092 INFO: [216/300] Loss_total: 5.95267 Test_loss: 2.19667 Time: 1.38s
2025-07-09 18:40:37,164 INFO: In step 299, Pred_score1: tensor([0.4658], device='cuda:0', grad_fn=<SelectBackward0>), origin_score1: tensor([0.3341], device='cuda:0', grad_fn=<SelectBackward0>)
2025-07-09 18:40:37,166 INFO: origin_layout0: tensor([[0.4023, 0.5625, 1.0000, 1.0000],
        [0.2344, 0.5703, 0.0000, 0.0000],
        [0.7031, 0.3516, 1.0000, 1.0000],
        [0.6211, 0.3594, 0.0000, 0.0000],
        [0.3281, 0.5742, 1.0000, 0.0000],
        [0.4570, 0.4688, 1.0000, 0.0000]], device='cuda:0')
2025-07-09 18:40:37,167 INFO: refine_layout0: tensor([[0.3828, 0.5214, 0.9414, 0.9680],
        [0.3323, 0.5151, 0.0237, 0.0138],
        [0.6681, 0.4010, 0.9201, 0.9087],
        [0.5646, 0.4182, 0.0217, 0.0098],
        [0.3562, 0.5682, 0.9723, 0.0066],
        [0.3922, 0.4687, 0.9797, 0.0133]], device='cuda:0',
       grad_fn=<SliceBackward0>)
2025-07-09 18:40:37,477 INFO: [217/300] Loss_total: 5.95050 Test_loss: 2.47051 Time: 1.38s
2025-07-09 18:40:38,533 INFO: In step 299, Pred_score1: tensor([0.9688], device='cuda:0', grad_fn=<SelectBackward0>), origin_score1: tensor([0.3341], device='cuda:0', grad_fn=<SelectBackward0>)
2025-07-09 18:40:38,534 INFO: origin_layout0: tensor([[0.3477, 0.6016, 1.0000, 1.0000],
        [0.1992, 0.3789, 0.0000, 0.0000],
        [0.6289, 0.3516, 1.0000, 1.0000],
        [0.5312, 0.5000, 0.0000, 0.0000]], device='cuda:0')
2025-07-09 18:40:38,536 INFO: refine_layout0: tensor([[0.3712, 0.5420, 0.9380, 0.9351],
        [0.3377, 0.4008, 0.0304, 0.0135],
        [0.6054, 0.3940, 0.9140, 0.8841],
        [0.5641, 0.5120, 0.0218, 0.0075]], device='cuda:0',
       grad_fn=<SliceBackward0>)
2025-07-09 18:40:38,829 INFO: [218/300] Loss_total: 5.95440 Test_loss: 2.03507 Time: 1.35s
2025-07-09 18:40:39,894 INFO: In step 299, Pred_score1: tensor([0.7506], device='cuda:0', grad_fn=<SelectBackward0>), origin_score1: tensor([0.3341], device='cuda:0', grad_fn=<SelectBackward0>)
2025-07-09 18:40:39,895 INFO: origin_layout0: tensor([[0.3164, 0.7617, 1.0000, 1.0000],
        [0.6484, 0.4375, 1.0000, 1.0000],
        [0.4492, 0.4180, 1.0000, 1.0000],
        [0.4102, 0.5664, 0.0000, 0.0000],
        [0.3125, 0.6172, 1.0000, 0.0000],
        [0.4609, 0.3555, 1.0000, 0.0000]], device='cuda:0')
2025-07-09 18:40:39,897 INFO: refine_layout0: tensor([[0.3194, 0.6362, 0.9310, 0.9523],
        [0.6125, 0.3597, 0.9477, 0.9670],
        [0.3271, 0.2039, 0.9497, 0.9776],
        [0.6400, 0.3615, 0.0677, 0.0500],
        [0.5434, 0.4329, 0.9460, 0.0093],
        [0.4856, 0.3072, 0.9669, 0.0206]], device='cuda:0',
       grad_fn=<SliceBackward0>)
2025-07-09 18:40:40,190 INFO: [219/300] Loss_total: 5.95400 Test_loss: 2.35247 Time: 1.36s
2025-07-09 18:40:41,225 INFO: In step 299, Pred_score1: tensor([0.5656], device='cuda:0', grad_fn=<SelectBackward0>), origin_score1: tensor([0.3341], device='cuda:0', grad_fn=<SelectBackward0>)
2025-07-09 18:40:41,226 INFO: origin_layout0: tensor([[0.3242, 0.4258, 1.0000, 1.0000],
        [0.3359, 0.5039, 0.0000, 0.0000],
        [0.5938, 0.6328, 1.0000, 1.0000],
        [0.5469, 0.4531, 0.0000, 0.0000],
        [0.3711, 0.7461, 1.0000, 0.0000],
        [0.4531, 0.6367, 1.0000, 0.0000],
        [0.7383, 0.5664, 0.0000, 1.0000],
        [0.5625, 0.6016, 0.0000, 0.0000]], device='cuda:0')
2025-07-09 18:40:41,228 INFO: refine_layout0: tensor([[0.2747, 0.3767, 0.9511, 0.9659],
        [0.4149, 0.5127, 0.0255, 0.0094],
        [0.5897, 0.5611, 0.8920, 0.8766],
        [0.5997, 0.4677, 0.0215, 0.0098],
        [0.4383, 0.6679, 0.9531, 0.0040],
        [0.4346, 0.5455, 0.9694, 0.0079],
        [0.7116, 0.4688, 0.0110, 0.8461],
        [0.5402, 0.5580, 0.0223, 0.0084]], device='cuda:0',
       grad_fn=<SliceBackward0>)
2025-07-09 18:40:41,534 INFO: [220/300] Loss_total: 5.95650 Test_loss: 2.68676 Time: 1.34s
2025-07-09 18:40:42,953 INFO: In step 299, Pred_score1: tensor([0.5987], device='cuda:0', grad_fn=<SelectBackward0>), origin_score1: tensor([0.3341], device='cuda:0', grad_fn=<SelectBackward0>)
2025-07-09 18:40:42,954 INFO: origin_layout0: tensor([[0.3672, 0.6836, 1.0000, 1.0000],
        [0.6641, 0.5938, 1.0000, 1.0000],
        [0.4961, 0.6211, 1.0000, 1.0000],
        [0.4609, 0.3008, 0.0000, 0.0000],
        [0.3438, 0.7188, 1.0000, 0.0000],
        [0.4180, 0.3672, 1.0000, 0.0000]], device='cuda:0')
2025-07-09 18:40:42,956 INFO: refine_layout0: tensor([[0.4103, 0.5592, 0.9263, 0.8960],
        [0.6045, 0.3827, 0.9262, 0.9210],
        [0.4006, 0.2374, 0.9269, 0.9501],
        [0.7104, 0.2467, 0.1455, 0.0723],
        [0.6189, 0.4717, 0.9221, 0.0120],
        [0.5408, 0.2829, 0.9650, 0.0284]], device='cuda:0',
       grad_fn=<SliceBackward0>)
2025-07-09 18:40:43,377 INFO: [221/300] Loss_total: 5.95280 Test_loss: 2.52356 Time: 1.84s
2025-07-09 18:40:44,673 INFO: In step 299, Pred_score1: tensor([0.2744], device='cuda:0', grad_fn=<SelectBackward0>), origin_score1: tensor([0.3341], device='cuda:0', grad_fn=<SelectBackward0>)
2025-07-09 18:40:44,674 INFO: origin_layout0: tensor([[0.4141, 0.4336, 1.0000, 1.0000],
        [0.5859, 0.2812, 1.0000, 1.0000],
        [0.4102, 0.2969, 0.0000, 1.0000],
        [0.3789, 0.6445, 0.0000, 1.0000],
        [0.4453, 0.3633, 1.0000, 0.0000]], device='cuda:0')
2025-07-09 18:40:44,675 INFO: refine_layout0: tensor([[0.3916, 0.4070, 0.9455, 0.9498],
        [0.4772, 0.2399, 0.9488, 0.9623],
        [0.4532, 0.3143, 0.0135, 0.9341],
        [0.4785, 0.4753, 0.0041, 0.9158],
        [0.5556, 0.2817, 0.9535, 0.0243]], device='cuda:0',
       grad_fn=<SliceBackward0>)
2025-07-09 18:40:44,999 INFO: [222/300] Loss_total: 5.95088 Test_loss: 2.23708 Time: 1.62s
2025-07-09 18:40:46,070 INFO: In step 299, Pred_score1: tensor([0.7241], device='cuda:0', grad_fn=<SelectBackward0>), origin_score1: tensor([0.3341], device='cuda:0', grad_fn=<SelectBackward0>)
2025-07-09 18:40:46,072 INFO: origin_layout0: tensor([[0.3828, 0.4414, 1.0000, 1.0000],
        [0.5352, 0.3984, 1.0000, 1.0000],
        [0.3789, 0.4102, 0.0000, 1.0000],
        [0.5078, 0.1836, 0.0000, 1.0000],
        [0.4727, 0.1758, 1.0000, 0.0000],
        [0.6797, 0.3359, 1.0000, 0.0000]], device='cuda:0')
2025-07-09 18:40:46,073 INFO: refine_layout0: tensor([[0.3660, 0.3840, 0.9469, 0.9505],
        [0.4527, 0.2855, 0.9426, 0.9541],
        [0.4750, 0.3506, 0.0101, 0.9217],
        [0.5311, 0.2149, 0.0086, 0.9314],
        [0.4762, 0.2275, 0.9596, 0.0348],
        [0.5230, 0.4272, 0.9782, 0.0132]], device='cuda:0',
       grad_fn=<SliceBackward0>)
2025-07-09 18:40:46,367 INFO: [223/300] Loss_total: 5.95092 Test_loss: 2.28388 Time: 1.37s
2025-07-09 18:40:47,430 INFO: In step 299, Pred_score1: tensor([0.8876], device='cuda:0', grad_fn=<SelectBackward0>), origin_score1: tensor([0.3341], device='cuda:0', grad_fn=<SelectBackward0>)
2025-07-09 18:40:47,431 INFO: origin_layout0: tensor([[0.3633, 0.5703, 1.0000, 1.0000],
        [0.2031, 0.5859, 0.0000, 0.0000],
        [0.7578, 0.4453, 1.0000, 1.0000]], device='cuda:0')
2025-07-09 18:40:47,432 INFO: refine_layout0: tensor([[0.4667, 0.4843, 0.9285, 0.9043],
        [0.4609, 0.4787, 0.0517, 0.0172],
        [0.6648, 0.3804, 0.8763, 0.7800]], device='cuda:0',
       grad_fn=<SliceBackward0>)
2025-07-09 18:40:47,722 INFO: [224/300] Loss_total: 5.95084 Test_loss: 2.15898 Time: 1.35s
2025-07-09 18:40:48,797 INFO: In step 299, Pred_score1: tensor([0.7544], device='cuda:0', grad_fn=<SelectBackward0>), origin_score1: tensor([0.3341], device='cuda:0', grad_fn=<SelectBackward0>)
2025-07-09 18:40:48,799 INFO: origin_layout0: tensor([[0.3828, 0.4414, 1.0000, 1.0000],
        [0.5352, 0.3984, 1.0000, 1.0000],
        [0.3789, 0.4102, 0.0000, 1.0000],
        [0.5078, 0.1836, 0.0000, 1.0000],
        [0.4727, 0.1758, 1.0000, 0.0000],
        [0.6797, 0.3359, 1.0000, 0.0000]], device='cuda:0')
2025-07-09 18:40:48,800 INFO: refine_layout0: tensor([[0.3622, 0.3966, 0.9473, 0.9504],
        [0.4481, 0.2966, 0.9432, 0.9564],
        [0.4720, 0.3597, 0.0106, 0.9292],
        [0.5277, 0.2218, 0.0093, 0.9361],
        [0.4761, 0.2267, 0.9606, 0.0388],
        [0.5182, 0.4326, 0.9790, 0.0146]], device='cuda:0',
       grad_fn=<SliceBackward0>)
2025-07-09 18:40:49,112 INFO: [225/300] Loss_total: 5.94813 Test_loss: 2.51959 Time: 1.39s
2025-07-09 18:40:50,166 INFO: In step 299, Pred_score1: tensor([0.3592], device='cuda:0', grad_fn=<SelectBackward0>), origin_score1: tensor([0.3341], device='cuda:0', grad_fn=<SelectBackward0>)
2025-07-09 18:40:50,168 INFO: origin_layout0: tensor([[0.3008, 0.6719, 1.0000, 1.0000],
        [0.1953, 0.4180, 0.0000, 0.0000],
        [0.3008, 0.2148, 0.0000, 1.0000],
        [0.4141, 0.4648, 0.0000, 0.0000],
        [0.2812, 0.5781, 1.0000, 0.0000],
        [0.4258, 0.2617, 1.0000, 0.0000],
        [0.5195, 0.4531, 1.0000, 1.0000],
        [0.6211, 0.2578, 0.0000, 0.0000]], device='cuda:0')
2025-07-09 18:40:50,169 INFO: refine_layout0: tensor([[0.2690, 0.5240, 0.9390, 0.9375],
        [0.3515, 0.4224, 0.0301, 0.0141],
        [0.3058, 0.2554, 0.0183, 0.9582],
        [0.4355, 0.4752, 0.0186, 0.0083],
        [0.3149, 0.6174, 0.9870, 0.0110],
        [0.3972, 0.3718, 0.9917, 0.0390],
        [0.7323, 0.5105, 0.9286, 0.9738],
        [0.4948, 0.3434, 0.0348, 0.0156]], device='cuda:0',
       grad_fn=<SliceBackward0>)
2025-07-09 18:40:50,450 INFO: [226/300] Loss_total: 5.94756 Test_loss: 2.66106 Time: 1.34s
2025-07-09 18:40:51,485 INFO: In step 299, Pred_score1: tensor([0.7647], device='cuda:0', grad_fn=<SelectBackward0>), origin_score1: tensor([0.3341], device='cuda:0', grad_fn=<SelectBackward0>)
2025-07-09 18:40:51,486 INFO: origin_layout0: tensor([[0.3594, 0.6680, 1.0000, 1.0000],
        [0.6914, 0.3047, 1.0000, 1.0000],
        [0.5039, 0.4414, 1.0000, 1.0000],
        [0.4609, 0.6133, 0.0000, 0.0000],
        [0.4727, 0.5352, 1.0000, 0.0000],
        [0.6016, 0.3984, 1.0000, 0.0000],
        [0.6562, 0.2461, 0.0000, 1.0000]], device='cuda:0')
2025-07-09 18:40:51,487 INFO: refine_layout0: tensor([[0.3334, 0.5419, 0.9408, 0.9466],
        [0.6002, 0.2859, 0.9436, 0.9632],
        [0.3719, 0.2630, 0.9272, 0.9638],
        [0.6720, 0.4046, 0.0493, 0.0450],
        [0.6242, 0.4241, 0.9441, 0.0077],
        [0.5693, 0.3660, 0.9580, 0.0138],
        [0.6103, 0.2743, 0.0271, 0.8741]], device='cuda:0',
       grad_fn=<SliceBackward0>)
2025-07-09 18:40:51,779 INFO: [227/300] Loss_total: 5.94319 Test_loss: 2.79497 Time: 1.33s
2025-07-09 18:40:52,829 INFO: In step 299, Pred_score1: tensor([0.6204], device='cuda:0', grad_fn=<SelectBackward0>), origin_score1: tensor([0.3341], device='cuda:0', grad_fn=<SelectBackward0>)
2025-07-09 18:40:52,830 INFO: origin_layout0: tensor([[0.3359, 0.4531, 1.0000, 1.0000],
        [0.6797, 0.5508, 1.0000, 1.0000],
        [0.5078, 0.6055, 0.0000, 1.0000],
        [0.8164, 0.5391, 0.0000, 0.0000],
        [0.4141, 0.5547, 1.0000, 0.0000],
        [0.5742, 0.6719, 1.0000, 0.0000]], device='cuda:0')
2025-07-09 18:40:52,831 INFO: refine_layout0: tensor([[0.3148, 0.4258, 0.9528, 0.9611],
        [0.6375, 0.4669, 0.9185, 0.9171],
        [0.6014, 0.4891, 0.0048, 0.9058],
        [0.7631, 0.4857, 0.0249, 0.0166],
        [0.5117, 0.5081, 0.9625, 0.0066],
        [0.5264, 0.5798, 0.9658, 0.0085]], device='cuda:0',
       grad_fn=<SliceBackward0>)
2025-07-09 18:40:53,135 INFO: [228/300] Loss_total: 5.94780 Test_loss: 2.44749 Time: 1.36s
2025-07-09 18:40:54,313 INFO: In step 299, Pred_score1: tensor([0.1581], device='cuda:0', grad_fn=<SelectBackward0>), origin_score1: tensor([0.3341], device='cuda:0', grad_fn=<SelectBackward0>)
2025-07-09 18:40:54,315 INFO: origin_layout0: tensor([[0.2227, 0.2188, 1.0000, 1.0000],
        [0.2305, 0.6094, 0.0000, 0.0000],
        [0.2930, 0.7422, 0.0000, 1.0000],
        [0.4844, 0.6680, 0.0000, 0.0000],
        [0.4961, 0.4258, 1.0000, 0.0000],
        [0.5938, 0.5000, 1.0000, 0.0000],
        [0.6406, 0.5625, 1.0000, 1.0000],
        [0.7266, 0.5312, 0.0000, 0.0000],
        [0.5234, 0.4141, 0.0000, 0.0000],
        [0.5430, 0.3594, 0.0000, 0.0000]], device='cuda:0')
2025-07-09 18:40:54,317 INFO: refine_layout0: tensor([[0.2126, 0.2563, 0.9540, 0.9753],
        [0.3642, 0.5871, 0.0237, 0.0091],
        [0.3325, 0.6220, 0.0044, 0.9195],
        [0.5097, 0.6273, 0.0179, 0.0053],
        [0.4420, 0.5108, 0.9888, 0.0114],
        [0.5651, 0.5721, 0.9851, 0.0187],
        [0.7960, 0.5771, 0.9187, 0.9642],
        [0.5423, 0.4719, 0.0368, 0.0106],
        [0.4468, 0.4893, 0.0254, 0.0089],
        [0.4653, 0.4417, 0.0252, 0.0106]], device='cuda:0',
       grad_fn=<SliceBackward0>)
2025-07-09 18:40:54,745 INFO: [229/300] Loss_total: 5.94385 Test_loss: 3.05355 Time: 1.61s
2025-07-09 18:40:56,265 INFO: In step 299, Pred_score1: tensor([0.8215], device='cuda:0', grad_fn=<SelectBackward0>), origin_score1: tensor([0.3341], device='cuda:0', grad_fn=<SelectBackward0>)
2025-07-09 18:40:56,266 INFO: origin_layout0: tensor([[0.3906, 0.5391, 1.0000, 1.0000],
        [0.3398, 0.2812, 0.0000, 0.0000],
        [0.5547, 0.2031, 1.0000, 1.0000],
        [0.5078, 0.3047, 0.0000, 0.0000],
        [0.3594, 0.5703, 1.0000, 0.0000]], device='cuda:0')
2025-07-09 18:40:56,267 INFO: refine_layout0: tensor([[0.4099, 0.4644, 0.9335, 0.9097],
        [0.4499, 0.3494, 0.0373, 0.0118],
        [0.4761, 0.2533, 0.9154, 0.8903],
        [0.5651, 0.3899, 0.0283, 0.0089],
        [0.4303, 0.5577, 0.9603, 0.0059]], device='cuda:0',
       grad_fn=<SliceBackward0>)
2025-07-09 18:40:56,563 INFO: [230/300] Loss_total: 5.94632 Test_loss: 2.63643 Time: 1.82s
2025-07-09 18:40:57,629 INFO: In step 299, Pred_score1: tensor([0.7079], device='cuda:0', grad_fn=<SelectBackward0>), origin_score1: tensor([0.3341], device='cuda:0', grad_fn=<SelectBackward0>)
2025-07-09 18:40:57,631 INFO: origin_layout0: tensor([[0.4688, 0.4688, 1.0000, 1.0000],
        [0.3398, 0.4961, 0.0000, 0.0000],
        [0.4648, 0.5742, 0.0000, 1.0000],
        [0.4336, 0.5547, 0.0000, 0.0000]], device='cuda:0')
2025-07-09 18:40:57,632 INFO: refine_layout0: tensor([[0.4797, 0.4518, 0.9516, 0.9494],
        [0.4218, 0.5042, 0.0238, 0.0087],
        [0.4559, 0.5193, 0.0050, 0.9223],
        [0.4744, 0.5561, 0.0168, 0.0067]], device='cuda:0',
       grad_fn=<SliceBackward0>)
2025-07-09 18:40:57,928 INFO: [231/300] Loss_total: 5.94201 Test_loss: 2.05979 Time: 1.36s
2025-07-09 18:40:58,991 INFO: In step 299, Pred_score1: tensor([0.3793], device='cuda:0', grad_fn=<SelectBackward0>), origin_score1: tensor([0.3341], device='cuda:0', grad_fn=<SelectBackward0>)
2025-07-09 18:40:58,992 INFO: origin_layout0: tensor([[0.3398, 0.6641, 1.0000, 1.0000],
        [0.7383, 0.3008, 1.0000, 1.0000],
        [0.5273, 0.6484, 1.0000, 1.0000],
        [0.4844, 0.2617, 0.0000, 0.0000],
        [0.2695, 0.7266, 1.0000, 0.0000],
        [0.3633, 0.4844, 1.0000, 0.0000],
        [0.4648, 0.3398, 1.0000, 1.0000]], device='cuda:0')
2025-07-09 18:40:58,993 INFO: refine_layout0: tensor([[0.3180, 0.5457, 0.9372, 0.9249],
        [0.6074, 0.2526, 0.9397, 0.9503],
        [0.4361, 0.3532, 0.9021, 0.9233],
        [0.7089, 0.2543, 0.1015, 0.0633],
        [0.5649, 0.5079, 0.9172, 0.0094],
        [0.5362, 0.3313, 0.9621, 0.0209],
        [0.4574, 0.2077, 0.9070, 0.9123]], device='cuda:0',
       grad_fn=<SliceBackward0>)
2025-07-09 18:40:59,301 INFO: [232/300] Loss_total: 5.94425 Test_loss: 2.71330 Time: 1.37s
2025-07-09 18:41:00,377 INFO: In step 299, Pred_score1: tensor([0.2132], device='cuda:0', grad_fn=<SelectBackward0>), origin_score1: tensor([0.3341], device='cuda:0', grad_fn=<SelectBackward0>)
2025-07-09 18:41:00,378 INFO: origin_layout0: tensor([[0.2930, 0.1758, 1.0000, 1.0000],
        [0.3008, 0.4531, 0.0000, 0.0000],
        [0.3594, 0.4805, 0.0000, 1.0000],
        [0.5156, 0.5469, 0.0000, 0.0000],
        [0.3594, 0.6523, 1.0000, 0.0000],
        [0.5000, 0.6406, 1.0000, 0.0000],
        [0.7656, 0.6875, 0.0000, 1.0000]], device='cuda:0')
2025-07-09 18:41:00,380 INFO: refine_layout0: tensor([[0.2586, 0.2324, 0.9579, 0.9782],
        [0.3808, 0.4712, 0.0281, 0.0113],
        [0.3644, 0.4585, 0.0079, 0.9520],
        [0.4965, 0.5537, 0.0159, 0.0061],
        [0.3519, 0.6792, 0.9866, 0.0095],
        [0.5324, 0.6493, 0.9867, 0.0163],
        [0.8008, 0.6018, 0.0135, 0.9306]], device='cuda:0',
       grad_fn=<SliceBackward0>)
2025-07-09 18:41:00,684 INFO: [233/300] Loss_total: 5.93939 Test_loss: 2.32926 Time: 1.38s
2025-07-09 18:41:01,789 INFO: In step 299, Pred_score1: tensor([0.8714], device='cuda:0', grad_fn=<SelectBackward0>), origin_score1: tensor([0.3341], device='cuda:0', grad_fn=<SelectBackward0>)
2025-07-09 18:41:01,790 INFO: origin_layout0: tensor([[0.3438, 0.7148, 1.0000, 1.0000],
        [0.6992, 0.3555, 1.0000, 1.0000],
        [0.4844, 0.5781, 1.0000, 1.0000],
        [0.4453, 0.3555, 0.0000, 0.0000],
        [0.3008, 0.4492, 1.0000, 0.0000]], device='cuda:0')
2025-07-09 18:41:01,792 INFO: refine_layout0: tensor([[0.3156, 0.5868, 0.9314, 0.9522],
        [0.6139, 0.3140, 0.9388, 0.9627],
        [0.3807, 0.3159, 0.9138, 0.9528],
        [0.6712, 0.2796, 0.0820, 0.0585],
        [0.5129, 0.3558, 0.9503, 0.0120]], device='cuda:0',
       grad_fn=<SliceBackward0>)
2025-07-09 18:41:02,090 INFO: [234/300] Loss_total: 5.94426 Test_loss: 2.17716 Time: 1.41s
2025-07-09 18:41:03,143 INFO: In step 299, Pred_score1: tensor([0.7854], device='cuda:0', grad_fn=<SelectBackward0>), origin_score1: tensor([0.3341], device='cuda:0', grad_fn=<SelectBackward0>)
2025-07-09 18:41:03,144 INFO: origin_layout0: tensor([[0.3086, 0.5859, 1.0000, 1.0000],
        [0.1836, 0.3320, 0.0000, 0.0000],
        [0.5391, 0.5195, 1.0000, 1.0000],
        [0.4766, 0.3398, 0.0000, 0.0000],
        [0.2383, 0.4375, 1.0000, 0.0000]], device='cuda:0')
2025-07-09 18:41:03,145 INFO: refine_layout0: tensor([[0.3013, 0.5248, 0.9420, 0.9641],
        [0.2902, 0.3484, 0.0315, 0.0211],
        [0.5717, 0.4991, 0.9194, 0.8845],
        [0.5208, 0.3971, 0.0258, 0.0116],
        [0.3121, 0.4627, 0.9771, 0.0086]], device='cuda:0',
       grad_fn=<SliceBackward0>)
2025-07-09 18:41:03,449 INFO: [235/300] Loss_total: 5.93682 Test_loss: 2.18085 Time: 1.36s
2025-07-09 18:41:04,495 INFO: In step 299, Pred_score1: tensor([0.9120], device='cuda:0', grad_fn=<SelectBackward0>), origin_score1: tensor([0.3341], device='cuda:0', grad_fn=<SelectBackward0>)
2025-07-09 18:41:04,496 INFO: origin_layout0: tensor([[0.2812, 0.5430, 1.0000, 1.0000],
        [0.8477, 0.3359, 1.0000, 1.0000],
        [0.5742, 0.3633, 1.0000, 1.0000],
        [0.4883, 0.4492, 0.0000, 0.0000],
        [0.2734, 0.6055, 1.0000, 0.0000],
        [0.5391, 0.4727, 1.0000, 0.0000],
        [0.7422, 0.3555, 1.0000, 1.0000],
        [0.8516, 0.1484, 0.0000, 0.0000],
        [0.5625, 0.4453, 0.0000, 1.0000],
        [0.6484, 0.3164, 0.0000, 0.0000]], device='cuda:0')
2025-07-09 18:41:04,498 INFO: refine_layout0: tensor([[0.2532, 0.4524, 0.9397, 0.9556],
        [0.7019, 0.3031, 0.9119, 0.9348],
        [0.4165, 0.2088, 0.9302, 0.9698],
        [0.6846, 0.3307, 0.0765, 0.0604],
        [0.5597, 0.4355, 0.9403, 0.0113],
        [0.6024, 0.3664, 0.9574, 0.0154],
        [0.6597, 0.2664, 0.8815, 0.8951],
        [0.7385, 0.2738, 0.0869, 0.0333],
        [0.5086, 0.4129, 0.0069, 0.8600],
        [0.6529, 0.4000, 0.0272, 0.0166]], device='cuda:0',
       grad_fn=<SliceBackward0>)
2025-07-09 18:41:04,800 INFO: [236/300] Loss_total: 5.93828 Test_loss: 2.87446 Time: 1.35s
2025-07-09 18:41:05,898 INFO: In step 299, Pred_score1: tensor([0.2463], device='cuda:0', grad_fn=<SelectBackward0>), origin_score1: tensor([0.3341], device='cuda:0', grad_fn=<SelectBackward0>)
2025-07-09 18:41:05,899 INFO: origin_layout0: tensor([[0.2227, 0.5781, 1.0000, 1.0000],
        [0.1680, 0.3945, 0.0000, 0.0000],
        [0.2227, 0.4414, 0.0000, 1.0000],
        [0.5664, 0.2578, 0.0000, 0.0000],
        [0.3203, 0.4258, 1.0000, 0.0000],
        [0.4805, 0.3594, 1.0000, 0.0000],
        [0.5742, 0.3047, 1.0000, 1.0000],
        [0.8281, 0.2930, 0.0000, 0.0000],
        [0.3359, 0.3086, 0.0000, 0.0000]], device='cuda:0')
2025-07-09 18:41:05,901 INFO: refine_layout0: tensor([[0.2068, 0.4709, 0.9366, 0.9665],
        [0.3015, 0.3955, 0.0304, 0.0191],
        [0.2899, 0.4212, 0.0093, 0.9591],
        [0.4937, 0.3658, 0.0241, 0.0103],
        [0.3279, 0.5152, 0.9901, 0.0131],
        [0.4598, 0.4679, 0.9905, 0.0287],
        [0.7654, 0.4351, 0.9361, 0.9778],
        [0.5959, 0.3848, 0.0332, 0.0137],
        [0.3276, 0.4157, 0.0213, 0.0140]], device='cuda:0',
       grad_fn=<SliceBackward0>)
2025-07-09 18:41:06,228 INFO: [237/300] Loss_total: 5.93980 Test_loss: 2.83167 Time: 1.43s
2025-07-09 18:41:07,774 INFO: In step 299, Pred_score1: tensor([0.9578], device='cuda:0', grad_fn=<SelectBackward0>), origin_score1: tensor([0.3341], device='cuda:0', grad_fn=<SelectBackward0>)
2025-07-09 18:41:07,775 INFO: origin_layout0: tensor([[0.3281, 0.6641, 1.0000, 1.0000],
        [0.7773, 0.2852, 1.0000, 1.0000],
        [0.5352, 0.2891, 1.0000, 1.0000],
        [0.4766, 0.3438, 0.0000, 0.0000],
        [0.2539, 0.6875, 1.0000, 0.0000]], device='cuda:0')
2025-07-09 18:41:07,777 INFO: refine_layout0: tensor([[0.3202, 0.5549, 0.9332, 0.9349],
        [0.6601, 0.2613, 0.9323, 0.9496],
        [0.3535, 0.1792, 0.9427, 0.9722],
        [0.6254, 0.3044, 0.0723, 0.0500],
        [0.4935, 0.5354, 0.9333, 0.0076]], device='cuda:0',
       grad_fn=<SliceBackward0>)
2025-07-09 18:41:08,224 INFO: [238/300] Loss_total: 5.93504 Test_loss: 2.14108 Time: 2.00s
2025-07-09 18:41:09,358 INFO: In step 299, Pred_score1: tensor([0.7473], device='cuda:0', grad_fn=<SelectBackward0>), origin_score1: tensor([0.3341], device='cuda:0', grad_fn=<SelectBackward0>)
2025-07-09 18:41:09,359 INFO: origin_layout0: tensor([[0.3008, 0.5781, 1.0000, 1.0000],
        [0.1992, 0.4727, 0.0000, 0.0000],
        [0.6055, 0.5156, 1.0000, 1.0000],
        [0.5156, 0.5742, 0.0000, 0.0000],
        [0.2422, 0.4883, 1.0000, 0.0000]], device='cuda:0')
2025-07-09 18:41:09,361 INFO: refine_layout0: tensor([[0.2956, 0.5362, 0.9429, 0.9662],
        [0.3162, 0.4556, 0.0260, 0.0161],
        [0.6215, 0.5067, 0.9193, 0.8892],
        [0.5603, 0.5436, 0.0217, 0.0087],
        [0.3249, 0.4751, 0.9776, 0.0088]], device='cuda:0',
       grad_fn=<SliceBackward0>)
2025-07-09 18:41:09,675 INFO: [239/300] Loss_total: 5.94265 Test_loss: 2.30655 Time: 1.45s
2025-07-09 18:41:10,895 INFO: In step 299, Pred_score1: tensor([0.8892], device='cuda:0', grad_fn=<SelectBackward0>), origin_score1: tensor([0.3341], device='cuda:0', grad_fn=<SelectBackward0>)
2025-07-09 18:41:10,896 INFO: origin_layout0: tensor([[0.3828, 0.6055, 1.0000, 1.0000],
        [0.2656, 0.6367, 0.0000, 0.0000],
        [0.6484, 0.5586, 1.0000, 1.0000]], device='cuda:0')
2025-07-09 18:41:10,897 INFO: refine_layout0: tensor([[0.4180, 0.5293, 0.9328, 0.9143],
        [0.4414, 0.5712, 0.0244, 0.0076],
        [0.6266, 0.4780, 0.8793, 0.8121]], device='cuda:0',
       grad_fn=<SliceBackward0>)
2025-07-09 18:41:11,195 INFO: [240/300] Loss_total: 5.93706 Test_loss: 2.17839 Time: 1.52s
2025-07-09 18:41:12,253 INFO: In step 299, Pred_score1: tensor([0.5014], device='cuda:0', grad_fn=<SelectBackward0>), origin_score1: tensor([0.3341], device='cuda:0', grad_fn=<SelectBackward0>)
2025-07-09 18:41:12,254 INFO: origin_layout0: tensor([[0.2891, 0.2812, 1.0000, 1.0000],
        [0.7070, 0.7812, 1.0000, 1.0000],
        [0.5312, 0.5859, 1.0000, 1.0000],
        [0.4883, 0.4570, 0.0000, 0.0000],
        [0.3516, 0.6016, 1.0000, 0.0000],
        [0.4766, 0.6367, 1.0000, 0.0000],
        [0.5078, 0.4688, 1.0000, 1.0000]], device='cuda:0')
2025-07-09 18:41:12,256 INFO: refine_layout0: tensor([[0.2621, 0.3008, 0.9546, 0.9622],
        [0.6748, 0.6065, 0.8595, 0.7873],
        [0.4237, 0.2865, 0.8987, 0.9493],
        [0.7299, 0.3080, 0.0916, 0.0534],
        [0.6134, 0.4237, 0.9381, 0.0111],
        [0.6193, 0.4254, 0.9485, 0.0137],
        [0.4783, 0.2435, 0.8861, 0.8885]], device='cuda:0',
       grad_fn=<SliceBackward0>)
2025-07-09 18:41:12,550 INFO: [241/300] Loss_total: 5.93595 Test_loss: 2.55856 Time: 1.35s
2025-07-09 18:41:13,594 INFO: In step 299, Pred_score1: tensor([0.5399], device='cuda:0', grad_fn=<SelectBackward0>), origin_score1: tensor([0.3341], device='cuda:0', grad_fn=<SelectBackward0>)
2025-07-09 18:41:13,596 INFO: origin_layout0: tensor([[0.2578, 0.5742, 1.0000, 1.0000],
        [0.7773, 0.4844, 1.0000, 1.0000],
        [0.4844, 0.4336, 1.0000, 1.0000],
        [0.4180, 0.5039, 0.0000, 0.0000],
        [0.2852, 0.5586, 1.0000, 0.0000],
        [0.5352, 0.4297, 1.0000, 0.0000],
        [0.6680, 0.3359, 1.0000, 1.0000]], device='cuda:0')
2025-07-09 18:41:13,597 INFO: refine_layout0: tensor([[0.2468, 0.5024, 0.9376, 0.9623],
        [0.7022, 0.4113, 0.9099, 0.9275],
        [0.3292, 0.2147, 0.9331, 0.9697],
        [0.6431, 0.3359, 0.0773, 0.0534],
        [0.5249, 0.4049, 0.9481, 0.0112],
        [0.5418, 0.3564, 0.9589, 0.0153],
        [0.6308, 0.2754, 0.8894, 0.9036]], device='cuda:0',
       grad_fn=<SliceBackward0>)
2025-07-09 18:41:13,905 INFO: [242/300] Loss_total: 5.93290 Test_loss: 2.69403 Time: 1.36s
2025-07-09 18:41:14,963 INFO: In step 299, Pred_score1: tensor([0.5279], device='cuda:0', grad_fn=<SelectBackward0>), origin_score1: tensor([0.3341], device='cuda:0', grad_fn=<SelectBackward0>)
2025-07-09 18:41:14,965 INFO: origin_layout0: tensor([[0.2891, 0.6055, 1.0000, 1.0000],
        [0.7344, 0.4453, 1.0000, 1.0000],
        [0.4570, 0.3281, 1.0000, 1.0000],
        [0.4102, 0.2891, 0.0000, 0.0000],
        [0.2539, 0.4570, 1.0000, 0.0000],
        [0.3555, 0.5781, 1.0000, 0.0000],
        [0.3828, 0.3125, 1.0000, 1.0000]], device='cuda:0')
2025-07-09 18:41:14,966 INFO: refine_layout0: tensor([[0.2922, 0.5395, 0.9413, 0.9684],
        [0.6984, 0.4093, 0.9317, 0.9519],
        [0.3340, 0.1873, 0.9552, 0.9816],
        [0.5716, 0.2684, 0.0924, 0.0668],
        [0.4348, 0.3950, 0.9621, 0.0128],
        [0.4454, 0.4467, 0.9672, 0.0143],
        [0.4890, 0.2446, 0.9209, 0.9391]], device='cuda:0',
       grad_fn=<SliceBackward0>)
2025-07-09 18:41:15,274 INFO: [243/300] Loss_total: 5.94110 Test_loss: 2.41784 Time: 1.37s
2025-07-09 18:41:16,360 INFO: In step 299, Pred_score1: tensor([0.6628], device='cuda:0', grad_fn=<SelectBackward0>), origin_score1: tensor([0.3341], device='cuda:0', grad_fn=<SelectBackward0>)
2025-07-09 18:41:16,361 INFO: origin_layout0: tensor([[0.3516, 0.6016, 1.0000, 1.0000],
        [0.2539, 0.5508, 0.0000, 0.0000],
        [0.5664, 0.5703, 1.0000, 1.0000],
        [0.5078, 0.4844, 0.0000, 0.0000],
        [0.3711, 0.4922, 1.0000, 0.0000]], device='cuda:0')
2025-07-09 18:41:16,363 INFO: refine_layout0: tensor([[0.3656, 0.5321, 0.9398, 0.9341],
        [0.3868, 0.5315, 0.0227, 0.0086],
        [0.5913, 0.5205, 0.8977, 0.8569],
        [0.5760, 0.4855, 0.0224, 0.0085],
        [0.4095, 0.4919, 0.9721, 0.0058]], device='cuda:0',
       grad_fn=<SliceBackward0>)
2025-07-09 18:41:16,669 INFO: [244/300] Loss_total: 5.93294 Test_loss: 2.61318 Time: 1.39s
2025-07-09 18:41:17,738 INFO: In step 299, Pred_score1: tensor([0.6097], device='cuda:0', grad_fn=<SelectBackward0>), origin_score1: tensor([0.3341], device='cuda:0', grad_fn=<SelectBackward0>)
2025-07-09 18:41:17,739 INFO: origin_layout0: tensor([[0.3359, 0.4531, 1.0000, 1.0000],
        [0.6797, 0.5508, 1.0000, 1.0000],
        [0.5078, 0.6055, 0.0000, 1.0000],
        [0.8164, 0.5391, 0.0000, 0.0000],
        [0.4141, 0.5547, 1.0000, 0.0000],
        [0.5742, 0.6719, 1.0000, 0.0000]], device='cuda:0')
2025-07-09 18:41:17,740 INFO: refine_layout0: tensor([[0.3035, 0.4255, 0.9518, 0.9611],
        [0.6311, 0.4557, 0.9090, 0.9117],
        [0.6030, 0.4831, 0.0043, 0.8948],
        [0.7623, 0.4793, 0.0237, 0.0150],
        [0.5019, 0.5039, 0.9619, 0.0064],
        [0.5196, 0.5713, 0.9637, 0.0082]], device='cuda:0',
       grad_fn=<SliceBackward0>)
2025-07-09 18:41:18,061 INFO: [245/300] Loss_total: 5.93497 Test_loss: 2.47938 Time: 1.39s
2025-07-09 18:41:19,451 INFO: In step 299, Pred_score1: tensor([0.5376], device='cuda:0', grad_fn=<SelectBackward0>), origin_score1: tensor([0.3341], device='cuda:0', grad_fn=<SelectBackward0>)
2025-07-09 18:41:19,453 INFO: origin_layout0: tensor([[0.3789, 0.4414, 1.0000, 1.0000],
        [0.5664, 0.2891, 1.0000, 1.0000],
        [0.3750, 0.3320, 0.0000, 1.0000],
        [0.3516, 0.7109, 0.0000, 0.0000],
        [0.4297, 0.4258, 1.0000, 0.0000]], device='cuda:0')
2025-07-09 18:41:19,454 INFO: refine_layout0: tensor([[0.3600, 0.4244, 0.9498, 0.9721],
        [0.5051, 0.2753, 0.9506, 0.9703],
        [0.4495, 0.3457, 0.0116, 0.9485],
        [0.5272, 0.5645, 0.0198, 0.0195],
        [0.4512, 0.4647, 0.9739, 0.0073]], device='cuda:0',
       grad_fn=<SliceBackward0>)
2025-07-09 18:41:19,873 INFO: [246/300] Loss_total: 5.93562 Test_loss: 2.29704 Time: 1.81s
2025-07-09 18:41:21,149 INFO: In step 299, Pred_score1: tensor([0.6387], device='cuda:0', grad_fn=<SelectBackward0>), origin_score1: tensor([0.3341], device='cuda:0', grad_fn=<SelectBackward0>)
2025-07-09 18:41:21,150 INFO: origin_layout0: tensor([[0.3242, 0.6719, 1.0000, 1.0000],
        [0.7773, 0.3320, 1.0000, 1.0000],
        [0.5078, 0.2969, 1.0000, 1.0000],
        [0.4531, 0.5234, 0.0000, 0.0000],
        [0.2656, 0.3828, 1.0000, 0.0000]], device='cuda:0')
2025-07-09 18:41:21,151 INFO: refine_layout0: tensor([[0.3217, 0.5557, 0.9372, 0.9238],
        [0.6549, 0.2765, 0.9338, 0.9444],
        [0.3180, 0.1691, 0.9465, 0.9740],
        [0.6247, 0.3723, 0.0608, 0.0427],
        [0.4762, 0.3221, 0.9593, 0.0134]], device='cuda:0',
       grad_fn=<SliceBackward0>)
2025-07-09 18:41:21,440 INFO: [247/300] Loss_total: 5.93369 Test_loss: 2.49348 Time: 1.57s
2025-07-09 18:41:22,480 INFO: In step 299, Pred_score1: tensor([0.5440], device='cuda:0', grad_fn=<SelectBackward0>), origin_score1: tensor([0.3341], device='cuda:0', grad_fn=<SelectBackward0>)
2025-07-09 18:41:22,481 INFO: origin_layout0: tensor([[0.3594, 0.5391, 1.0000, 1.0000],
        [0.2617, 0.4531, 0.0000, 0.0000],
        [0.6719, 0.5312, 1.0000, 1.0000],
        [0.5859, 0.3594, 0.0000, 0.0000],
        [0.3086, 0.4727, 1.0000, 0.0000]], device='cuda:0')
2025-07-09 18:41:22,482 INFO: refine_layout0: tensor([[0.4595, 0.4641, 0.9355, 0.9076],
        [0.4491, 0.4222, 0.0558, 0.0178],
        [0.6241, 0.4368, 0.8796, 0.7902],
        [0.6588, 0.3922, 0.0404, 0.0117],
        [0.4028, 0.4313, 0.9656, 0.0079]], device='cuda:0',
       grad_fn=<SliceBackward0>)
2025-07-09 18:41:22,777 INFO: [248/300] Loss_total: 5.93302 Test_loss: 2.63748 Time: 1.34s
2025-07-09 18:41:23,842 INFO: In step 299, Pred_score1: tensor([0.9527], device='cuda:0', grad_fn=<SelectBackward0>), origin_score1: tensor([0.3341], device='cuda:0', grad_fn=<SelectBackward0>)
2025-07-09 18:41:23,843 INFO: origin_layout0: tensor([[0.3281, 0.6641, 1.0000, 1.0000],
        [0.7773, 0.2852, 1.0000, 1.0000],
        [0.5352, 0.2891, 1.0000, 1.0000],
        [0.4766, 0.3438, 0.0000, 0.0000],
        [0.2539, 0.6875, 1.0000, 0.0000]], device='cuda:0')
2025-07-09 18:41:23,844 INFO: refine_layout0: tensor([[0.3018, 0.5582, 0.9354, 0.9418],
        [0.6455, 0.2607, 0.9339, 0.9577],
        [0.3381, 0.1773, 0.9460, 0.9772],
        [0.6126, 0.3025, 0.0762, 0.0557],
        [0.4831, 0.5302, 0.9394, 0.0092]], device='cuda:0',
       grad_fn=<SliceBackward0>)
2025-07-09 18:41:24,152 INFO: [249/300] Loss_total: 5.93230 Test_loss: 2.32921 Time: 1.37s
2025-07-09 18:41:25,196 INFO: In step 299, Pred_score1: tensor([0.7648], device='cuda:0', grad_fn=<SelectBackward0>), origin_score1: tensor([0.3341], device='cuda:0', grad_fn=<SelectBackward0>)
2025-07-09 18:41:25,198 INFO: origin_layout0: tensor([[0.3828, 0.4414, 1.0000, 1.0000],
        [0.5352, 0.3984, 1.0000, 1.0000],
        [0.3789, 0.4102, 0.0000, 1.0000],
        [0.5078, 0.1836, 0.0000, 1.0000],
        [0.4727, 0.1758, 1.0000, 0.0000],
        [0.6797, 0.3359, 1.0000, 0.0000]], device='cuda:0')
2025-07-09 18:41:25,199 INFO: refine_layout0: tensor([[0.3463, 0.4072, 0.9487, 0.9506],
        [0.4377, 0.3063, 0.9390, 0.9553],
        [0.4718, 0.3748, 0.0096, 0.9245],
        [0.5287, 0.2395, 0.0079, 0.9294],
        [0.4704, 0.2427, 0.9580, 0.0309],
        [0.5126, 0.4450, 0.9770, 0.0124]], device='cuda:0',
       grad_fn=<SliceBackward0>)
2025-07-09 18:41:25,514 INFO: [250/300] Loss_total: 5.93064 Test_loss: 2.43243 Time: 1.36s
2025-07-09 18:41:26,599 INFO: In step 299, Pred_score1: tensor([0.2765], device='cuda:0', grad_fn=<SelectBackward0>), origin_score1: tensor([0.3341], device='cuda:0', grad_fn=<SelectBackward0>)
2025-07-09 18:41:26,601 INFO: origin_layout0: tensor([[0.3086, 0.7266, 1.0000, 1.0000],
        [0.2109, 0.5195, 0.0000, 0.0000],
        [0.4766, 0.3555, 1.0000, 1.0000],
        [0.4297, 0.4102, 0.0000, 0.0000],
        [0.2734, 0.6641, 1.0000, 0.0000],
        [0.3633, 0.7148, 1.0000, 0.0000],
        [0.6758, 0.2539, 0.0000, 1.0000],
        [0.4375, 0.5234, 0.0000, 0.0000]], device='cuda:0')
2025-07-09 18:41:26,602 INFO: refine_layout0: tensor([[0.2786, 0.6057, 0.9285, 0.9599],
        [0.3144, 0.4769, 0.0262, 0.0171],
        [0.4921, 0.3754, 0.9458, 0.9329],
        [0.4948, 0.4443, 0.0239, 0.0103],
        [0.3441, 0.6310, 0.9731, 0.0059],
        [0.3798, 0.6118, 0.9754, 0.0090],
        [0.7265, 0.2740, 0.0251, 0.9232],
        [0.4027, 0.5165, 0.0182, 0.0106]], device='cuda:0',
       grad_fn=<SliceBackward0>)
2025-07-09 18:41:26,913 INFO: [251/300] Loss_total: 5.92788 Test_loss: 2.75235 Time: 1.40s
2025-07-09 18:41:27,990 INFO: In step 299, Pred_score1: tensor([0.6802], device='cuda:0', grad_fn=<SelectBackward0>), origin_score1: tensor([0.3341], device='cuda:0', grad_fn=<SelectBackward0>)
2025-07-09 18:41:27,991 INFO: origin_layout0: tensor([[0.3516, 0.6016, 1.0000, 1.0000],
        [0.2539, 0.5508, 0.0000, 0.0000],
        [0.5664, 0.5703, 1.0000, 1.0000],
        [0.5078, 0.4844, 0.0000, 0.0000],
        [0.3711, 0.4922, 1.0000, 0.0000]], device='cuda:0')
2025-07-09 18:41:27,992 INFO: refine_layout0: tensor([[0.3495, 0.5101, 0.9450, 0.9321],
        [0.4024, 0.5263, 0.0241, 0.0082],
        [0.5688, 0.4863, 0.9022, 0.8562],
        [0.6047, 0.4780, 0.0237, 0.0083],
        [0.4292, 0.4659, 0.9713, 0.0059]], device='cuda:0',
       grad_fn=<SliceBackward0>)
2025-07-09 18:41:28,284 INFO: [252/300] Loss_total: 5.93103 Test_loss: 2.42567 Time: 1.37s
2025-07-09 18:41:29,316 INFO: In step 299, Pred_score1: tensor([0.7256], device='cuda:0', grad_fn=<SelectBackward0>), origin_score1: tensor([0.3341], device='cuda:0', grad_fn=<SelectBackward0>)
2025-07-09 18:41:29,317 INFO: origin_layout0: tensor([[0.2500, 0.4453, 1.0000, 1.0000],
        [0.8359, 0.7930, 1.0000, 1.0000],
        [0.5742, 0.5977, 1.0000, 1.0000],
        [0.5156, 0.5703, 0.0000, 0.0000],
        [0.3320, 0.5977, 1.0000, 0.0000],
        [0.5234, 0.5312, 1.0000, 0.0000]], device='cuda:0')
2025-07-09 18:41:29,318 INFO: refine_layout0: tensor([[0.2195, 0.4102, 0.9457, 0.9732],
        [0.7761, 0.6446, 0.8384, 0.8112],
        [0.4499, 0.2936, 0.9021, 0.9551],
        [0.7250, 0.3342, 0.0863, 0.0495],
        [0.5900, 0.3985, 0.9418, 0.0141],
        [0.6008, 0.3666, 0.9539, 0.0186]], device='cuda:0',
       grad_fn=<SliceBackward0>)
2025-07-09 18:41:29,628 INFO: [253/300] Loss_total: 5.93171 Test_loss: 2.35895 Time: 1.34s
2025-07-09 18:41:30,798 INFO: In step 299, Pred_score1: tensor([0.5558], device='cuda:0', grad_fn=<SelectBackward0>), origin_score1: tensor([0.3341], device='cuda:0', grad_fn=<SelectBackward0>)
2025-07-09 18:41:30,799 INFO: origin_layout0: tensor([[0.4414, 0.6367, 1.0000, 1.0000],
        [0.5664, 0.6094, 1.0000, 1.0000],
        [0.4375, 0.3477, 0.0000, 1.0000],
        [0.6250, 0.4102, 0.0000, 0.0000]], device='cuda:0')
2025-07-09 18:41:30,800 INFO: refine_layout0: tensor([[0.5010, 0.5710, 0.9320, 0.8963],
        [0.5224, 0.3776, 0.9322, 0.9310],
        [0.5089, 0.2608, 0.0151, 0.9117],
        [0.7019, 0.4087, 0.0295, 0.0233]], device='cuda:0',
       grad_fn=<SliceBackward0>)
2025-07-09 18:41:31,241 INFO: [254/300] Loss_total: 5.93047 Test_loss: 2.04161 Time: 1.61s
2025-07-09 18:41:32,768 INFO: In step 299, Pred_score1: tensor([0.4148], device='cuda:0', grad_fn=<SelectBackward0>), origin_score1: tensor([0.3341], device='cuda:0', grad_fn=<SelectBackward0>)
2025-07-09 18:41:32,769 INFO: origin_layout0: tensor([[0.3242, 0.4297, 1.0000, 1.0000],
        [0.3398, 0.5586, 0.0000, 0.0000],
        [0.6133, 0.6797, 1.0000, 1.0000],
        [0.5625, 0.5664, 0.0000, 0.0000],
        [0.3984, 0.7969, 1.0000, 0.0000],
        [0.5117, 0.7617, 1.0000, 0.0000]], device='cuda:0')
2025-07-09 18:41:32,771 INFO: refine_layout0: tensor([[0.2987, 0.3936, 0.9494, 0.9682],
        [0.4146, 0.5383, 0.0210, 0.0091],
        [0.6359, 0.5844, 0.8911, 0.8550],
        [0.6133, 0.5152, 0.0216, 0.0091],
        [0.4691, 0.6673, 0.9559, 0.0034],
        [0.5001, 0.6124, 0.9586, 0.0056]], device='cuda:0',
       grad_fn=<SliceBackward0>)
2025-07-09 18:41:33,074 INFO: [255/300] Loss_total: 5.92780 Test_loss: 2.43385 Time: 1.83s
2025-07-09 18:41:34,140 INFO: In step 299, Pred_score1: tensor([0.6181], device='cuda:0', grad_fn=<SelectBackward0>), origin_score1: tensor([0.3341], device='cuda:0', grad_fn=<SelectBackward0>)
2025-07-09 18:41:34,141 INFO: origin_layout0: tensor([[0.3281, 0.6406, 1.0000, 1.0000],
        [0.7656, 0.5820, 1.0000, 1.0000],
        [0.5117, 0.4492, 1.0000, 1.0000],
        [0.4570, 0.6211, 0.0000, 0.0000],
        [0.2734, 0.4062, 1.0000, 0.0000]], device='cuda:0')
2025-07-09 18:41:34,142 INFO: refine_layout0: tensor([[0.2694, 0.5194, 0.9427, 0.9586],
        [0.6898, 0.4696, 0.9050, 0.9179],
        [0.3740, 0.2160, 0.9335, 0.9689],
        [0.6921, 0.3674, 0.0742, 0.0485],
        [0.5310, 0.3087, 0.9576, 0.0190]], device='cuda:0',
       grad_fn=<SliceBackward0>)
2025-07-09 18:41:34,438 INFO: [256/300] Loss_total: 5.93064 Test_loss: 2.11598 Time: 1.36s
2025-07-09 18:41:35,503 INFO: In step 299, Pred_score1: tensor([0.5853], device='cuda:0', grad_fn=<SelectBackward0>), origin_score1: tensor([0.3341], device='cuda:0', grad_fn=<SelectBackward0>)
2025-07-09 18:41:35,504 INFO: origin_layout0: tensor([[0.2266, 0.3555, 1.0000, 1.0000],
        [0.8047, 0.5859, 1.0000, 1.0000],
        [0.4961, 0.5352, 1.0000, 1.0000],
        [0.4375, 0.5859, 0.0000, 0.0000],
        [0.3125, 0.7188, 1.0000, 0.0000],
        [0.4609, 0.4883, 1.0000, 0.0000],
        [0.6562, 0.4453, 1.0000, 1.0000]], device='cuda:0')
2025-07-09 18:41:35,505 INFO: refine_layout0: tensor([[0.2069, 0.3628, 0.9450, 0.9824],
        [0.7484, 0.5278, 0.8855, 0.9002],
        [0.3807, 0.2918, 0.9160, 0.9620],
        [0.6686, 0.3540, 0.0717, 0.0493],
        [0.5861, 0.4826, 0.9382, 0.0090],
        [0.5589, 0.3531, 0.9588, 0.0204],
        [0.6184, 0.2845, 0.8844, 0.8746]], device='cuda:0',
       grad_fn=<SliceBackward0>)
2025-07-09 18:41:35,825 INFO: [257/300] Loss_total: 5.92620 Test_loss: 2.42238 Time: 1.39s
2025-07-09 18:41:36,903 INFO: In step 299, Pred_score1: tensor([0.7410], device='cuda:0', grad_fn=<SelectBackward0>), origin_score1: tensor([0.3341], device='cuda:0', grad_fn=<SelectBackward0>)
2025-07-09 18:41:36,904 INFO: origin_layout0: tensor([[0.3672, 0.6562, 1.0000, 1.0000],
        [0.6875, 0.1680, 1.0000, 1.0000],
        [0.5078, 0.2188, 1.0000, 1.0000],
        [0.4648, 0.6055, 0.0000, 0.0000],
        [0.3594, 0.4727, 1.0000, 0.0000]], device='cuda:0')
2025-07-09 18:41:36,905 INFO: refine_layout0: tensor([[0.3247, 0.5342, 0.9457, 0.9309],
        [0.5296, 0.1810, 0.9509, 0.9684],
        [0.3305, 0.1645, 0.9459, 0.9741],
        [0.6206, 0.4254, 0.0444, 0.0371],
        [0.5545, 0.3745, 0.9544, 0.0081]], device='cuda:0',
       grad_fn=<SliceBackward0>)
2025-07-09 18:41:37,212 INFO: [258/300] Loss_total: 5.92558 Test_loss: 2.47623 Time: 1.39s
2025-07-09 18:41:38,297 INFO: In step 299, Pred_score1: tensor([0.7704], device='cuda:0', grad_fn=<SelectBackward0>), origin_score1: tensor([0.3341], device='cuda:0', grad_fn=<SelectBackward0>)
2025-07-09 18:41:38,298 INFO: origin_layout0: tensor([[0.3828, 0.4414, 1.0000, 1.0000],
        [0.5352, 0.3984, 1.0000, 1.0000],
        [0.3789, 0.4102, 0.0000, 1.0000],
        [0.5078, 0.1836, 0.0000, 1.0000],
        [0.4727, 0.1758, 1.0000, 0.0000],
        [0.6797, 0.3359, 1.0000, 0.0000]], device='cuda:0')
2025-07-09 18:41:38,299 INFO: refine_layout0: tensor([[0.3345, 0.4074, 0.9518, 0.9473],
        [0.4250, 0.2940, 0.9404, 0.9543],
        [0.4751, 0.3641, 0.0100, 0.9219],
        [0.5258, 0.2388, 0.0085, 0.9272],
        [0.4691, 0.2340, 0.9574, 0.0323],
        [0.5131, 0.4394, 0.9764, 0.0127]], device='cuda:0',
       grad_fn=<SliceBackward0>)
2025-07-09 18:41:38,591 INFO: [259/300] Loss_total: 5.92504 Test_loss: 2.53333 Time: 1.38s
2025-07-09 18:41:39,662 INFO: In step 299, Pred_score1: tensor([0.7476], device='cuda:0', grad_fn=<SelectBackward0>), origin_score1: tensor([0.3341], device='cuda:0', grad_fn=<SelectBackward0>)
2025-07-09 18:41:39,664 INFO: origin_layout0: tensor([[0.3008, 0.5781, 1.0000, 1.0000],
        [0.1992, 0.4727, 0.0000, 0.0000],
        [0.6055, 0.5156, 1.0000, 1.0000],
        [0.5156, 0.5742, 0.0000, 0.0000],
        [0.2422, 0.4883, 1.0000, 0.0000]], device='cuda:0')
2025-07-09 18:41:39,665 INFO: refine_layout0: tensor([[0.2960, 0.5376, 0.9434, 0.9677],
        [0.3106, 0.4514, 0.0252, 0.0161],
        [0.6324, 0.5103, 0.9210, 0.8889],
        [0.5456, 0.5412, 0.0220, 0.0085],
        [0.3127, 0.4812, 0.9785, 0.0090]], device='cuda:0',
       grad_fn=<SliceBackward0>)
2025-07-09 18:41:39,980 INFO: [260/300] Loss_total: 5.92263 Test_loss: 1.98238 Time: 1.39s
2025-07-09 18:41:41,041 INFO: In step 299, Pred_score1: tensor([0.5371], device='cuda:0', grad_fn=<SelectBackward0>), origin_score1: tensor([0.3341], device='cuda:0', grad_fn=<SelectBackward0>)
2025-07-09 18:41:41,042 INFO: origin_layout0: tensor([[0.3828, 0.4414, 1.0000, 1.0000],
        [0.5352, 0.3984, 1.0000, 1.0000],
        [0.3789, 0.4102, 0.0000, 1.0000],
        [0.5078, 0.1836, 0.0000, 1.0000],
        [0.4727, 0.1758, 1.0000, 0.0000],
        [0.6797, 0.3359, 1.0000, 0.0000],
        [0.4961, 0.2617, 0.0000, 0.0000]], device='cuda:0')
2025-07-09 18:41:41,044 INFO: refine_layout0: tensor([[0.3507, 0.4009, 0.9523, 0.9535],
        [0.4430, 0.2946, 0.9386, 0.9578],
        [0.4851, 0.3683, 0.0099, 0.9278],
        [0.5369, 0.2388, 0.0081, 0.9310],
        [0.4847, 0.2375, 0.9576, 0.0325],
        [0.5236, 0.4397, 0.9769, 0.0132],
        [0.4953, 0.4106, 0.0547, 0.0181]], device='cuda:0',
       grad_fn=<SliceBackward0>)
2025-07-09 18:41:41,340 INFO: [261/300] Loss_total: 5.92278 Test_loss: 2.53717 Time: 1.36s
2025-07-09 18:41:42,431 INFO: In step 299, Pred_score1: tensor([0.9198], device='cuda:0', grad_fn=<SelectBackward0>), origin_score1: tensor([0.3341], device='cuda:0', grad_fn=<SelectBackward0>)
2025-07-09 18:41:42,432 INFO: origin_layout0: tensor([[0.3711, 0.3516, 1.0000, 1.0000],
        [0.7188, 0.7070, 1.0000, 1.0000],
        [0.5234, 0.4688, 0.0000, 1.0000]], device='cuda:0')
2025-07-09 18:41:42,433 INFO: refine_layout0: tensor([[0.3707, 0.3976, 0.9536, 0.9723],
        [0.7098, 0.5984, 0.8802, 0.8746],
        [0.5960, 0.3848, 0.0063, 0.9228]], device='cuda:0',
       grad_fn=<SliceBackward0>)
2025-07-09 18:41:42,773 INFO: [262/300] Loss_total: 5.92377 Test_loss: 2.15347 Time: 1.43s
2025-07-09 18:41:44,267 INFO: In step 299, Pred_score1: tensor([0.9874], device='cuda:0', grad_fn=<SelectBackward0>), origin_score1: tensor([0.3341], device='cuda:0', grad_fn=<SelectBackward0>)
2025-07-09 18:41:44,268 INFO: origin_layout0: tensor([[0.3047, 0.2148, 1.0000, 1.0000],
        [0.6484, 0.6250, 1.0000, 1.0000],
        [0.4922, 0.2617, 1.0000, 1.0000],
        [0.4570, 0.3281, 0.0000, 0.0000],
        [0.3398, 0.8086, 1.0000, 0.0000]], device='cuda:0')
2025-07-09 18:41:44,270 INFO: refine_layout0: tensor([[0.3505, 0.3108, 0.9540, 0.9725],
        [0.6635, 0.5213, 0.9100, 0.9191],
        [0.3604, 0.1461, 0.9598, 0.9858],
        [0.5655, 0.2888, 0.0857, 0.0611],
        [0.5148, 0.6247, 0.9336, 0.0067]], device='cuda:0',
       grad_fn=<SliceBackward0>)
2025-07-09 18:41:44,721 INFO: [263/300] Loss_total: 5.92376 Test_loss: 2.39817 Time: 1.95s
2025-07-09 18:41:45,796 INFO: In step 299, Pred_score1: tensor([0.9286], device='cuda:0', grad_fn=<SelectBackward0>), origin_score1: tensor([0.3341], device='cuda:0', grad_fn=<SelectBackward0>)
2025-07-09 18:41:45,797 INFO: origin_layout0: tensor([[0.2812, 0.3438, 1.0000, 1.0000],
        [0.7852, 0.7422, 1.0000, 1.0000],
        [0.5039, 0.3477, 1.0000, 1.0000],
        [0.4609, 0.7344, 0.0000, 0.0000],
        [0.3281, 0.5703, 1.0000, 0.0000],
        [0.4180, 0.5547, 1.0000, 0.0000],
        [0.4570, 0.4062, 1.0000, 1.0000],
        [0.2969, 0.4102, 0.0000, 0.0000],
        [0.3203, 0.5117, 0.0000, 0.0000]], device='cuda:0')
2025-07-09 18:41:45,799 INFO: refine_layout0: tensor([[0.2762, 0.3662, 0.9508, 0.9755],
        [0.7580, 0.6168, 0.8649, 0.8391],
        [0.3354, 0.1684, 0.9441, 0.9780],
        [0.6620, 0.4424, 0.0594, 0.0389],
        [0.5470, 0.3970, 0.9527, 0.0122],
        [0.5150, 0.3734, 0.9606, 0.0172],
        [0.4805, 0.2445, 0.9067, 0.9106],
        [0.5230, 0.2742, 0.1334, 0.0647],
        [0.5364, 0.4989, 0.0541, 0.0194]], device='cuda:0',
       grad_fn=<SliceBackward0>)
2025-07-09 18:41:46,111 INFO: [264/300] Loss_total: 5.92286 Test_loss: 3.06301 Time: 1.39s
2025-07-09 18:41:47,187 INFO: In step 299, Pred_score1: tensor([0.5633], device='cuda:0', grad_fn=<SelectBackward0>), origin_score1: tensor([0.3341], device='cuda:0', grad_fn=<SelectBackward0>)
2025-07-09 18:41:47,188 INFO: origin_layout0: tensor([[0.2891, 0.3047, 1.0000, 1.0000],
        [0.7305, 0.5547, 1.0000, 1.0000],
        [0.5273, 0.4258, 1.0000, 1.0000],
        [0.4805, 0.5742, 0.0000, 0.0000],
        [0.3672, 0.6016, 1.0000, 0.0000],
        [0.5352, 0.3477, 1.0000, 0.0000],
        [0.5312, 0.4219, 1.0000, 1.0000]], device='cuda:0')
2025-07-09 18:41:47,190 INFO: refine_layout0: tensor([[0.2610, 0.3255, 0.9545, 0.9674],
        [0.6553, 0.4484, 0.8959, 0.8967],
        [0.3875, 0.2189, 0.9262, 0.9687],
        [0.6946, 0.3733, 0.0735, 0.0521],
        [0.6118, 0.4277, 0.9457, 0.0114],
        [0.5637, 0.3060, 0.9638, 0.0230],
        [0.5062, 0.2682, 0.8963, 0.9213]], device='cuda:0',
       grad_fn=<SliceBackward0>)
2025-07-09 18:41:47,488 INFO: [265/300] Loss_total: 5.92043 Test_loss: 2.66679 Time: 1.38s
2025-07-09 18:41:48,555 INFO: In step 299, Pred_score1: tensor([0.4831], device='cuda:0', grad_fn=<SelectBackward0>), origin_score1: tensor([0.3341], device='cuda:0', grad_fn=<SelectBackward0>)
2025-07-09 18:41:48,556 INFO: origin_layout0: tensor([[0.3789, 0.4414, 1.0000, 1.0000],
        [0.5664, 0.2891, 1.0000, 1.0000],
        [0.3750, 0.3320, 0.0000, 1.0000],
        [0.3516, 0.7109, 0.0000, 0.0000],
        [0.4297, 0.4258, 1.0000, 0.0000]], device='cuda:0')
2025-07-09 18:41:48,557 INFO: refine_layout0: tensor([[0.3508, 0.4272, 0.9507, 0.9711],
        [0.4928, 0.2698, 0.9477, 0.9691],
        [0.4682, 0.3532, 0.0114, 0.9440],
        [0.5600, 0.5703, 0.0196, 0.0196],
        [0.4791, 0.4545, 0.9736, 0.0073]], device='cuda:0',
       grad_fn=<SliceBackward0>)
2025-07-09 18:41:48,857 INFO: [266/300] Loss_total: 5.92768 Test_loss: 2.14821 Time: 1.37s
2025-07-09 18:41:49,879 INFO: In step 299, Pred_score1: tensor([0.6347], device='cuda:0', grad_fn=<SelectBackward0>), origin_score1: tensor([0.3341], device='cuda:0', grad_fn=<SelectBackward0>)
2025-07-09 18:41:49,880 INFO: origin_layout0: tensor([[0.4180, 0.3867, 1.0000, 1.0000],
        [0.6211, 0.7539, 1.0000, 1.0000],
        [0.5273, 0.4180, 0.0000, 1.0000],
        [0.6719, 0.4883, 0.0000, 0.0000],
        [0.4844, 0.7188, 1.0000, 0.0000],
        [0.5859, 0.6836, 1.0000, 0.0000]], device='cuda:0')
2025-07-09 18:41:49,882 INFO: refine_layout0: tensor([[0.3484, 0.3672, 0.9566, 0.9715],
        [0.5823, 0.5902, 0.8747, 0.8493],
        [0.6041, 0.3624, 0.0078, 0.9281],
        [0.6923, 0.4397, 0.0218, 0.0188],
        [0.5524, 0.6183, 0.9579, 0.0039],
        [0.5332, 0.5620, 0.9635, 0.0077]], device='cuda:0',
       grad_fn=<SliceBackward0>)
2025-07-09 18:41:50,186 INFO: [267/300] Loss_total: 5.93035 Test_loss: 2.23819 Time: 1.33s
2025-07-09 18:41:51,243 INFO: In step 299, Pred_score1: tensor([0.7627], device='cuda:0', grad_fn=<SelectBackward0>), origin_score1: tensor([0.3341], device='cuda:0', grad_fn=<SelectBackward0>)
2025-07-09 18:41:51,244 INFO: origin_layout0: tensor([[0.3828, 0.4414, 1.0000, 1.0000],
        [0.5352, 0.3984, 1.0000, 1.0000],
        [0.3789, 0.4102, 0.0000, 1.0000],
        [0.5078, 0.1836, 0.0000, 1.0000],
        [0.4727, 0.1758, 1.0000, 0.0000],
        [0.6797, 0.3359, 1.0000, 0.0000]], device='cuda:0')
2025-07-09 18:41:51,245 INFO: refine_layout0: tensor([[0.3537, 0.4117, 0.9511, 0.9515],
        [0.4506, 0.2982, 0.9381, 0.9572],
        [0.4908, 0.3650, 0.0095, 0.9259],
        [0.5399, 0.2435, 0.0080, 0.9274],
        [0.4742, 0.2389, 0.9557, 0.0324],
        [0.5164, 0.4477, 0.9757, 0.0131]], device='cuda:0',
       grad_fn=<SliceBackward0>)
2025-07-09 18:41:51,539 INFO: [268/300] Loss_total: 5.91781 Test_loss: 2.58061 Time: 1.35s
2025-07-09 18:41:52,613 INFO: In step 299, Pred_score1: tensor([0.6751], device='cuda:0', grad_fn=<SelectBackward0>), origin_score1: tensor([0.3341], device='cuda:0', grad_fn=<SelectBackward0>)
2025-07-09 18:41:52,614 INFO: origin_layout0: tensor([[0.3516, 0.6016, 1.0000, 1.0000],
        [0.2539, 0.5508, 0.0000, 0.0000],
        [0.5664, 0.5703, 1.0000, 1.0000],
        [0.5078, 0.4844, 0.0000, 0.0000],
        [0.3711, 0.4922, 1.0000, 0.0000]], device='cuda:0')
2025-07-09 18:41:52,615 INFO: refine_layout0: tensor([[0.3307, 0.5181, 0.9439, 0.9290],
        [0.4011, 0.5317, 0.0232, 0.0082],
        [0.5507, 0.4900, 0.8970, 0.8476],
        [0.6047, 0.4815, 0.0236, 0.0083],
        [0.4224, 0.4707, 0.9704, 0.0058]], device='cuda:0',
       grad_fn=<SliceBackward0>)
2025-07-09 18:41:52,922 INFO: [269/300] Loss_total: 5.92580 Test_loss: 2.40493 Time: 1.38s
2025-07-09 18:41:53,973 INFO: In step 299, Pred_score1: tensor([0.5788], device='cuda:0', grad_fn=<SelectBackward0>), origin_score1: tensor([0.3341], device='cuda:0', grad_fn=<SelectBackward0>)
2025-07-09 18:41:53,974 INFO: origin_layout0: tensor([[0.3711, 0.7461, 1.0000, 1.0000],
        [0.7227, 0.7344, 1.0000, 1.0000],
        [0.5156, 0.5195, 1.0000, 1.0000],
        [0.4727, 0.6914, 0.0000, 0.0000],
        [0.3242, 0.6211, 1.0000, 0.0000],
        [0.3945, 0.3164, 1.0000, 0.0000]], device='cuda:0')
2025-07-09 18:41:53,976 INFO: refine_layout0: tensor([[0.3535, 0.6283, 0.9325, 0.9466],
        [0.6959, 0.5512, 0.8971, 0.9028],
        [0.3774, 0.2127, 0.9350, 0.9678],
        [0.7012, 0.3900, 0.0809, 0.0423],
        [0.5735, 0.4006, 0.9497, 0.0150],
        [0.4742, 0.2582, 0.9716, 0.0351]], device='cuda:0',
       grad_fn=<SliceBackward0>)
2025-07-09 18:41:54,299 INFO: [270/300] Loss_total: 5.91647 Test_loss: 2.48120 Time: 1.38s
2025-07-09 18:41:55,614 INFO: In step 299, Pred_score1: tensor([0.5235], device='cuda:0', grad_fn=<SelectBackward0>), origin_score1: tensor([0.3341], device='cuda:0', grad_fn=<SelectBackward0>)
2025-07-09 18:41:55,616 INFO: origin_layout0: tensor([[0.2773, 0.2695, 1.0000, 1.0000],
        [0.6953, 0.5977, 1.0000, 1.0000],
        [0.4961, 0.4180, 1.0000, 1.0000],
        [0.4531, 0.4844, 0.0000, 0.0000],
        [0.3359, 0.5898, 1.0000, 0.0000],
        [0.4570, 0.7617, 1.0000, 0.0000],
        [0.4648, 0.3164, 1.0000, 1.0000]], device='cuda:0')
2025-07-09 18:41:55,618 INFO: refine_layout0: tensor([[0.2518, 0.3128, 0.9504, 0.9826],
        [0.6757, 0.5279, 0.8913, 0.9057],
        [0.3767, 0.2473, 0.9298, 0.9706],
        [0.6220, 0.3362, 0.0646, 0.0453],
        [0.5157, 0.4481, 0.9499, 0.0083],
        [0.5644, 0.5305, 0.9452, 0.0090],
        [0.5176, 0.2195, 0.9073, 0.9134]], device='cuda:0',
       grad_fn=<SliceBackward0>)
2025-07-09 18:41:56,038 INFO: [271/300] Loss_total: 5.92099 Test_loss: 2.74702 Time: 1.74s
2025-07-09 18:41:57,382 INFO: In step 299, Pred_score1: tensor([0.8316], device='cuda:0', grad_fn=<SelectBackward0>), origin_score1: tensor([0.3341], device='cuda:0', grad_fn=<SelectBackward0>)
2025-07-09 18:41:57,383 INFO: origin_layout0: tensor([[0.3164, 0.4102, 1.0000, 1.0000],
        [0.3281, 0.6211, 0.0000, 0.0000],
        [0.6797, 0.5859, 1.0000, 1.0000],
        [0.6094, 0.4766, 0.0000, 0.0000],
        [0.3828, 0.7656, 1.0000, 0.0000]], device='cuda:0')
2025-07-09 18:41:57,384 INFO: refine_layout0: tensor([[0.2766, 0.4027, 0.9463, 0.9759],
        [0.3745, 0.5735, 0.0189, 0.0103],
        [0.6831, 0.5532, 0.9090, 0.8890],
        [0.5767, 0.4740, 0.0210, 0.0096],
        [0.4136, 0.6743, 0.9625, 0.0040]], device='cuda:0',
       grad_fn=<SliceBackward0>)
2025-07-09 18:41:57,725 INFO: [272/300] Loss_total: 5.91596 Test_loss: 2.31338 Time: 1.69s
2025-07-09 18:41:58,800 INFO: In step 299, Pred_score1: tensor([0.5346], device='cuda:0', grad_fn=<SelectBackward0>), origin_score1: tensor([0.3341], device='cuda:0', grad_fn=<SelectBackward0>)
2025-07-09 18:41:58,802 INFO: origin_layout0: tensor([[0.3828, 0.4414, 1.0000, 1.0000],
        [0.5352, 0.3984, 1.0000, 1.0000],
        [0.3789, 0.4102, 0.0000, 1.0000],
        [0.5078, 0.1836, 0.0000, 1.0000],
        [0.4727, 0.1758, 1.0000, 0.0000],
        [0.6797, 0.3359, 1.0000, 0.0000],
        [0.4961, 0.2617, 0.0000, 0.0000]], device='cuda:0')
2025-07-09 18:41:58,803 INFO: refine_layout0: tensor([[0.3555, 0.4078, 0.9524, 0.9544],
        [0.4459, 0.2972, 0.9376, 0.9588],
        [0.4845, 0.3705, 0.0094, 0.9270],
        [0.5357, 0.2447, 0.0078, 0.9289],
        [0.4792, 0.2404, 0.9567, 0.0320],
        [0.5219, 0.4468, 0.9764, 0.0132],
        [0.4967, 0.4132, 0.0572, 0.0185]], device='cuda:0',
       grad_fn=<SliceBackward0>)
2025-07-09 18:41:59,119 INFO: [273/300] Loss_total: 5.91834 Test_loss: 2.88993 Time: 1.39s
2025-07-09 18:42:00,187 INFO: In step 299, Pred_score1: tensor([0.4089], device='cuda:0', grad_fn=<SelectBackward0>), origin_score1: tensor([0.3341], device='cuda:0', grad_fn=<SelectBackward0>)
2025-07-09 18:42:00,188 INFO: origin_layout0: tensor([[0.3086, 0.5039, 1.0000, 1.0000],
        [0.1758, 0.4414, 0.0000, 0.0000],
        [0.6602, 0.4492, 1.0000, 1.0000],
        [0.5625, 0.3828, 0.0000, 0.0000],
        [0.2617, 0.5156, 1.0000, 0.0000],
        [0.4844, 0.4531, 1.0000, 0.0000]], device='cuda:0')
2025-07-09 18:42:00,190 INFO: refine_layout0: tensor([[0.2931, 0.4502, 0.9495, 0.9469],
        [0.3467, 0.4500, 0.0264, 0.0118],
        [0.6104, 0.4231, 0.9014, 0.8576],
        [0.5982, 0.4364, 0.0224, 0.0082],
        [0.3583, 0.5141, 0.9698, 0.0066],
        [0.4248, 0.4535, 0.9738, 0.0095]], device='cuda:0',
       grad_fn=<SliceBackward0>)
2025-07-09 18:42:00,484 INFO: [274/300] Loss_total: 5.91661 Test_loss: 2.42759 Time: 1.36s
2025-07-09 18:42:01,615 INFO: In step 299, Pred_score1: tensor([0.5410], device='cuda:0', grad_fn=<SelectBackward0>), origin_score1: tensor([0.3341], device='cuda:0', grad_fn=<SelectBackward0>)
2025-07-09 18:42:01,617 INFO: origin_layout0: tensor([[0.2969, 0.2891, 1.0000, 1.0000],
        [0.7852, 0.4648, 1.0000, 1.0000],
        [0.5195, 0.5859, 1.0000, 1.0000],
        [0.4805, 0.3438, 0.0000, 0.0000],
        [0.3359, 0.7109, 1.0000, 0.0000],
        [0.4023, 0.7891, 1.0000, 0.0000],
        [0.4023, 0.4375, 1.0000, 1.0000]], device='cuda:0')
2025-07-09 18:42:01,618 INFO: refine_layout0: tensor([[0.2558, 0.3061, 0.9589, 0.9746],
        [0.6969, 0.4296, 0.8907, 0.9006],
        [0.4118, 0.3618, 0.8811, 0.9332],
        [0.6652, 0.2840, 0.0738, 0.0517],
        [0.5647, 0.5201, 0.9325, 0.0063],
        [0.5940, 0.4994, 0.9438, 0.0100],
        [0.4496, 0.2271, 0.8940, 0.8998]], device='cuda:0',
       grad_fn=<SliceBackward0>)
2025-07-09 18:42:01,934 INFO: [275/300] Loss_total: 5.91618 Test_loss: 2.67518 Time: 1.45s
2025-07-09 18:42:02,975 INFO: In step 299, Pred_score1: tensor([0.2244], device='cuda:0', grad_fn=<SelectBackward0>), origin_score1: tensor([0.3341], device='cuda:0', grad_fn=<SelectBackward0>)
2025-07-09 18:42:02,976 INFO: origin_layout0: tensor([[0.2773, 0.2930, 1.0000, 1.0000],
        [0.2852, 0.7109, 0.0000, 0.0000],
        [0.3633, 0.6094, 0.0000, 1.0000],
        [0.6562, 0.5859, 0.0000, 0.0000],
        [0.4258, 0.4375, 1.0000, 0.0000],
        [0.5508, 0.4727, 1.0000, 0.0000],
        [0.6016, 0.4922, 0.0000, 1.0000],
        [0.3828, 0.4180, 0.0000, 0.0000],
        [0.4297, 0.4336, 0.0000, 0.0000]], device='cuda:0')
2025-07-09 18:42:02,978 INFO: refine_layout0: tensor([[0.3708, 0.3207, 0.9498, 0.9379],
        [0.4916, 0.6122, 0.0359, 0.0102],
        [0.3916, 0.4757, 0.0055, 0.8716],
        [0.6513, 0.5550, 0.0272, 0.0062],
        [0.3940, 0.4740, 0.9836, 0.0097],
        [0.4289, 0.4921, 0.9802, 0.0127],
        [0.6420, 0.4556, 0.0146, 0.9253],
        [0.4144, 0.4483, 0.0201, 0.0128],
        [0.4207, 0.4937, 0.0267, 0.0090]], device='cuda:0',
       grad_fn=<SliceBackward0>)
2025-07-09 18:42:03,278 INFO: [276/300] Loss_total: 5.91125 Test_loss: 2.81623 Time: 1.34s
2025-07-09 18:42:04,353 INFO: In step 299, Pred_score1: tensor([0.6250], device='cuda:0', grad_fn=<SelectBackward0>), origin_score1: tensor([0.3341], device='cuda:0', grad_fn=<SelectBackward0>)
2025-07-09 18:42:04,355 INFO: origin_layout0: tensor([[0.2266, 0.3086, 1.0000, 1.0000],
        [0.8203, 0.3906, 1.0000, 1.0000],
        [0.5742, 0.4375, 1.0000, 1.0000],
        [0.5117, 0.3828, 0.0000, 0.0000],
        [0.2969, 0.6133, 1.0000, 0.0000],
        [0.4141, 0.4453, 1.0000, 0.0000],
        [0.5352, 0.4141, 1.0000, 1.0000]], device='cuda:0')
2025-07-09 18:42:04,356 INFO: refine_layout0: tensor([[0.2193, 0.3405, 0.9518, 0.9702],
        [0.6965, 0.3543, 0.9079, 0.9207],
        [0.4166, 0.2603, 0.9169, 0.9576],
        [0.6677, 0.3117, 0.0779, 0.0517],
        [0.5384, 0.4574, 0.9466, 0.0092],
        [0.5118, 0.3397, 0.9658, 0.0193],
        [0.5439, 0.2757, 0.8956, 0.9096]], device='cuda:0',
       grad_fn=<SliceBackward0>)
2025-07-09 18:42:04,666 INFO: [277/300] Loss_total: 5.91234 Test_loss: 2.68634 Time: 1.39s
2025-07-09 18:42:05,727 INFO: In step 299, Pred_score1: tensor([0.9401], device='cuda:0', grad_fn=<SelectBackward0>), origin_score1: tensor([0.3341], device='cuda:0', grad_fn=<SelectBackward0>)
2025-07-09 18:42:05,728 INFO: origin_layout0: tensor([[0.2852, 0.3125, 1.0000, 1.0000],
        [0.2969, 0.4766, 0.0000, 0.0000],
        [0.5859, 0.6680, 1.0000, 1.0000]], device='cuda:0')
2025-07-09 18:42:05,729 INFO: refine_layout0: tensor([[0.3210, 0.3282, 0.9517, 0.9433],
        [0.4431, 0.4854, 0.0286, 0.0082],
        [0.5878, 0.5324, 0.8744, 0.7829]], device='cuda:0',
       grad_fn=<SliceBackward0>)
2025-07-09 18:42:06,027 INFO: [278/300] Loss_total: 5.91004 Test_loss: 1.86936 Time: 1.36s
2025-07-09 18:42:07,215 INFO: In step 299, Pred_score1: tensor([0.5280], device='cuda:0', grad_fn=<SelectBackward0>), origin_score1: tensor([0.3341], device='cuda:0', grad_fn=<SelectBackward0>)
2025-07-09 18:42:07,217 INFO: origin_layout0: tensor([[0.3828, 0.4414, 1.0000, 1.0000],
        [0.5352, 0.3984, 1.0000, 1.0000],
        [0.3789, 0.4102, 0.0000, 1.0000],
        [0.5078, 0.1836, 0.0000, 1.0000],
        [0.4727, 0.1758, 1.0000, 0.0000],
        [0.6797, 0.3359, 1.0000, 0.0000],
        [0.4961, 0.2617, 0.0000, 0.0000]], device='cuda:0')
2025-07-09 18:42:07,219 INFO: refine_layout0: tensor([[0.3570, 0.4129, 0.9511, 0.9539],
        [0.4536, 0.3012, 0.9346, 0.9571],
        [0.4893, 0.3712, 0.0090, 0.9249],
        [0.5374, 0.2467, 0.0078, 0.9274],
        [0.4797, 0.2399, 0.9562, 0.0316],
        [0.5255, 0.4513, 0.9754, 0.0129],
        [0.4978, 0.4143, 0.0590, 0.0188]], device='cuda:0',
       grad_fn=<SliceBackward0>)
2025-07-09 18:42:07,619 INFO: [279/300] Loss_total: 5.91792 Test_loss: 2.74803 Time: 1.59s
2025-07-09 18:42:09,182 INFO: In step 299, Pred_score1: tensor([0.4116], device='cuda:0', grad_fn=<SelectBackward0>), origin_score1: tensor([0.3341], device='cuda:0', grad_fn=<SelectBackward0>)
2025-07-09 18:42:09,183 INFO: origin_layout0: tensor([[0.3242, 0.4297, 1.0000, 1.0000],
        [0.3398, 0.5586, 0.0000, 0.0000],
        [0.6133, 0.6797, 1.0000, 1.0000],
        [0.5625, 0.5664, 0.0000, 0.0000],
        [0.3984, 0.7969, 1.0000, 0.0000],
        [0.5117, 0.7617, 1.0000, 0.0000]], device='cuda:0')
2025-07-09 18:42:09,185 INFO: refine_layout0: tensor([[0.2921, 0.4209, 0.9474, 0.9703],
        [0.3966, 0.5408, 0.0194, 0.0094],
        [0.6411, 0.5977, 0.8948, 0.8613],
        [0.5931, 0.5193, 0.0221, 0.0092],
        [0.4549, 0.6781, 0.9583, 0.0036],
        [0.4854, 0.6206, 0.9593, 0.0060]], device='cuda:0',
       grad_fn=<SliceBackward0>)
2025-07-09 18:42:09,495 INFO: [280/300] Loss_total: 5.90958 Test_loss: 2.58484 Time: 1.88s
2025-07-09 18:42:10,575 INFO: In step 299, Pred_score1: tensor([0.6097], device='cuda:0', grad_fn=<SelectBackward0>), origin_score1: tensor([0.3341], device='cuda:0', grad_fn=<SelectBackward0>)
2025-07-09 18:42:10,576 INFO: origin_layout0: tensor([[0.4336, 0.5625, 1.0000, 1.0000],
        [0.5547, 0.3008, 1.0000, 1.0000],
        [0.4297, 0.3672, 0.0000, 1.0000]], device='cuda:0')
2025-07-09 18:42:10,577 INFO: refine_layout0: tensor([[0.4513, 0.5029, 0.9429, 0.9161],
        [0.4410, 0.2078, 0.9551, 0.9673],
        [0.4807, 0.3295, 0.0116, 0.9184]], device='cuda:0',
       grad_fn=<SliceBackward0>)
2025-07-09 18:42:10,871 INFO: [281/300] Loss_total: 5.90987 Test_loss: 2.23066 Time: 1.38s
2025-07-09 18:42:11,950 INFO: In step 299, Pred_score1: tensor([0.8407], device='cuda:0', grad_fn=<SelectBackward0>), origin_score1: tensor([0.3341], device='cuda:0', grad_fn=<SelectBackward0>)
2025-07-09 18:42:11,951 INFO: origin_layout0: tensor([[0.3086, 0.3359, 1.0000, 1.0000],
        [0.3203, 0.5234, 0.0000, 0.0000],
        [0.6211, 0.5508, 1.0000, 1.0000],
        [0.5664, 0.4492, 0.0000, 0.0000],
        [0.3828, 0.5820, 1.0000, 0.0000]], device='cuda:0')
2025-07-09 18:42:11,952 INFO: refine_layout0: tensor([[0.2853, 0.3395, 0.9553, 0.9544],
        [0.4273, 0.5253, 0.0229, 0.0070],
        [0.5844, 0.4698, 0.8850, 0.8426],
        [0.6175, 0.4588, 0.0233, 0.0082],
        [0.4418, 0.5331, 0.9633, 0.0044]], device='cuda:0',
       grad_fn=<SliceBackward0>)
2025-07-09 18:42:12,265 INFO: [282/300] Loss_total: 5.91580 Test_loss: 2.23989 Time: 1.39s
2025-07-09 18:42:13,329 INFO: In step 299, Pred_score1: tensor([0.7477], device='cuda:0', grad_fn=<SelectBackward0>), origin_score1: tensor([0.3341], device='cuda:0', grad_fn=<SelectBackward0>)
2025-07-09 18:42:13,330 INFO: origin_layout0: tensor([[0.3281, 0.6406, 1.0000, 1.0000],
        [0.7656, 0.5820, 1.0000, 1.0000],
        [0.5117, 0.4492, 1.0000, 1.0000],
        [0.4570, 0.6211, 0.0000, 0.0000],
        [0.2734, 0.4062, 1.0000, 0.0000]], device='cuda:0')
2025-07-09 18:42:13,331 INFO: refine_layout0: tensor([[0.2838, 0.5465, 0.9308, 0.9605],
        [0.7221, 0.4983, 0.8881, 0.9161],
        [0.3879, 0.2483, 0.9186, 0.9645],
        [0.6733, 0.3823, 0.0602, 0.0407],
        [0.5016, 0.3280, 0.9605, 0.0155]], device='cuda:0',
       grad_fn=<SliceBackward0>)
2025-07-09 18:42:13,621 INFO: [283/300] Loss_total: 5.91164 Test_loss: 2.49416 Time: 1.36s
2025-07-09 18:42:14,692 INFO: In step 299, Pred_score1: tensor([0.6486], device='cuda:0', grad_fn=<SelectBackward0>), origin_score1: tensor([0.3341], device='cuda:0', grad_fn=<SelectBackward0>)
2025-07-09 18:42:14,693 INFO: origin_layout0: tensor([[0.4023, 0.7070, 1.0000, 1.0000],
        [0.2188, 0.5508, 0.0000, 0.0000],
        [0.5703, 0.6523, 1.0000, 1.0000],
        [0.5273, 0.4805, 0.0000, 0.0000],
        [0.3164, 0.6172, 1.0000, 0.0000],
        [0.4805, 0.5195, 1.0000, 0.0000]], device='cuda:0')
2025-07-09 18:42:14,694 INFO: refine_layout0: tensor([[0.3931, 0.6301, 0.9290, 0.9588],
        [0.3210, 0.4924, 0.0229, 0.0154],
        [0.6368, 0.5886, 0.9235, 0.8713],
        [0.5752, 0.4695, 0.0276, 0.0102],
        [0.3664, 0.5644, 0.9738, 0.0060],
        [0.4049, 0.4892, 0.9730, 0.0103]], device='cuda:0',
       grad_fn=<SliceBackward0>)
2025-07-09 18:42:14,993 INFO: [284/300] Loss_total: 5.90873 Test_loss: 2.67556 Time: 1.37s
2025-07-09 18:42:16,054 INFO: In step 299, Pred_score1: tensor([0.9093], device='cuda:0', grad_fn=<SelectBackward0>), origin_score1: tensor([0.3341], device='cuda:0', grad_fn=<SelectBackward0>)
2025-07-09 18:42:16,055 INFO: origin_layout0: tensor([[0.3047, 0.2773, 1.0000, 1.0000],
        [0.6680, 0.3164, 1.0000, 1.0000],
        [0.5039, 0.6172, 1.0000, 1.0000],
        [0.4688, 0.4727, 0.0000, 0.0000],
        [0.3555, 0.5000, 1.0000, 0.0000],
        [0.4727, 0.6016, 1.0000, 0.0000],
        [0.5312, 0.5000, 1.0000, 1.0000],
        [0.6367, 0.4922, 0.0000, 0.0000],
        [0.4922, 0.3320, 0.0000, 0.0000]], device='cuda:0')
2025-07-09 18:42:16,057 INFO: refine_layout0: tensor([[0.2704, 0.3169, 0.9526, 0.9818],
        [0.5941, 0.3156, 0.9353, 0.9595],
        [0.4171, 0.3912, 0.8957, 0.9358],
        [0.6524, 0.3325, 0.0636, 0.0466],
        [0.5186, 0.4001, 0.9564, 0.0098],
        [0.5342, 0.4413, 0.9578, 0.0119],
        [0.5800, 0.3163, 0.8855, 0.9050],
        [0.7045, 0.3555, 0.0927, 0.0286],
        [0.5966, 0.4208, 0.0516, 0.0195]], device='cuda:0',
       grad_fn=<SliceBackward0>)
2025-07-09 18:42:16,553 INFO: [285/300] Loss_total: 5.90805 Test_loss: 2.95517 Time: 1.56s
2025-07-09 18:42:17,602 INFO: In step 299, Pred_score1: tensor([0.9128], device='cuda:0', grad_fn=<SelectBackward0>), origin_score1: tensor([0.3341], device='cuda:0', grad_fn=<SelectBackward0>)
2025-07-09 18:42:17,603 INFO: origin_layout0: tensor([[0.4570, 0.1836, 1.0000, 1.0000],
        [0.5781, 0.1875, 1.0000, 1.0000],
        [0.5195, 0.6484, 0.0000, 1.0000]], device='cuda:0')
2025-07-09 18:42:17,604 INFO: refine_layout0: tensor([[0.4210, 0.2533, 0.9529, 0.9410],
        [0.4104, 0.1765, 0.9507, 0.9625],
        [0.5623, 0.5319, 0.0042, 0.8497]], device='cuda:0',
       grad_fn=<SliceBackward0>)
2025-07-09 18:42:17,897 INFO: [286/300] Loss_total: 5.91750 Test_loss: 2.30902 Time: 1.34s
2025-07-09 18:42:18,963 INFO: In step 299, Pred_score1: tensor([0.4464], device='cuda:0', grad_fn=<SelectBackward0>), origin_score1: tensor([0.3341], device='cuda:0', grad_fn=<SelectBackward0>)
2025-07-09 18:42:18,964 INFO: origin_layout0: tensor([[0.4023, 0.6094, 1.0000, 1.0000],
        [0.3164, 0.5000, 0.0000, 0.0000],
        [0.5820, 0.5234, 1.0000, 1.0000],
        [0.5352, 0.4844, 0.0000, 0.0000],
        [0.3633, 0.6055, 1.0000, 0.0000],
        [0.5547, 0.3477, 1.0000, 0.0000]], device='cuda:0')
2025-07-09 18:42:18,966 INFO: refine_layout0: tensor([[0.3670, 0.5070, 0.9456, 0.9485],
        [0.3876, 0.4953, 0.0219, 0.0107],
        [0.5746, 0.4593, 0.9141, 0.9009],
        [0.5846, 0.4833, 0.0212, 0.0090],
        [0.4241, 0.5594, 0.9694, 0.0048],
        [0.4312, 0.3866, 0.9745, 0.0114]], device='cuda:0',
       grad_fn=<SliceBackward0>)
2025-07-09 18:42:19,359 INFO: [287/300] Loss_total: 5.90710 Test_loss: 2.62786 Time: 1.46s
2025-07-09 18:42:20,844 INFO: In step 299, Pred_score1: tensor([0.1525], device='cuda:0', grad_fn=<SelectBackward0>), origin_score1: tensor([0.3341], device='cuda:0', grad_fn=<SelectBackward0>)
2025-07-09 18:42:20,846 INFO: origin_layout0: tensor([[0.2617, 0.5547, 1.0000, 1.0000],
        [0.1875, 0.4141, 0.0000, 0.0000],
        [0.4844, 0.2695, 1.0000, 1.0000],
        [0.4180, 0.5391, 0.0000, 0.0000],
        [0.2500, 0.4180, 1.0000, 0.0000],
        [0.3672, 0.3711, 1.0000, 0.0000],
        [0.2344, 0.2734, 0.0000, 0.0000],
        [0.2344, 0.3516, 0.0000, 0.0000]], device='cuda:0')
2025-07-09 18:42:20,848 INFO: refine_layout0: tensor([[0.2373, 0.4846, 0.9434, 0.9645],
        [0.3154, 0.4148, 0.0264, 0.0167],
        [0.4736, 0.3039, 0.9412, 0.9270],
        [0.5120, 0.5387, 0.0198, 0.0079],
        [0.3286, 0.4489, 0.9816, 0.0092],
        [0.3226, 0.4039, 0.9830, 0.0185],
        [0.3155, 0.3630, 0.0449, 0.0205],
        [0.3017, 0.4159, 0.0254, 0.0153]], device='cuda:0',
       grad_fn=<SliceBackward0>)
2025-07-09 18:42:21,307 INFO: [288/300] Loss_total: 5.90836 Test_loss: 2.89701 Time: 1.95s
2025-07-09 18:42:22,376 INFO: In step 299, Pred_score1: tensor([0.4399], device='cuda:0', grad_fn=<SelectBackward0>), origin_score1: tensor([0.3341], device='cuda:0', grad_fn=<SelectBackward0>)
2025-07-09 18:42:22,378 INFO: origin_layout0: tensor([[0.3281, 0.7344, 1.0000, 1.0000],
        [0.6562, 0.5352, 1.0000, 1.0000],
        [0.4727, 0.3633, 1.0000, 1.0000],
        [0.4297, 0.5781, 0.0000, 0.0000],
        [0.3906, 0.6016, 1.0000, 0.0000],
        [0.6055, 0.3438, 1.0000, 0.0000]], device='cuda:0')
2025-07-09 18:42:22,380 INFO: refine_layout0: tensor([[0.3118, 0.5835, 0.9414, 0.9192],
        [0.5902, 0.3661, 0.9333, 0.9438],
        [0.3163, 0.1584, 0.9488, 0.9763],
        [0.6600, 0.3698, 0.0740, 0.0463],
        [0.5975, 0.4253, 0.9544, 0.0096],
        [0.5711, 0.3174, 0.9626, 0.0168]], device='cuda:0',
       grad_fn=<SliceBackward0>)
2025-07-09 18:42:22,689 INFO: [289/300] Loss_total: 5.90527 Test_loss: 2.45328 Time: 1.38s
2025-07-09 18:42:23,742 INFO: In step 299, Pred_score1: tensor([0.9131], device='cuda:0', grad_fn=<SelectBackward0>), origin_score1: tensor([0.3341], device='cuda:0', grad_fn=<SelectBackward0>)
2025-07-09 18:42:23,744 INFO: origin_layout0: tensor([[0.3164, 0.6445, 1.0000, 1.0000],
        [0.7031, 0.4336, 1.0000, 1.0000],
        [0.5078, 0.1875, 1.0000, 1.0000],
        [0.4609, 0.5234, 0.0000, 0.0000],
        [0.3008, 0.5742, 1.0000, 0.0000],
        [0.5859, 0.1797, 1.0000, 0.0000],
        [0.5039, 0.2422, 1.0000, 1.0000],
        [0.2734, 0.5547, 0.0000, 0.0000]], device='cuda:0')
2025-07-09 18:42:23,745 INFO: refine_layout0: tensor([[0.2890, 0.5196, 0.9378, 0.9314],
        [0.6141, 0.3193, 0.9197, 0.9385],
        [0.3408, 0.1205, 0.9491, 0.9796],
        [0.6444, 0.3772, 0.0639, 0.0454],
        [0.5504, 0.4305, 0.9550, 0.0087],
        [0.5268, 0.2672, 0.9681, 0.0203],
        [0.5085, 0.2398, 0.9015, 0.9419],
        [0.5314, 0.3762, 0.0746, 0.0412]], device='cuda:0',
       grad_fn=<SliceBackward0>)
2025-07-09 18:42:24,052 INFO: [290/300] Loss_total: 5.90912 Test_loss: 2.76018 Time: 1.36s
2025-07-09 18:42:25,100 INFO: In step 299, Pred_score1: tensor([0.5944], device='cuda:0', grad_fn=<SelectBackward0>), origin_score1: tensor([0.3341], device='cuda:0', grad_fn=<SelectBackward0>)
2025-07-09 18:42:25,102 INFO: origin_layout0: tensor([[0.2344, 0.6992, 1.0000, 1.0000],
        [0.1836, 0.2891, 0.0000, 0.0000],
        [0.7656, 0.2148, 1.0000, 1.0000],
        [0.3203, 0.4414, 0.0000, 0.0000],
        [0.6914, 0.3594, 1.0000, 0.0000],
        [0.3281, 0.4883, 1.0000, 0.0000],
        [0.4336, 0.5742, 1.0000, 1.0000],
        [0.5430, 0.5664, 0.0000, 0.0000],
        [0.3281, 0.4102, 0.0000, 0.0000]], device='cuda:0')
2025-07-09 18:42:25,104 INFO: refine_layout0: tensor([[0.2528, 0.5279, 0.9271, 0.8910],
        [0.3859, 0.3283, 0.0441, 0.0194],
        [0.6086, 0.2565, 0.8917, 0.8413],
        [0.5041, 0.4493, 0.0262, 0.0108],
        [0.6029, 0.4082, 0.9625, 0.0038],
        [0.3494, 0.4626, 0.9729, 0.0119],
        [0.5970, 0.4650, 0.8774, 0.9401],
        [0.6148, 0.4162, 0.0463, 0.0170],
        [0.4870, 0.4647, 0.0321, 0.0148]], device='cuda:0',
       grad_fn=<SliceBackward0>)
2025-07-09 18:42:25,398 INFO: [291/300] Loss_total: 5.90488 Test_loss: 2.82400 Time: 1.35s
2025-07-09 18:42:26,449 INFO: In step 299, Pred_score1: tensor([0.2415], device='cuda:0', grad_fn=<SelectBackward0>), origin_score1: tensor([0.3341], device='cuda:0', grad_fn=<SelectBackward0>)
2025-07-09 18:42:26,450 INFO: origin_layout0: tensor([[0.2695, 0.1562, 1.0000, 1.0000],
        [0.2812, 0.4297, 0.0000, 0.0000],
        [0.3711, 0.4258, 0.0000, 1.0000],
        [0.4805, 0.8164, 0.0000, 0.0000],
        [0.4961, 0.6172, 1.0000, 0.0000],
        [0.5859, 0.6680, 1.0000, 0.0000],
        [0.7656, 0.4688, 0.0000, 1.0000]], device='cuda:0')
2025-07-09 18:42:26,451 INFO: refine_layout0: tensor([[0.3140, 0.2906, 0.9564, 0.9796],
        [0.3020, 0.4320, 0.0240, 0.0153],
        [0.4581, 0.4291, 0.0062, 0.9634],
        [0.4050, 0.6499, 0.0170, 0.0051],
        [0.4596, 0.6887, 0.9898, 0.0092],
        [0.6251, 0.7082, 0.9854, 0.0173],
        [0.8130, 0.4398, 0.0303, 0.9512]], device='cuda:0',
       grad_fn=<SliceBackward0>)
2025-07-09 18:42:26,763 INFO: [292/300] Loss_total: 5.90325 Test_loss: 2.65063 Time: 1.36s
2025-07-09 18:42:27,811 INFO: In step 299, Pred_score1: tensor([0.9784], device='cuda:0', grad_fn=<SelectBackward0>), origin_score1: tensor([0.3341], device='cuda:0', grad_fn=<SelectBackward0>)
2025-07-09 18:42:27,812 INFO: origin_layout0: tensor([[0.2930, 0.6172, 1.0000, 1.0000],
        [0.6602, 0.3984, 1.0000, 1.0000],
        [0.4648, 0.1523, 1.0000, 1.0000],
        [0.4180, 0.4883, 0.0000, 0.0000],
        [0.2734, 0.7500, 1.0000, 0.0000],
        [0.4375, 0.3047, 1.0000, 0.0000],
        [0.2266, 0.6055, 0.0000, 0.0000]], device='cuda:0')
2025-07-09 18:42:27,813 INFO: refine_layout0: tensor([[0.2637, 0.4927, 0.9432, 0.9368],
        [0.5620, 0.2875, 0.9310, 0.9515],
        [0.2989, 0.1091, 0.9528, 0.9837],
        [0.6175, 0.3636, 0.0691, 0.0507],
        [0.5532, 0.5365, 0.9384, 0.0076],
        [0.5179, 0.2738, 0.9716, 0.0240],
        [0.5370, 0.5117, 0.0682, 0.0218]], device='cuda:0',
       grad_fn=<SliceBackward0>)
2025-07-09 18:42:28,112 INFO: [293/300] Loss_total: 5.90454 Test_loss: 2.87652 Time: 1.35s
2025-07-09 18:42:29,175 INFO: In step 299, Pred_score1: tensor([0.5466], device='cuda:0', grad_fn=<SelectBackward0>), origin_score1: tensor([0.3341], device='cuda:0', grad_fn=<SelectBackward0>)
2025-07-09 18:42:29,176 INFO: origin_layout0: tensor([[0.3711, 0.3906, 1.0000, 1.0000],
        [0.3828, 0.6094, 0.0000, 0.0000],
        [0.6914, 0.6328, 1.0000, 1.0000],
        [0.6406, 0.4180, 0.0000, 0.0000],
        [0.4336, 0.6094, 1.0000, 0.0000],
        [0.5430, 0.6172, 1.0000, 0.0000]], device='cuda:0')
2025-07-09 18:42:29,178 INFO: refine_layout0: tensor([[0.3386, 0.4196, 0.9484, 0.9761],
        [0.3888, 0.5697, 0.0177, 0.0101],
        [0.7138, 0.5938, 0.9120, 0.8761],
        [0.5867, 0.4374, 0.0249, 0.0112],
        [0.4266, 0.5874, 0.9702, 0.0043],
        [0.4534, 0.5669, 0.9675, 0.0074]], device='cuda:0',
       grad_fn=<SliceBackward0>)
2025-07-09 18:42:29,492 INFO: [294/300] Loss_total: 5.90076 Test_loss: 2.63681 Time: 1.38s
2025-07-09 18:42:30,564 INFO: In step 299, Pred_score1: tensor([0.8725], device='cuda:0', grad_fn=<SelectBackward0>), origin_score1: tensor([0.3341], device='cuda:0', grad_fn=<SelectBackward0>)
2025-07-09 18:42:30,565 INFO: origin_layout0: tensor([[0.2461, 0.4688, 1.0000, 1.0000],
        [0.7852, 0.3086, 1.0000, 1.0000],
        [0.4570, 0.3125, 1.0000, 1.0000],
        [0.3945, 0.4453, 0.0000, 0.0000],
        [0.2148, 0.1797, 1.0000, 0.0000],
        [0.3125, 0.3125, 1.0000, 0.0000]], device='cuda:0')
2025-07-09 18:42:30,566 INFO: refine_layout0: tensor([[0.2080, 0.4121, 0.9514, 0.9661],
        [0.6552, 0.2975, 0.9196, 0.9452],
        [0.3045, 0.2131, 0.9245, 0.9688],
        [0.5914, 0.3404, 0.0609, 0.0473],
        [0.4075, 0.2582, 0.9687, 0.0171],
        [0.3741, 0.3106, 0.9756, 0.0223]], device='cuda:0',
       grad_fn=<SliceBackward0>)
2025-07-09 18:42:30,886 INFO: [295/300] Loss_total: 5.90242 Test_loss: 2.21356 Time: 1.39s
2025-07-09 18:42:32,233 INFO: In step 299, Pred_score1: tensor([0.3028], device='cuda:0', grad_fn=<SelectBackward0>), origin_score1: tensor([0.3341], device='cuda:0', grad_fn=<SelectBackward0>)
2025-07-09 18:42:32,235 INFO: origin_layout0: tensor([[0.3555, 0.4961, 1.0000, 1.0000],
        [0.2539, 0.3047, 0.0000, 0.0000],
        [0.6211, 0.4180, 1.0000, 1.0000],
        [0.5430, 0.4883, 0.0000, 0.0000],
        [0.3320, 0.3477, 1.0000, 0.0000],
        [0.4609, 0.2969, 1.0000, 0.0000]], device='cuda:0')
2025-07-09 18:42:32,236 INFO: refine_layout0: tensor([[0.3227, 0.4424, 0.9569, 0.9541],
        [0.3443, 0.3631, 0.0291, 0.0150],
        [0.5709, 0.3938, 0.9192, 0.9007],
        [0.5703, 0.4980, 0.0198, 0.0080],
        [0.3813, 0.3984, 0.9782, 0.0080],
        [0.3765, 0.3671, 0.9803, 0.0149]], device='cuda:0',
       grad_fn=<SliceBackward0>)
2025-07-09 18:42:32,625 INFO: [296/300] Loss_total: 5.90388 Test_loss: 2.38678 Time: 1.74s
2025-07-09 18:42:34,017 INFO: In step 299, Pred_score1: tensor([0.7065], device='cuda:0', grad_fn=<SelectBackward0>), origin_score1: tensor([0.3341], device='cuda:0', grad_fn=<SelectBackward0>)
2025-07-09 18:42:34,018 INFO: origin_layout0: tensor([[0.4688, 0.4688, 1.0000, 1.0000],
        [0.3398, 0.4961, 0.0000, 0.0000],
        [0.4648, 0.5742, 0.0000, 1.0000],
        [0.4336, 0.5547, 0.0000, 0.0000]], device='cuda:0')
2025-07-09 18:42:34,019 INFO: refine_layout0: tensor([[0.4583, 0.4362, 0.9555, 0.9473],
        [0.4200, 0.4983, 0.0225, 0.0086],
        [0.4334, 0.5074, 0.0038, 0.9078],
        [0.4820, 0.5498, 0.0156, 0.0058]], device='cuda:0',
       grad_fn=<SliceBackward0>)
2025-07-09 18:42:34,317 INFO: [297/300] Loss_total: 5.89936 Test_loss: 2.08871 Time: 1.69s
2025-07-09 18:42:35,377 INFO: In step 299, Pred_score1: tensor([0.4093], device='cuda:0', grad_fn=<SelectBackward0>), origin_score1: tensor([0.3341], device='cuda:0', grad_fn=<SelectBackward0>)
2025-07-09 18:42:35,378 INFO: origin_layout0: tensor([[0.3555, 0.4688, 1.0000, 1.0000],
        [0.3086, 0.2305, 0.0000, 0.0000],
        [0.5664, 0.1602, 1.0000, 1.0000],
        [0.5000, 0.2305, 0.0000, 0.0000],
        [0.3281, 0.7266, 1.0000, 0.0000],
        [0.4180, 0.4414, 1.0000, 0.0000]], device='cuda:0')
2025-07-09 18:42:35,379 INFO: refine_layout0: tensor([[0.3327, 0.4633, 0.9447, 0.9697],
        [0.3223, 0.3120, 0.0295, 0.0210],
        [0.5317, 0.2788, 0.9404, 0.9429],
        [0.4653, 0.3578, 0.0217, 0.0113],
        [0.3619, 0.7068, 0.9636, 0.0047],
        [0.3651, 0.4665, 0.9829, 0.0144]], device='cuda:0',
       grad_fn=<SliceBackward0>)
2025-07-09 18:42:35,673 INFO: [298/300] Loss_total: 5.90593 Test_loss: 2.58376 Time: 1.36s
2025-07-09 18:42:36,738 INFO: In step 299, Pred_score1: tensor([0.3890], device='cuda:0', grad_fn=<SelectBackward0>), origin_score1: tensor([0.3341], device='cuda:0', grad_fn=<SelectBackward0>)
2025-07-09 18:42:36,739 INFO: origin_layout0: tensor([[0.4336, 0.5312, 1.0000, 1.0000],
        [0.5977, 0.4766, 1.0000, 1.0000],
        [0.4258, 0.5352, 0.0000, 1.0000],
        [0.5586, 0.3594, 0.0000, 0.0000]], device='cuda:0')
2025-07-09 18:42:36,740 INFO: refine_layout0: tensor([[0.4536, 0.5379, 0.9529, 0.9603],
        [0.5659, 0.3842, 0.9435, 0.9560],
        [0.5323, 0.4233, 0.0065, 0.9256],
        [0.6376, 0.3970, 0.0286, 0.0248]], device='cuda:0',
       grad_fn=<SliceBackward0>)
2025-07-09 18:42:37,070 INFO: [299/300] Loss_total: 5.89885 Test_loss: 1.70332 Time: 1.40s
