2025-07-09 19:26:54,844 INFO: Using config:{'DATASET_NAME': 'layout', 'CUDA': True, 'DATA_DIR': './data/MultiLayerDataset', 'GT_DATA_DIR': '', 'INDICATOR_DIR': '', 'GPU': '0', 'CONFIG_NAME': 'MultiLayer', 'DATASET': 'eval', 'TRAIN': {'FLAG': True, 'BATCH_SIZE': 1, 'MAX_EPOCH': 1600, 'TAU': 100.0, 'ROOM_HIDDERN_DIM': 8, 'SCORE_HIDDERN_DIM': 32, 'EVALUATOR': '', 'GENERATOR_MODEL': '', 'SAMPLE_NUM': 20, 'BATCH': False, 'MARGIN': 1.0, 'GENERATOR': False, 'ROOM_GEN_HIDDERN_DIM': 64, 'BIDIRECTIONAL': False, 'CONSTRAINT_RULES': [1, 2, 3, 4, 5]}, 'EVAL': {'OUTPUT_DIR': '', 'MODEL_EVALUATOR': '', 'MODEL_GENERATOR': '', 'TEST_INDEX': 1, 'EVAL_METRIC': 1}, 'EVALUATOR': {'LR': 0.0001, 'WEIGHT_DECAY': 0.0005}, 'GENERATOR': {'LR': 0.0001, 'WEIGHT_DECAY': 0.0005, 'ALPHA': 20, 'BETA': 0, 'LOSS': '', 'MAX_EPOCH': 0}}
2025-07-09 19:27:08,342 INFO: layout_evaluator: LayoutEvaluator(
  (LayoutSeq): LSTM(4, 8)
  (mlp): Sequential(
    (0): Linear(in_features=8, out_features=32, bias=True)
    (1): BatchNorm1d(32, eps=1e-05, momentum=0.1, affine=True, track_running_stats=True)
    (2): ReLU()
    (3): Linear(in_features=32, out_features=1, bias=True)
    (4): BatchNorm1d(1, eps=1e-05, momentum=0.1, affine=True, track_running_stats=True)
    (5): Sigmoid()
  )
)
2025-07-09 19:27:09,942 INFO: In epoch 0, pred_score1: tensor([0.6353], device='cuda:0', grad_fn=<SelectBackward0>), pred_score2: tensor([0.3356], device='cuda:0', grad_fn=<SelectBackward0>)
2025-07-09 19:27:09,942 INFO: pred: 0.10502683371305466
2025-07-09 19:27:10,435 INFO: [0/1600] Train_Loss_total: 5.7039 Test_Loss_total: 1.9512 Time: 1.8554s
2025-07-09 19:27:11,485 INFO: In epoch 1, pred_score1: tensor([0.4992], device='cuda:0', grad_fn=<SelectBackward0>), pred_score2: tensor([0.4064], device='cuda:0', grad_fn=<SelectBackward0>)
2025-07-09 19:27:11,485 INFO: pred: 0.12089798599481583
2025-07-09 19:27:11,839 INFO: [1/1600] Train_Loss_total: 5.685 Test_Loss_total: 1.9547 Time: 1.4038s
2025-07-09 19:27:12,919 INFO: In epoch 2, pred_score1: tensor([0.7113], device='cuda:0', grad_fn=<SelectBackward0>), pred_score2: tensor([0.4609], device='cuda:0', grad_fn=<SelectBackward0>)
2025-07-09 19:27:12,920 INFO: pred: 0.050245851278305054
2025-07-09 19:27:13,284 INFO: [2/1600] Train_Loss_total: 5.6681 Test_Loss_total: 1.9498 Time: 1.4446s
2025-07-09 19:27:14,342 INFO: In epoch 3, pred_score1: tensor([0.7412], device='cuda:0', grad_fn=<SelectBackward0>), pred_score2: tensor([0.2100], device='cuda:0', grad_fn=<SelectBackward0>)
2025-07-09 19:27:14,343 INFO: pred: 0.12120576947927475
2025-07-09 19:27:14,704 INFO: [3/1600] Train_Loss_total: 5.6528 Test_Loss_total: 1.9415 Time: 1.4199s
2025-07-09 19:27:15,787 INFO: In epoch 4, pred_score1: tensor([0.1062], device='cuda:0', grad_fn=<SelectBackward0>), pred_score2: tensor([0.4245], device='cuda:0', grad_fn=<SelectBackward0>)
2025-07-09 19:27:15,787 INFO: pred: 0.03018021211028099
2025-07-09 19:27:16,150 INFO: [4/1600] Train_Loss_total: 5.6392 Test_Loss_total: 1.9311 Time: 1.4453s
2025-07-09 19:27:17,391 INFO: In epoch 5, pred_score1: tensor([0.7479], device='cuda:0', grad_fn=<SelectBackward0>), pred_score2: tensor([0.1149], device='cuda:0', grad_fn=<SelectBackward0>)
2025-07-09 19:27:17,391 INFO: pred: 0.08768731355667114
2025-07-09 19:27:17,874 INFO: [5/1600] Train_Loss_total: 5.6268 Test_Loss_total: 1.9194 Time: 1.7237s
2025-07-09 19:27:19,334 INFO: In epoch 6, pred_score1: tensor([0.7876], device='cuda:0', grad_fn=<SelectBackward0>), pred_score2: tensor([0.3460], device='cuda:0', grad_fn=<SelectBackward0>)
2025-07-09 19:27:19,335 INFO: pred: 0.07861250638961792
2025-07-09 19:27:19,673 INFO: [6/1600] Train_Loss_total: 5.6152 Test_Loss_total: 1.9322 Time: 1.7987s
2025-07-09 19:27:20,726 INFO: In epoch 7, pred_score1: tensor([0.3181], device='cuda:0', grad_fn=<SelectBackward0>), pred_score2: tensor([0.4081], device='cuda:0', grad_fn=<SelectBackward0>)
2025-07-09 19:27:20,726 INFO: pred: 0.09471539407968521
2025-07-09 19:27:21,074 INFO: [7/1600] Train_Loss_total: 5.6043 Test_Loss_total: 1.934 Time: 1.4008s
2025-07-09 19:27:22,103 INFO: In epoch 8, pred_score1: tensor([0.6509], device='cuda:0', grad_fn=<SelectBackward0>), pred_score2: tensor([0.1377], device='cuda:0', grad_fn=<SelectBackward0>)
2025-07-09 19:27:22,103 INFO: pred: 0.0866454541683197
2025-07-09 19:27:22,446 INFO: [8/1600] Train_Loss_total: 5.594 Test_Loss_total: 1.9213 Time: 1.3724s
2025-07-09 19:27:23,507 INFO: In epoch 9, pred_score1: tensor([0.7326], device='cuda:0', grad_fn=<SelectBackward0>), pred_score2: tensor([0.5224], device='cuda:0', grad_fn=<SelectBackward0>)
2025-07-09 19:27:23,507 INFO: pred: -0.04089371860027313
2025-07-09 19:27:23,837 INFO: [9/1600] Train_Loss_total: 5.5845 Test_Loss_total: 1.9197 Time: 1.391s
2025-07-09 19:27:24,883 INFO: In epoch 10, pred_score1: tensor([0.1959], device='cuda:0', grad_fn=<SelectBackward0>), pred_score2: tensor([0.5275], device='cuda:0', grad_fn=<SelectBackward0>)
2025-07-09 19:27:24,883 INFO: pred: 0.07285279780626297
2025-07-09 19:27:25,249 INFO: [10/1600] Train_Loss_total: 5.5752 Test_Loss_total: 1.9149 Time: 1.4109s
2025-07-09 19:27:26,329 INFO: In epoch 11, pred_score1: tensor([0.6048], device='cuda:0', grad_fn=<SelectBackward0>), pred_score2: tensor([0.1619], device='cuda:0', grad_fn=<SelectBackward0>)
2025-07-09 19:27:26,329 INFO: pred: 0.10081960260868073
2025-07-09 19:27:26,670 INFO: [11/1600] Train_Loss_total: 5.5664 Test_Loss_total: 1.9107 Time: 1.4212s
2025-07-09 19:27:27,757 INFO: In epoch 12, pred_score1: tensor([0.6362], device='cuda:0', grad_fn=<SelectBackward0>), pred_score2: tensor([0.3401], device='cuda:0', grad_fn=<SelectBackward0>)
2025-07-09 19:27:27,757 INFO: pred: 0.10786468535661697
2025-07-09 19:27:28,108 INFO: [12/1600] Train_Loss_total: 5.5579 Test_Loss_total: 1.9133 Time: 1.4376s
2025-07-09 19:27:29,276 INFO: In epoch 13, pred_score1: tensor([0.2988], device='cuda:0', grad_fn=<SelectBackward0>), pred_score2: tensor([0.2111], device='cuda:0', grad_fn=<SelectBackward0>)
2025-07-09 19:27:29,276 INFO: pred: 0.11349683254957199
2025-07-09 19:27:29,766 INFO: [13/1600] Train_Loss_total: 5.5496 Test_Loss_total: 1.9049 Time: 1.6576s
2025-07-09 19:27:31,281 INFO: In epoch 14, pred_score1: tensor([0.0827], device='cuda:0', grad_fn=<SelectBackward0>), pred_score2: tensor([0.5741], device='cuda:0', grad_fn=<SelectBackward0>)
2025-07-09 19:27:31,281 INFO: pred: 0.06168434023857117
2025-07-09 19:27:31,651 INFO: [14/1600] Train_Loss_total: 5.5414 Test_Loss_total: 1.9026 Time: 1.885s
2025-07-09 19:27:32,711 INFO: In epoch 15, pred_score1: tensor([0.6785], device='cuda:0', grad_fn=<SelectBackward0>), pred_score2: tensor([0.1741], device='cuda:0', grad_fn=<SelectBackward0>)
2025-07-09 19:27:32,711 INFO: pred: 0.020553024485707283
2025-07-09 19:27:33,055 INFO: [15/1600] Train_Loss_total: 5.5336 Test_Loss_total: 1.8804 Time: 1.4038s
2025-07-09 19:27:34,128 INFO: In epoch 16, pred_score1: tensor([0.1729], device='cuda:0', grad_fn=<SelectBackward0>), pred_score2: tensor([0.3783], device='cuda:0', grad_fn=<SelectBackward0>)
2025-07-09 19:27:34,129 INFO: pred: 0.03534409776329994
2025-07-09 19:27:34,480 INFO: [16/1600] Train_Loss_total: 5.5259 Test_Loss_total: 1.8986 Time: 1.4251s
2025-07-09 19:27:35,528 INFO: In epoch 17, pred_score1: tensor([0.3799], device='cuda:0', grad_fn=<SelectBackward0>), pred_score2: tensor([0.3391], device='cuda:0', grad_fn=<SelectBackward0>)
2025-07-09 19:27:35,528 INFO: pred: 0.10148588567972183
2025-07-09 19:27:35,881 INFO: [17/1600] Train_Loss_total: 5.5187 Test_Loss_total: 1.9008 Time: 1.4001s
2025-07-09 19:27:36,964 INFO: In epoch 18, pred_score1: tensor([0.7164], device='cuda:0', grad_fn=<SelectBackward0>), pred_score2: tensor([0.0695], device='cuda:0', grad_fn=<SelectBackward0>)
2025-07-09 19:27:36,964 INFO: pred: 0.08001261204481125
2025-07-09 19:27:37,340 INFO: [18/1600] Train_Loss_total: 5.5118 Test_Loss_total: 1.8788 Time: 1.4585s
2025-07-09 19:27:38,449 INFO: In epoch 19, pred_score1: tensor([0.1406], device='cuda:0', grad_fn=<SelectBackward0>), pred_score2: tensor([0.1859], device='cuda:0', grad_fn=<SelectBackward0>)
2025-07-09 19:27:38,449 INFO: pred: 0.12673048675060272
2025-07-09 19:27:38,809 INFO: [19/1600] Train_Loss_total: 5.5048 Test_Loss_total: 1.8966 Time: 1.4693s
2025-07-09 19:27:39,889 INFO: In epoch 20, pred_score1: tensor([0.3251], device='cuda:0', grad_fn=<SelectBackward0>), pred_score2: tensor([0.5184], device='cuda:0', grad_fn=<SelectBackward0>)
2025-07-09 19:27:39,889 INFO: pred: 0.07514572888612747
2025-07-09 19:27:40,250 INFO: [20/1600] Train_Loss_total: 5.4983 Test_Loss_total: 1.899 Time: 1.441s
2025-07-09 19:27:41,409 INFO: In epoch 21, pred_score1: tensor([0.2764], device='cuda:0', grad_fn=<SelectBackward0>), pred_score2: tensor([0.2581], device='cuda:0', grad_fn=<SelectBackward0>)
2025-07-09 19:27:41,409 INFO: pred: 0.10565867274999619
2025-07-09 19:27:41,908 INFO: [21/1600] Train_Loss_total: 5.4918 Test_Loss_total: 1.8935 Time: 1.6572s
2025-07-09 19:27:43,421 INFO: In epoch 22, pred_score1: tensor([0.3104], device='cuda:0', grad_fn=<SelectBackward0>), pred_score2: tensor([0.2464], device='cuda:0', grad_fn=<SelectBackward0>)
2025-07-09 19:27:43,421 INFO: pred: 0.013794480822980404
2025-07-09 19:27:43,777 INFO: [22/1600] Train_Loss_total: 5.4857 Test_Loss_total: 1.8742 Time: 1.8689s
2025-07-09 19:27:44,828 INFO: In epoch 23, pred_score1: tensor([0.3194], device='cuda:0', grad_fn=<SelectBackward0>), pred_score2: tensor([0.1800], device='cuda:0', grad_fn=<SelectBackward0>)
2025-07-09 19:27:44,829 INFO: pred: 0.14735177159309387
2025-07-09 19:27:45,192 INFO: [23/1600] Train_Loss_total: 5.4799 Test_Loss_total: 1.8846 Time: 1.4145s
2025-07-09 19:27:46,247 INFO: In epoch 24, pred_score1: tensor([0.1833], device='cuda:0', grad_fn=<SelectBackward0>), pred_score2: tensor([0.4532], device='cuda:0', grad_fn=<SelectBackward0>)
2025-07-09 19:27:46,247 INFO: pred: 0.10432855784893036
2025-07-09 19:27:46,600 INFO: [24/1600] Train_Loss_total: 5.4741 Test_Loss_total: 1.8789 Time: 1.4077s
2025-07-09 19:27:47,687 INFO: In epoch 25, pred_score1: tensor([0.3575], device='cuda:0', grad_fn=<SelectBackward0>), pred_score2: tensor([0.5052], device='cuda:0', grad_fn=<SelectBackward0>)
2025-07-09 19:27:47,688 INFO: pred: 0.04648008197546005
2025-07-09 19:27:48,073 INFO: [25/1600] Train_Loss_total: 5.4687 Test_Loss_total: 1.8794 Time: 1.4735s
2025-07-09 19:27:49,142 INFO: In epoch 26, pred_score1: tensor([0.3753], device='cuda:0', grad_fn=<SelectBackward0>), pred_score2: tensor([0.3787], device='cuda:0', grad_fn=<SelectBackward0>)
2025-07-09 19:27:49,142 INFO: pred: 0.1169387623667717
2025-07-09 19:27:49,489 INFO: [26/1600] Train_Loss_total: 5.4633 Test_Loss_total: 1.8917 Time: 1.4152s
2025-07-09 19:27:50,570 INFO: In epoch 27, pred_score1: tensor([0.5074], device='cuda:0', grad_fn=<SelectBackward0>), pred_score2: tensor([0.5029], device='cuda:0', grad_fn=<SelectBackward0>)
2025-07-09 19:27:50,570 INFO: pred: 0.11656345427036285
2025-07-09 19:27:50,928 INFO: [27/1600] Train_Loss_total: 5.4583 Test_Loss_total: 1.9044 Time: 1.4384s
2025-07-09 19:27:51,970 INFO: In epoch 28, pred_score1: tensor([0.4645], device='cuda:0', grad_fn=<SelectBackward0>), pred_score2: tensor([0.5584], device='cuda:0', grad_fn=<SelectBackward0>)
2025-07-09 19:27:51,970 INFO: pred: 0.09589632600545883
2025-07-09 19:27:52,339 INFO: [28/1600] Train_Loss_total: 5.4534 Test_Loss_total: 1.8763 Time: 1.4108s
2025-07-09 19:27:53,427 INFO: In epoch 29, pred_score1: tensor([0.3166], device='cuda:0', grad_fn=<SelectBackward0>), pred_score2: tensor([0.7933], device='cuda:0', grad_fn=<SelectBackward0>)
2025-07-09 19:27:53,428 INFO: pred: 0.07978492975234985
2025-07-09 19:27:53,932 INFO: [29/1600] Train_Loss_total: 5.4487 Test_Loss_total: 1.8696 Time: 1.5932s
2025-07-09 19:27:55,471 INFO: In epoch 30, pred_score1: tensor([0.3211], device='cuda:0', grad_fn=<SelectBackward0>), pred_score2: tensor([0.6198], device='cuda:0', grad_fn=<SelectBackward0>)
2025-07-09 19:27:55,471 INFO: pred: 0.02915678545832634
2025-07-09 19:27:55,842 INFO: [30/1600] Train_Loss_total: 5.444 Test_Loss_total: 1.8729 Time: 1.9098s
2025-07-09 19:27:56,896 INFO: In epoch 31, pred_score1: tensor([0.2763], device='cuda:0', grad_fn=<SelectBackward0>), pred_score2: tensor([0.2243], device='cuda:0', grad_fn=<SelectBackward0>)
2025-07-09 19:27:56,896 INFO: pred: 0.11010870337486267
2025-07-09 19:27:57,248 INFO: [31/1600] Train_Loss_total: 5.4396 Test_Loss_total: 1.8822 Time: 1.4055s
2025-07-09 19:27:58,300 INFO: In epoch 32, pred_score1: tensor([0.4675], device='cuda:0', grad_fn=<SelectBackward0>), pred_score2: tensor([0.3607], device='cuda:0', grad_fn=<SelectBackward0>)
2025-07-09 19:27:58,300 INFO: pred: 0.0799202099442482
2025-07-09 19:27:58,667 INFO: [32/1600] Train_Loss_total: 5.4354 Test_Loss_total: 1.8786 Time: 1.419s
2025-07-09 19:27:59,724 INFO: In epoch 33, pred_score1: tensor([0.4007], device='cuda:0', grad_fn=<SelectBackward0>), pred_score2: tensor([0.4046], device='cuda:0', grad_fn=<SelectBackward0>)
2025-07-09 19:27:59,724 INFO: pred: 0.12449982762336731
2025-07-09 19:28:00,080 INFO: [33/1600] Train_Loss_total: 5.4313 Test_Loss_total: 1.8908 Time: 1.4121s
2025-07-09 19:28:01,163 INFO: In epoch 34, pred_score1: tensor([0.5370], device='cuda:0', grad_fn=<SelectBackward0>), pred_score2: tensor([0.1499], device='cuda:0', grad_fn=<SelectBackward0>)
2025-07-09 19:28:01,163 INFO: pred: 0.06812840700149536
2025-07-09 19:28:01,722 INFO: [34/1600] Train_Loss_total: 5.4272 Test_Loss_total: 1.8736 Time: 1.6423s
2025-07-09 19:28:02,765 INFO: In epoch 35, pred_score1: tensor([0.1699], device='cuda:0', grad_fn=<SelectBackward0>), pred_score2: tensor([0.5346], device='cuda:0', grad_fn=<SelectBackward0>)
2025-07-09 19:28:02,765 INFO: pred: 0.07219886779785156
2025-07-09 19:28:03,111 INFO: [35/1600] Train_Loss_total: 5.4233 Test_Loss_total: 1.8767 Time: 1.3889s
2025-07-09 19:28:04,172 INFO: In epoch 36, pred_score1: tensor([0.5261], device='cuda:0', grad_fn=<SelectBackward0>), pred_score2: tensor([0.3066], device='cuda:0', grad_fn=<SelectBackward0>)
2025-07-09 19:28:04,173 INFO: pred: 0.11806449294090271
2025-07-09 19:28:04,526 INFO: [36/1600] Train_Loss_total: 5.4196 Test_Loss_total: 1.893 Time: 1.4147s
2025-07-09 19:28:05,654 INFO: In epoch 37, pred_score1: tensor([0.1091], device='cuda:0', grad_fn=<SelectBackward0>), pred_score2: tensor([0.6928], device='cuda:0', grad_fn=<SelectBackward0>)
2025-07-09 19:28:05,655 INFO: pred: 0.05474553629755974
2025-07-09 19:28:06,184 INFO: [37/1600] Train_Loss_total: 5.416 Test_Loss_total: 1.872 Time: 1.6574s
2025-07-09 19:28:07,704 INFO: In epoch 38, pred_score1: tensor([0.1499], device='cuda:0', grad_fn=<SelectBackward0>), pred_score2: tensor([0.2680], device='cuda:0', grad_fn=<SelectBackward0>)
2025-07-09 19:28:07,704 INFO: pred: 0.059705425053834915
2025-07-09 19:28:08,074 INFO: [38/1600] Train_Loss_total: 5.4126 Test_Loss_total: 1.8615 Time: 1.8901s
2025-07-09 19:28:09,139 INFO: In epoch 39, pred_score1: tensor([0.5784], device='cuda:0', grad_fn=<SelectBackward0>), pred_score2: tensor([0.6021], device='cuda:0', grad_fn=<SelectBackward0>)
2025-07-09 19:28:09,139 INFO: pred: 0.165387362241745
2025-07-09 19:28:09,495 INFO: [39/1600] Train_Loss_total: 5.4094 Test_Loss_total: 1.8584 Time: 1.4206s
2025-07-09 19:28:10,604 INFO: In epoch 40, pred_score1: tensor([0.1888], device='cuda:0', grad_fn=<SelectBackward0>), pred_score2: tensor([0.3153], device='cuda:0', grad_fn=<SelectBackward0>)
2025-07-09 19:28:10,604 INFO: pred: 0.10408943146467209
2025-07-09 19:28:10,986 INFO: [40/1600] Train_Loss_total: 5.4062 Test_Loss_total: 1.8642 Time: 1.4912s
2025-07-09 19:28:12,046 INFO: In epoch 41, pred_score1: tensor([0.3944], device='cuda:0', grad_fn=<SelectBackward0>), pred_score2: tensor([0.4010], device='cuda:0', grad_fn=<SelectBackward0>)
2025-07-09 19:28:12,047 INFO: pred: 0.10688778758049011
2025-07-09 19:28:12,389 INFO: [41/1600] Train_Loss_total: 5.4034 Test_Loss_total: 1.874 Time: 1.4024s
2025-07-09 19:28:13,472 INFO: In epoch 42, pred_score1: tensor([0.3225], device='cuda:0', grad_fn=<SelectBackward0>), pred_score2: tensor([0.5569], device='cuda:0', grad_fn=<SelectBackward0>)
2025-07-09 19:28:13,472 INFO: pred: 0.1087709590792656
2025-07-09 19:28:13,831 INFO: [42/1600] Train_Loss_total: 5.4005 Test_Loss_total: 1.8497 Time: 1.4421s
2025-07-09 19:28:14,873 INFO: In epoch 43, pred_score1: tensor([0.2296], device='cuda:0', grad_fn=<SelectBackward0>), pred_score2: tensor([0.3302], device='cuda:0', grad_fn=<SelectBackward0>)
2025-07-09 19:28:14,873 INFO: pred: 0.10064056515693665
2025-07-09 19:28:15,231 INFO: [43/1600] Train_Loss_total: 5.3978 Test_Loss_total: 1.8711 Time: 1.3998s
2025-07-09 19:28:16,271 INFO: In epoch 44, pred_score1: tensor([0.8035], device='cuda:0', grad_fn=<SelectBackward0>), pred_score2: tensor([0.1115], device='cuda:0', grad_fn=<SelectBackward0>)
2025-07-09 19:28:16,271 INFO: pred: 0.10258245468139648
2025-07-09 19:28:16,622 INFO: [44/1600] Train_Loss_total: 5.3953 Test_Loss_total: 1.8618 Time: 1.3905s
2025-07-09 19:28:17,682 INFO: In epoch 45, pred_score1: tensor([0.4179], device='cuda:0', grad_fn=<SelectBackward0>), pred_score2: tensor([0.3250], device='cuda:0', grad_fn=<SelectBackward0>)
2025-07-09 19:28:17,682 INFO: pred: 0.11411765962839127
2025-07-09 19:28:18,199 INFO: [45/1600] Train_Loss_total: 5.3929 Test_Loss_total: 1.8552 Time: 1.5762s
2025-07-09 19:28:19,727 INFO: In epoch 46, pred_score1: tensor([0.6347], device='cuda:0', grad_fn=<SelectBackward0>), pred_score2: tensor([0.3053], device='cuda:0', grad_fn=<SelectBackward0>)
2025-07-09 19:28:19,727 INFO: pred: 0.10440587997436523
2025-07-09 19:28:20,077 INFO: [46/1600] Train_Loss_total: 5.3904 Test_Loss_total: 1.8623 Time: 1.8782s
2025-07-09 19:28:21,109 INFO: In epoch 47, pred_score1: tensor([0.5069], device='cuda:0', grad_fn=<SelectBackward0>), pred_score2: tensor([0.1165], device='cuda:0', grad_fn=<SelectBackward0>)
2025-07-09 19:28:21,110 INFO: pred: 0.12089179456233978
2025-07-09 19:28:21,458 INFO: [47/1600] Train_Loss_total: 5.388 Test_Loss_total: 1.8704 Time: 1.381s
2025-07-09 19:28:22,498 INFO: In epoch 48, pred_score1: tensor([0.1832], device='cuda:0', grad_fn=<SelectBackward0>), pred_score2: tensor([0.8822], device='cuda:0', grad_fn=<SelectBackward0>)
2025-07-09 19:28:22,498 INFO: pred: -0.06217329949140549
2025-07-09 19:28:22,848 INFO: [48/1600] Train_Loss_total: 5.3859 Test_Loss_total: 1.8496 Time: 1.3895s
2025-07-09 19:28:23,903 INFO: In epoch 49, pred_score1: tensor([0.6719], device='cuda:0', grad_fn=<SelectBackward0>), pred_score2: tensor([0.1699], device='cuda:0', grad_fn=<SelectBackward0>)
2025-07-09 19:28:23,904 INFO: pred: 0.08620356768369675
2025-07-09 19:28:24,251 INFO: [49/1600] Train_Loss_total: 5.3839 Test_Loss_total: 1.8633 Time: 1.4029s
2025-07-09 19:28:25,298 INFO: In epoch 50, pred_score1: tensor([0.4955], device='cuda:0', grad_fn=<SelectBackward0>), pred_score2: tensor([0.3326], device='cuda:0', grad_fn=<SelectBackward0>)
2025-07-09 19:28:25,299 INFO: pred: 0.12627474963665009
2025-07-09 19:28:25,663 INFO: [50/1600] Train_Loss_total: 5.382 Test_Loss_total: 1.8743 Time: 1.4113s
2025-07-09 19:28:26,719 INFO: In epoch 51, pred_score1: tensor([0.2686], device='cuda:0', grad_fn=<SelectBackward0>), pred_score2: tensor([0.3718], device='cuda:0', grad_fn=<SelectBackward0>)
2025-07-09 19:28:26,720 INFO: pred: 0.0703582912683487
2025-07-09 19:28:27,071 INFO: [51/1600] Train_Loss_total: 5.3799 Test_Loss_total: 1.845 Time: 1.4074s
2025-07-09 19:28:28,102 INFO: In epoch 52, pred_score1: tensor([0.4169], device='cuda:0', grad_fn=<SelectBackward0>), pred_score2: tensor([0.3024], device='cuda:0', grad_fn=<SelectBackward0>)
2025-07-09 19:28:28,102 INFO: pred: 0.0939483791589737
2025-07-09 19:28:28,447 INFO: [52/1600] Train_Loss_total: 5.3782 Test_Loss_total: 1.8685 Time: 1.3766s
2025-07-09 19:28:29,502 INFO: In epoch 53, pred_score1: tensor([0.3595], device='cuda:0', grad_fn=<SelectBackward0>), pred_score2: tensor([0.5522], device='cuda:0', grad_fn=<SelectBackward0>)
2025-07-09 19:28:29,502 INFO: pred: 0.10488442331552505
2025-07-09 19:28:29,949 INFO: [53/1600] Train_Loss_total: 5.3763 Test_Loss_total: 1.8411 Time: 1.5018s
2025-07-09 19:28:31,371 INFO: In epoch 54, pred_score1: tensor([0.4914], device='cuda:0', grad_fn=<SelectBackward0>), pred_score2: tensor([0.4810], device='cuda:0', grad_fn=<SelectBackward0>)
2025-07-09 19:28:31,371 INFO: pred: 0.12073257565498352
2025-07-09 19:28:31,886 INFO: [54/1600] Train_Loss_total: 5.3746 Test_Loss_total: 1.8561 Time: 1.9364s
2025-07-09 19:28:32,929 INFO: In epoch 55, pred_score1: tensor([0.3069], device='cuda:0', grad_fn=<SelectBackward0>), pred_score2: tensor([0.1825], device='cuda:0', grad_fn=<SelectBackward0>)
2025-07-09 19:28:32,929 INFO: pred: 0.10438273847103119
2025-07-09 19:28:33,266 INFO: [55/1600] Train_Loss_total: 5.373 Test_Loss_total: 1.8681 Time: 1.3801s
2025-07-09 19:28:34,313 INFO: In epoch 56, pred_score1: tensor([0.1951], device='cuda:0', grad_fn=<SelectBackward0>), pred_score2: tensor([0.2787], device='cuda:0', grad_fn=<SelectBackward0>)
2025-07-09 19:28:34,313 INFO: pred: 0.10939909517765045
2025-07-09 19:28:34,658 INFO: [56/1600] Train_Loss_total: 5.3711 Test_Loss_total: 1.8657 Time: 1.3913s
2025-07-09 19:28:35,710 INFO: In epoch 57, pred_score1: tensor([0.2867], device='cuda:0', grad_fn=<SelectBackward0>), pred_score2: tensor([0.8869], device='cuda:0', grad_fn=<SelectBackward0>)
2025-07-09 19:28:35,710 INFO: pred: -0.05007150024175644
2025-07-09 19:28:36,078 INFO: [57/1600] Train_Loss_total: 5.3696 Test_Loss_total: 1.8451 Time: 1.42s
2025-07-09 19:28:37,124 INFO: In epoch 58, pred_score1: tensor([0.2404], device='cuda:0', grad_fn=<SelectBackward0>), pred_score2: tensor([0.2801], device='cuda:0', grad_fn=<SelectBackward0>)
2025-07-09 19:28:37,124 INFO: pred: 0.11978345364332199
2025-07-09 19:28:37,464 INFO: [58/1600] Train_Loss_total: 5.368 Test_Loss_total: 1.8764 Time: 1.3855s
2025-07-09 19:28:38,524 INFO: In epoch 59, pred_score1: tensor([0.4015], device='cuda:0', grad_fn=<SelectBackward0>), pred_score2: tensor([0.3074], device='cuda:0', grad_fn=<SelectBackward0>)
2025-07-09 19:28:38,524 INFO: pred: 0.09487583488225937
2025-07-09 19:28:38,870 INFO: [59/1600] Train_Loss_total: 5.3664 Test_Loss_total: 1.8677 Time: 1.4058s
2025-07-09 19:28:39,923 INFO: In epoch 60, pred_score1: tensor([0.4904], device='cuda:0', grad_fn=<SelectBackward0>), pred_score2: tensor([0.4537], device='cuda:0', grad_fn=<SelectBackward0>)
2025-07-09 19:28:39,923 INFO: pred: 0.12847726047039032
2025-07-09 19:28:40,288 INFO: [60/1600] Train_Loss_total: 5.3649 Test_Loss_total: 1.8466 Time: 1.4178s
2025-07-09 19:28:41,375 INFO: In epoch 61, pred_score1: tensor([0.4154], device='cuda:0', grad_fn=<SelectBackward0>), pred_score2: tensor([0.1891], device='cuda:0', grad_fn=<SelectBackward0>)
2025-07-09 19:28:41,375 INFO: pred: 0.07872708886861801
2025-07-09 19:28:41,728 INFO: [61/1600] Train_Loss_total: 5.3634 Test_Loss_total: 1.8418 Time: 1.4397s
2025-07-09 19:28:43,233 INFO: In epoch 62, pred_score1: tensor([0.1727], device='cuda:0', grad_fn=<SelectBackward0>), pred_score2: tensor([0.5283], device='cuda:0', grad_fn=<SelectBackward0>)
2025-07-09 19:28:43,234 INFO: pred: 0.06109704449772835
2025-07-09 19:28:43,770 INFO: [62/1600] Train_Loss_total: 5.362 Test_Loss_total: 1.8417 Time: 2.042s
2025-07-09 19:28:44,838 INFO: In epoch 63, pred_score1: tensor([0.4909], device='cuda:0', grad_fn=<SelectBackward0>), pred_score2: tensor([0.7579], device='cuda:0', grad_fn=<SelectBackward0>)
2025-07-09 19:28:44,838 INFO: pred: 0.09415202587842941
2025-07-09 19:28:45,185 INFO: [63/1600] Train_Loss_total: 5.3606 Test_Loss_total: 1.8651 Time: 1.4149s
2025-07-09 19:28:46,251 INFO: In epoch 64, pred_score1: tensor([0.3855], device='cuda:0', grad_fn=<SelectBackward0>), pred_score2: tensor([0.3940], device='cuda:0', grad_fn=<SelectBackward0>)
2025-07-09 19:28:46,252 INFO: pred: 0.1280672252178192
2025-07-09 19:28:46,600 INFO: [64/1600] Train_Loss_total: 5.3592 Test_Loss_total: 1.8505 Time: 1.4146s
2025-07-09 19:28:47,659 INFO: In epoch 65, pred_score1: tensor([0.3807], device='cuda:0', grad_fn=<SelectBackward0>), pred_score2: tensor([0.3323], device='cuda:0', grad_fn=<SelectBackward0>)
2025-07-09 19:28:47,659 INFO: pred: 0.12355199456214905
2025-07-09 19:28:48,030 INFO: [65/1600] Train_Loss_total: 5.3579 Test_Loss_total: 1.8633 Time: 1.4292s
2025-07-09 19:28:49,110 INFO: In epoch 66, pred_score1: tensor([0.2973], device='cuda:0', grad_fn=<SelectBackward0>), pred_score2: tensor([0.2534], device='cuda:0', grad_fn=<SelectBackward0>)
2025-07-09 19:28:49,111 INFO: pred: 0.11775387078523636
2025-07-09 19:28:49,525 INFO: [66/1600] Train_Loss_total: 5.3567 Test_Loss_total: 1.8878 Time: 1.4949s
2025-07-09 19:28:50,594 INFO: In epoch 67, pred_score1: tensor([0.4948], device='cuda:0', grad_fn=<SelectBackward0>), pred_score2: tensor([0.3087], device='cuda:0', grad_fn=<SelectBackward0>)
2025-07-09 19:28:50,594 INFO: pred: 0.12743522226810455
2025-07-09 19:28:50,960 INFO: [67/1600] Train_Loss_total: 5.3551 Test_Loss_total: 1.8509 Time: 1.4351s
2025-07-09 19:28:52,023 INFO: In epoch 68, pred_score1: tensor([0.6131], device='cuda:0', grad_fn=<SelectBackward0>), pred_score2: tensor([0.1540], device='cuda:0', grad_fn=<SelectBackward0>)
2025-07-09 19:28:52,023 INFO: pred: 0.12783634662628174
2025-07-09 19:28:52,374 INFO: [68/1600] Train_Loss_total: 5.3537 Test_Loss_total: 1.864 Time: 1.4138s
2025-07-09 19:28:53,433 INFO: In epoch 69, pred_score1: tensor([0.4008], device='cuda:0', grad_fn=<SelectBackward0>), pred_score2: tensor([0.2500], device='cuda:0', grad_fn=<SelectBackward0>)
2025-07-09 19:28:53,433 INFO: pred: 0.14547918736934662
2025-07-09 19:28:53,810 INFO: [69/1600] Train_Loss_total: 5.3525 Test_Loss_total: 1.8599 Time: 1.4357s
2025-07-09 19:28:55,300 INFO: In epoch 70, pred_score1: tensor([0.4143], device='cuda:0', grad_fn=<SelectBackward0>), pred_score2: tensor([0.4398], device='cuda:0', grad_fn=<SelectBackward0>)
2025-07-09 19:28:55,300 INFO: pred: 0.11606141924858093
2025-07-09 19:28:55,849 INFO: [70/1600] Train_Loss_total: 5.3511 Test_Loss_total: 1.848 Time: 2.0383s
2025-07-09 19:28:56,918 INFO: In epoch 71, pred_score1: tensor([0.6643], device='cuda:0', grad_fn=<SelectBackward0>), pred_score2: tensor([0.4235], device='cuda:0', grad_fn=<SelectBackward0>)
2025-07-09 19:28:56,918 INFO: pred: 0.1941511034965515
2025-07-09 19:28:57,272 INFO: [71/1600] Train_Loss_total: 5.3498 Test_Loss_total: 1.8413 Time: 1.4235s
2025-07-09 19:28:58,391 INFO: In epoch 72, pred_score1: tensor([0.3658], device='cuda:0', grad_fn=<SelectBackward0>), pred_score2: tensor([0.5412], device='cuda:0', grad_fn=<SelectBackward0>)
2025-07-09 19:28:58,392 INFO: pred: 0.10630574077367783
2025-07-09 19:28:58,745 INFO: [72/1600] Train_Loss_total: 5.3486 Test_Loss_total: 1.8729 Time: 1.4722s
2025-07-09 19:28:59,824 INFO: In epoch 73, pred_score1: tensor([0.3960], device='cuda:0', grad_fn=<SelectBackward0>), pred_score2: tensor([0.5391], device='cuda:0', grad_fn=<SelectBackward0>)
2025-07-09 19:28:59,824 INFO: pred: 0.09532646089792252
2025-07-09 19:29:00,183 INFO: [73/1600] Train_Loss_total: 5.3473 Test_Loss_total: 1.8339 Time: 1.4379s
2025-07-09 19:29:01,274 INFO: In epoch 74, pred_score1: tensor([0.3420], device='cuda:0', grad_fn=<SelectBackward0>), pred_score2: tensor([0.3297], device='cuda:0', grad_fn=<SelectBackward0>)
2025-07-09 19:29:01,274 INFO: pred: 0.10476870089769363
2025-07-09 19:29:01,614 INFO: [74/1600] Train_Loss_total: 5.346 Test_Loss_total: 1.8556 Time: 1.4304s
2025-07-09 19:29:02,671 INFO: In epoch 75, pred_score1: tensor([0.3392], device='cuda:0', grad_fn=<SelectBackward0>), pred_score2: tensor([0.6437], device='cuda:0', grad_fn=<SelectBackward0>)
2025-07-09 19:29:02,671 INFO: pred: 0.09553873538970947
2025-07-09 19:29:03,198 INFO: [75/1600] Train_Loss_total: 5.3447 Test_Loss_total: 1.8657 Time: 1.5838s
2025-07-09 19:29:04,242 INFO: In epoch 76, pred_score1: tensor([0.5038], device='cuda:0', grad_fn=<SelectBackward0>), pred_score2: tensor([0.2049], device='cuda:0', grad_fn=<SelectBackward0>)
2025-07-09 19:29:04,242 INFO: pred: 0.14072750508785248
2025-07-09 19:29:04,587 INFO: [76/1600] Train_Loss_total: 5.3434 Test_Loss_total: 1.8504 Time: 1.3891s
2025-07-09 19:29:05,636 INFO: In epoch 77, pred_score1: tensor([0.4955], device='cuda:0', grad_fn=<SelectBackward0>), pred_score2: tensor([0.6189], device='cuda:0', grad_fn=<SelectBackward0>)
2025-07-09 19:29:05,636 INFO: pred: 0.04612148553133011
2025-07-09 19:29:06,055 INFO: [77/1600] Train_Loss_total: 5.3421 Test_Loss_total: 1.8281 Time: 1.4679s
2025-07-09 19:29:07,585 INFO: In epoch 78, pred_score1: tensor([0.2523], device='cuda:0', grad_fn=<SelectBackward0>), pred_score2: tensor([0.6232], device='cuda:0', grad_fn=<SelectBackward0>)
2025-07-09 19:29:07,585 INFO: pred: 0.11742295324802399
2025-07-09 19:29:08,084 INFO: [78/1600] Train_Loss_total: 5.3409 Test_Loss_total: 1.847 Time: 2.0289s
2025-07-09 19:29:09,149 INFO: In epoch 79, pred_score1: tensor([0.6380], device='cuda:0', grad_fn=<SelectBackward0>), pred_score2: tensor([0.4840], device='cuda:0', grad_fn=<SelectBackward0>)
2025-07-09 19:29:09,149 INFO: pred: 0.18178263306617737
2025-07-09 19:29:09,508 INFO: [79/1600] Train_Loss_total: 5.3396 Test_Loss_total: 1.8439 Time: 1.4235s
2025-07-09 19:29:10,571 INFO: In epoch 80, pred_score1: tensor([0.3805], device='cuda:0', grad_fn=<SelectBackward0>), pred_score2: tensor([0.3113], device='cuda:0', grad_fn=<SelectBackward0>)
2025-07-09 19:29:10,572 INFO: pred: 0.10645638406276703
2025-07-09 19:29:10,953 INFO: [80/1600] Train_Loss_total: 5.3384 Test_Loss_total: 1.8547 Time: 1.4445s
2025-07-09 19:29:12,053 INFO: In epoch 81, pred_score1: tensor([0.4704], device='cuda:0', grad_fn=<SelectBackward0>), pred_score2: tensor([0.5444], device='cuda:0', grad_fn=<SelectBackward0>)
2025-07-09 19:29:12,053 INFO: pred: 0.16120022535324097
2025-07-09 19:29:12,410 INFO: [81/1600] Train_Loss_total: 5.3373 Test_Loss_total: 1.8257 Time: 1.4566s
2025-07-09 19:29:13,475 INFO: In epoch 82, pred_score1: tensor([0.4071], device='cuda:0', grad_fn=<SelectBackward0>), pred_score2: tensor([0.5542], device='cuda:0', grad_fn=<SelectBackward0>)
2025-07-09 19:29:13,476 INFO: pred: 0.10404664278030396
2025-07-09 19:29:13,817 INFO: [82/1600] Train_Loss_total: 5.3361 Test_Loss_total: 1.8581 Time: 1.4074s
2025-07-09 19:29:14,878 INFO: In epoch 83, pred_score1: tensor([0.2338], device='cuda:0', grad_fn=<SelectBackward0>), pred_score2: tensor([0.3666], device='cuda:0', grad_fn=<SelectBackward0>)
2025-07-09 19:29:14,878 INFO: pred: -0.030614098533988
2025-07-09 19:29:15,227 INFO: [83/1600] Train_Loss_total: 5.3348 Test_Loss_total: 1.8587 Time: 1.4091s
2025-07-09 19:29:16,283 INFO: In epoch 84, pred_score1: tensor([0.3999], device='cuda:0', grad_fn=<SelectBackward0>), pred_score2: tensor([0.1758], device='cuda:0', grad_fn=<SelectBackward0>)
2025-07-09 19:29:16,283 INFO: pred: 0.08530724793672562
2025-07-09 19:29:16,634 INFO: [84/1600] Train_Loss_total: 5.3337 Test_Loss_total: 1.8617 Time: 1.4074s
2025-07-09 19:29:17,690 INFO: In epoch 85, pred_score1: tensor([0.2822], device='cuda:0', grad_fn=<SelectBackward0>), pred_score2: tensor([0.3780], device='cuda:0', grad_fn=<SelectBackward0>)
2025-07-09 19:29:17,690 INFO: pred: 0.13266530632972717
2025-07-09 19:29:18,089 INFO: [85/1600] Train_Loss_total: 5.3325 Test_Loss_total: 1.8465 Time: 1.4546s
2025-07-09 19:29:19,565 INFO: In epoch 86, pred_score1: tensor([0.3329], device='cuda:0', grad_fn=<SelectBackward0>), pred_score2: tensor([0.3988], device='cuda:0', grad_fn=<SelectBackward0>)
2025-07-09 19:29:19,565 INFO: pred: 0.10253188014030457
2025-07-09 19:29:20,104 INFO: [86/1600] Train_Loss_total: 5.3313 Test_Loss_total: 1.8677 Time: 2.0148s
2025-07-09 19:29:21,166 INFO: In epoch 87, pred_score1: tensor([0.4192], device='cuda:0', grad_fn=<SelectBackward0>), pred_score2: tensor([0.3369], device='cuda:0', grad_fn=<SelectBackward0>)
2025-07-09 19:29:21,166 INFO: pred: 0.11442043632268906
2025-07-09 19:29:21,504 INFO: [87/1600] Train_Loss_total: 5.3301 Test_Loss_total: 1.8435 Time: 1.3993s
2025-07-09 19:29:22,565 INFO: In epoch 88, pred_score1: tensor([0.5917], device='cuda:0', grad_fn=<SelectBackward0>), pred_score2: tensor([0.5921], device='cuda:0', grad_fn=<SelectBackward0>)
2025-07-09 19:29:22,565 INFO: pred: 0.1818709522485733
2025-07-09 19:29:22,941 INFO: [88/1600] Train_Loss_total: 5.3289 Test_Loss_total: 1.8258 Time: 1.4372s
2025-07-09 19:29:24,053 INFO: In epoch 89, pred_score1: tensor([0.2620], device='cuda:0', grad_fn=<SelectBackward0>), pred_score2: tensor([0.2681], device='cuda:0', grad_fn=<SelectBackward0>)
2025-07-09 19:29:24,053 INFO: pred: 0.11608844995498657
2025-07-09 19:29:24,395 INFO: [89/1600] Train_Loss_total: 5.3278 Test_Loss_total: 1.8493 Time: 1.4539s
2025-07-09 19:29:25,467 INFO: In epoch 90, pred_score1: tensor([0.3309], device='cuda:0', grad_fn=<SelectBackward0>), pred_score2: tensor([0.7601], device='cuda:0', grad_fn=<SelectBackward0>)
2025-07-09 19:29:25,467 INFO: pred: 0.0555436909198761
2025-07-09 19:29:25,812 INFO: [90/1600] Train_Loss_total: 5.3266 Test_Loss_total: 1.8377 Time: 1.4164s
2025-07-09 19:29:26,878 INFO: In epoch 91, pred_score1: tensor([0.4529], device='cuda:0', grad_fn=<SelectBackward0>), pred_score2: tensor([0.2881], device='cuda:0', grad_fn=<SelectBackward0>)
2025-07-09 19:29:26,878 INFO: pred: 0.10483948141336441
2025-07-09 19:29:27,242 INFO: [91/1600] Train_Loss_total: 5.3254 Test_Loss_total: 1.8294 Time: 1.4295s
2025-07-09 19:29:28,311 INFO: In epoch 92, pred_score1: tensor([0.5169], device='cuda:0', grad_fn=<SelectBackward0>), pred_score2: tensor([0.1987], device='cuda:0', grad_fn=<SelectBackward0>)
2025-07-09 19:29:28,311 INFO: pred: 0.10025874525308609
2025-07-09 19:29:28,653 INFO: [92/1600] Train_Loss_total: 5.3242 Test_Loss_total: 1.8163 Time: 1.4112s
2025-07-09 19:29:29,707 INFO: In epoch 93, pred_score1: tensor([0.3258], device='cuda:0', grad_fn=<SelectBackward0>), pred_score2: tensor([0.4143], device='cuda:0', grad_fn=<SelectBackward0>)
2025-07-09 19:29:29,707 INFO: pred: 0.0843358188867569
2025-07-09 19:29:30,070 INFO: [93/1600] Train_Loss_total: 5.3232 Test_Loss_total: 1.851 Time: 1.4164s
2025-07-09 19:29:31,584 INFO: In epoch 94, pred_score1: tensor([0.5236], device='cuda:0', grad_fn=<SelectBackward0>), pred_score2: tensor([0.3971], device='cuda:0', grad_fn=<SelectBackward0>)
2025-07-09 19:29:31,584 INFO: pred: 0.11780553311109543
2025-07-09 19:29:32,119 INFO: [94/1600] Train_Loss_total: 5.3221 Test_Loss_total: 1.8536 Time: 2.0495s
2025-07-09 19:29:33,216 INFO: In epoch 95, pred_score1: tensor([0.4242], device='cuda:0', grad_fn=<SelectBackward0>), pred_score2: tensor([0.3859], device='cuda:0', grad_fn=<SelectBackward0>)
2025-07-09 19:29:33,216 INFO: pred: 0.13870352506637573
2025-07-09 19:29:33,562 INFO: [95/1600] Train_Loss_total: 5.3211 Test_Loss_total: 1.8517 Time: 1.4427s
2025-07-09 19:29:34,646 INFO: In epoch 96, pred_score1: tensor([0.1848], device='cuda:0', grad_fn=<SelectBackward0>), pred_score2: tensor([0.4757], device='cuda:0', grad_fn=<SelectBackward0>)
2025-07-09 19:29:34,646 INFO: pred: 0.07811389118432999
2025-07-09 19:29:34,999 INFO: [96/1600] Train_Loss_total: 5.3199 Test_Loss_total: 1.8389 Time: 1.4361s
2025-07-09 19:29:36,048 INFO: In epoch 97, pred_score1: tensor([0.3354], device='cuda:0', grad_fn=<SelectBackward0>), pred_score2: tensor([0.3616], device='cuda:0', grad_fn=<SelectBackward0>)
2025-07-09 19:29:36,048 INFO: pred: 0.13229791820049286
2025-07-09 19:29:36,401 INFO: [97/1600] Train_Loss_total: 5.3188 Test_Loss_total: 1.8212 Time: 1.4017s
2025-07-09 19:29:37,467 INFO: In epoch 98, pred_score1: tensor([0.4517], device='cuda:0', grad_fn=<SelectBackward0>), pred_score2: tensor([0.2739], device='cuda:0', grad_fn=<SelectBackward0>)
2025-07-09 19:29:37,468 INFO: pred: 0.13557621836662292
2025-07-09 19:29:37,819 INFO: [98/1600] Train_Loss_total: 5.3177 Test_Loss_total: 1.8348 Time: 1.4177s
2025-07-09 19:29:38,884 INFO: In epoch 99, pred_score1: tensor([0.6724], device='cuda:0', grad_fn=<SelectBackward0>), pred_score2: tensor([0.1300], device='cuda:0', grad_fn=<SelectBackward0>)
2025-07-09 19:29:38,884 INFO: pred: 0.10034460574388504
2025-07-09 19:29:39,241 INFO: [99/1600] Train_Loss_total: 5.3166 Test_Loss_total: 1.8577 Time: 1.4224s
2025-07-09 19:29:40,295 INFO: In epoch 100, pred_score1: tensor([0.4287], device='cuda:0', grad_fn=<SelectBackward0>), pred_score2: tensor([0.3184], device='cuda:0', grad_fn=<SelectBackward0>)
2025-07-09 19:29:40,295 INFO: pred: 0.1288304179906845
2025-07-09 19:29:40,659 INFO: [100/1600] Train_Loss_total: 5.3156 Test_Loss_total: 1.8351 Time: 1.4179s
2025-07-09 19:29:41,736 INFO: In epoch 101, pred_score1: tensor([0.3741], device='cuda:0', grad_fn=<SelectBackward0>), pred_score2: tensor([0.3281], device='cuda:0', grad_fn=<SelectBackward0>)
2025-07-09 19:29:41,736 INFO: pred: 0.15145964920520782
2025-07-09 19:29:42,095 INFO: [101/1600] Train_Loss_total: 5.3145 Test_Loss_total: 1.84 Time: 1.435s
2025-07-09 19:29:43,571 INFO: In epoch 102, pred_score1: tensor([0.5034], device='cuda:0', grad_fn=<SelectBackward0>), pred_score2: tensor([0.4180], device='cuda:0', grad_fn=<SelectBackward0>)
2025-07-09 19:29:43,571 INFO: pred: 0.11712484061717987
2025-07-09 19:29:44,111 INFO: [102/1600] Train_Loss_total: 5.3135 Test_Loss_total: 1.8174 Time: 2.0155s
2025-07-09 19:29:45,249 INFO: In epoch 103, pred_score1: tensor([0.4861], device='cuda:0', grad_fn=<SelectBackward0>), pred_score2: tensor([0.2605], device='cuda:0', grad_fn=<SelectBackward0>)
2025-07-09 19:29:45,249 INFO: pred: 0.13742496073246002
2025-07-09 19:29:45,614 INFO: [103/1600] Train_Loss_total: 5.3125 Test_Loss_total: 1.8537 Time: 1.5035s
2025-07-09 19:29:46,667 INFO: In epoch 104, pred_score1: tensor([0.8768], device='cuda:0', grad_fn=<SelectBackward0>), pred_score2: tensor([0.1314], device='cuda:0', grad_fn=<SelectBackward0>)
2025-07-09 19:29:46,667 INFO: pred: 0.09520284831523895
2025-07-09 19:29:47,018 INFO: [104/1600] Train_Loss_total: 5.3114 Test_Loss_total: 1.8278 Time: 1.4036s
2025-07-09 19:29:48,085 INFO: In epoch 105, pred_score1: tensor([0.4631], device='cuda:0', grad_fn=<SelectBackward0>), pred_score2: tensor([0.4141], device='cuda:0', grad_fn=<SelectBackward0>)
2025-07-09 19:29:48,086 INFO: pred: 0.11607273668050766
2025-07-09 19:29:48,434 INFO: [105/1600] Train_Loss_total: 5.3105 Test_Loss_total: 1.8458 Time: 1.4151s
2025-07-09 19:29:49,508 INFO: In epoch 106, pred_score1: tensor([0.2425], device='cuda:0', grad_fn=<SelectBackward0>), pred_score2: tensor([0.4111], device='cuda:0', grad_fn=<SelectBackward0>)
2025-07-09 19:29:49,508 INFO: pred: 0.09926003962755203
2025-07-09 19:29:49,868 INFO: [106/1600] Train_Loss_total: 5.3095 Test_Loss_total: 1.8452 Time: 1.4342s
2025-07-09 19:29:50,940 INFO: In epoch 107, pred_score1: tensor([0.4609], device='cuda:0', grad_fn=<SelectBackward0>), pred_score2: tensor([0.2640], device='cuda:0', grad_fn=<SelectBackward0>)
2025-07-09 19:29:50,941 INFO: pred: 0.13710960745811462
2025-07-09 19:29:51,293 INFO: [107/1600] Train_Loss_total: 5.3084 Test_Loss_total: 1.8345 Time: 1.4252s
2025-07-09 19:29:52,355 INFO: In epoch 108, pred_score1: tensor([0.2832], device='cuda:0', grad_fn=<SelectBackward0>), pred_score2: tensor([0.2717], device='cuda:0', grad_fn=<SelectBackward0>)
2025-07-09 19:29:52,355 INFO: pred: 0.13610653579235077
2025-07-09 19:29:52,708 INFO: [108/1600] Train_Loss_total: 5.3075 Test_Loss_total: 1.85 Time: 1.4144s
2025-07-09 19:29:53,773 INFO: In epoch 109, pred_score1: tensor([0.2223], device='cuda:0', grad_fn=<SelectBackward0>), pred_score2: tensor([0.2621], device='cuda:0', grad_fn=<SelectBackward0>)
2025-07-09 19:29:53,773 INFO: pred: 0.1729019433259964
2025-07-09 19:29:54,141 INFO: [109/1600] Train_Loss_total: 5.3064 Test_Loss_total: 1.8185 Time: 1.4325s
2025-07-09 19:29:55,561 INFO: In epoch 110, pred_score1: tensor([0.3371], device='cuda:0', grad_fn=<SelectBackward0>), pred_score2: tensor([0.3957], device='cuda:0', grad_fn=<SelectBackward0>)
2025-07-09 19:29:55,562 INFO: pred: 0.11238356679677963
2025-07-09 19:29:56,119 INFO: [110/1600] Train_Loss_total: 5.3055 Test_Loss_total: 1.8441 Time: 1.9782s
2025-07-09 19:29:57,319 INFO: In epoch 111, pred_score1: tensor([0.1418], device='cuda:0', grad_fn=<SelectBackward0>), pred_score2: tensor([0.3510], device='cuda:0', grad_fn=<SelectBackward0>)
2025-07-09 19:29:57,320 INFO: pred: 0.11488473415374756
2025-07-09 19:29:57,676 INFO: [111/1600] Train_Loss_total: 5.3044 Test_Loss_total: 1.8427 Time: 1.5562s
2025-07-09 19:29:58,738 INFO: In epoch 112, pred_score1: tensor([0.5247], device='cuda:0', grad_fn=<SelectBackward0>), pred_score2: tensor([0.8831], device='cuda:0', grad_fn=<SelectBackward0>)
2025-07-09 19:29:58,738 INFO: pred: 0.10760147124528885
2025-07-09 19:29:59,092 INFO: [112/1600] Train_Loss_total: 5.3034 Test_Loss_total: 1.8339 Time: 1.4164s
2025-07-09 19:30:00,151 INFO: In epoch 113, pred_score1: tensor([0.3040], device='cuda:0', grad_fn=<SelectBackward0>), pred_score2: tensor([0.9026], device='cuda:0', grad_fn=<SelectBackward0>)
2025-07-09 19:30:00,151 INFO: pred: -0.054063908755779266
2025-07-09 19:30:00,505 INFO: [113/1600] Train_Loss_total: 5.3024 Test_Loss_total: 1.8322 Time: 1.4121s
2025-07-09 19:30:01,607 INFO: In epoch 114, pred_score1: tensor([0.2963], device='cuda:0', grad_fn=<SelectBackward0>), pred_score2: tensor([0.1749], device='cuda:0', grad_fn=<SelectBackward0>)
2025-07-09 19:30:01,607 INFO: pred: 0.10371194779872894
2025-07-09 19:30:01,964 INFO: [114/1600] Train_Loss_total: 5.3015 Test_Loss_total: 1.8272 Time: 1.4586s
2025-07-09 19:30:03,017 INFO: In epoch 115, pred_score1: tensor([0.3154], device='cuda:0', grad_fn=<SelectBackward0>), pred_score2: tensor([0.3001], device='cuda:0', grad_fn=<SelectBackward0>)
2025-07-09 19:30:03,017 INFO: pred: 0.13933667540550232
2025-07-09 19:30:03,384 INFO: [115/1600] Train_Loss_total: 5.3006 Test_Loss_total: 1.8324 Time: 1.4204s
2025-07-09 19:30:04,454 INFO: In epoch 116, pred_score1: tensor([0.1116], device='cuda:0', grad_fn=<SelectBackward0>), pred_score2: tensor([0.1936], device='cuda:0', grad_fn=<SelectBackward0>)
2025-07-09 19:30:04,454 INFO: pred: 0.18048466742038727
2025-07-09 19:30:04,801 INFO: [116/1600] Train_Loss_total: 5.2995 Test_Loss_total: 1.8176 Time: 1.4168s
2025-07-09 19:30:05,866 INFO: In epoch 117, pred_score1: tensor([0.3855], device='cuda:0', grad_fn=<SelectBackward0>), pred_score2: tensor([0.3092], device='cuda:0', grad_fn=<SelectBackward0>)
2025-07-09 19:30:05,867 INFO: pred: 0.13760820031166077
2025-07-09 19:30:06,229 INFO: [117/1600] Train_Loss_total: 5.2987 Test_Loss_total: 1.8404 Time: 1.4278s
2025-07-09 19:30:07,683 INFO: In epoch 118, pred_score1: tensor([0.2475], device='cuda:0', grad_fn=<SelectBackward0>), pred_score2: tensor([0.2553], device='cuda:0', grad_fn=<SelectBackward0>)
2025-07-09 19:30:07,684 INFO: pred: 0.14463800191879272
2025-07-09 19:30:08,214 INFO: [118/1600] Train_Loss_total: 5.2976 Test_Loss_total: 1.8629 Time: 1.9847s
2025-07-09 19:30:09,401 INFO: In epoch 119, pred_score1: tensor([0.8139], device='cuda:0', grad_fn=<SelectBackward0>), pred_score2: tensor([0.3455], device='cuda:0', grad_fn=<SelectBackward0>)
2025-07-09 19:30:09,401 INFO: pred: 0.11536052823066711
2025-07-09 19:30:09,769 INFO: [119/1600] Train_Loss_total: 5.2967 Test_Loss_total: 1.8291 Time: 1.5545s
2025-07-09 19:30:10,888 INFO: In epoch 120, pred_score1: tensor([0.1730], device='cuda:0', grad_fn=<SelectBackward0>), pred_score2: tensor([0.1994], device='cuda:0', grad_fn=<SelectBackward0>)
2025-07-09 19:30:10,888 INFO: pred: 0.14031600952148438
2025-07-09 19:30:11,286 INFO: [120/1600] Train_Loss_total: 5.2957 Test_Loss_total: 1.8377 Time: 1.5165s
2025-07-09 19:30:12,340 INFO: In epoch 121, pred_score1: tensor([0.3257], device='cuda:0', grad_fn=<SelectBackward0>), pred_score2: tensor([0.6252], device='cuda:0', grad_fn=<SelectBackward0>)
2025-07-09 19:30:12,341 INFO: pred: 0.1007734164595604
2025-07-09 19:30:12,713 INFO: [121/1600] Train_Loss_total: 5.2947 Test_Loss_total: 1.8455 Time: 1.4274s
2025-07-09 19:30:13,773 INFO: In epoch 122, pred_score1: tensor([0.2907], device='cuda:0', grad_fn=<SelectBackward0>), pred_score2: tensor([0.5525], device='cuda:0', grad_fn=<SelectBackward0>)
2025-07-09 19:30:13,773 INFO: pred: 0.12691007554531097
2025-07-09 19:30:14,138 INFO: [122/1600] Train_Loss_total: 5.2939 Test_Loss_total: 1.8415 Time: 1.4245s
2025-07-09 19:30:15,163 INFO: In epoch 123, pred_score1: tensor([0.2973], device='cuda:0', grad_fn=<SelectBackward0>), pred_score2: tensor([0.2672], device='cuda:0', grad_fn=<SelectBackward0>)
2025-07-09 19:30:15,163 INFO: pred: 0.07954803854227066
2025-07-09 19:30:15,514 INFO: [123/1600] Train_Loss_total: 5.2929 Test_Loss_total: 1.8274 Time: 1.3758s
2025-07-09 19:30:16,580 INFO: In epoch 124, pred_score1: tensor([0.4223], device='cuda:0', grad_fn=<SelectBackward0>), pred_score2: tensor([0.1586], device='cuda:0', grad_fn=<SelectBackward0>)
2025-07-09 19:30:16,580 INFO: pred: 0.08383947610855103
2025-07-09 19:30:16,953 INFO: [124/1600] Train_Loss_total: 5.292 Test_Loss_total: 1.829 Time: 1.4381s
2025-07-09 19:30:18,010 INFO: In epoch 125, pred_score1: tensor([0.4307], device='cuda:0', grad_fn=<SelectBackward0>), pred_score2: tensor([0.4524], device='cuda:0', grad_fn=<SelectBackward0>)
2025-07-09 19:30:18,010 INFO: pred: 0.16507785022258759
2025-07-09 19:30:18,370 INFO: [125/1600] Train_Loss_total: 5.291 Test_Loss_total: 1.8138 Time: 1.4176s
2025-07-09 19:30:19,763 INFO: In epoch 126, pred_score1: tensor([0.4355], device='cuda:0', grad_fn=<SelectBackward0>), pred_score2: tensor([0.2431], device='cuda:0', grad_fn=<SelectBackward0>)
2025-07-09 19:30:19,763 INFO: pred: 0.14073346555233002
2025-07-09 19:30:20,301 INFO: [126/1600] Train_Loss_total: 5.29 Test_Loss_total: 1.8218 Time: 1.9303s
2025-07-09 19:30:21,510 INFO: In epoch 127, pred_score1: tensor([0.4258], device='cuda:0', grad_fn=<SelectBackward0>), pred_score2: tensor([0.2430], device='cuda:0', grad_fn=<SelectBackward0>)
2025-07-09 19:30:21,510 INFO: pred: 0.14091068506240845
2025-07-09 19:30:21,867 INFO: [127/1600] Train_Loss_total: 5.2892 Test_Loss_total: 1.8374 Time: 1.5651s
2025-07-09 19:30:22,927 INFO: In epoch 128, pred_score1: tensor([0.3573], device='cuda:0', grad_fn=<SelectBackward0>), pred_score2: tensor([0.3835], device='cuda:0', grad_fn=<SelectBackward0>)
2025-07-09 19:30:22,927 INFO: pred: 0.129264697432518
2025-07-09 19:30:23,300 INFO: [128/1600] Train_Loss_total: 5.2883 Test_Loss_total: 1.83 Time: 1.4327s
2025-07-09 19:30:24,356 INFO: In epoch 129, pred_score1: tensor([0.4646], device='cuda:0', grad_fn=<SelectBackward0>), pred_score2: tensor([0.3126], device='cuda:0', grad_fn=<SelectBackward0>)
2025-07-09 19:30:24,356 INFO: pred: 0.11973590403795242
2025-07-09 19:30:24,714 INFO: [129/1600] Train_Loss_total: 5.2873 Test_Loss_total: 1.8152 Time: 1.4144s
2025-07-09 19:30:25,775 INFO: In epoch 130, pred_score1: tensor([0.2371], device='cuda:0', grad_fn=<SelectBackward0>), pred_score2: tensor([0.2307], device='cuda:0', grad_fn=<SelectBackward0>)
2025-07-09 19:30:25,776 INFO: pred: 0.12052673101425171
2025-07-09 19:30:26,161 INFO: [130/1600] Train_Loss_total: 5.2865 Test_Loss_total: 1.8299 Time: 1.4463s
2025-07-09 19:30:27,210 INFO: In epoch 131, pred_score1: tensor([0.5026], device='cuda:0', grad_fn=<SelectBackward0>), pred_score2: tensor([0.4015], device='cuda:0', grad_fn=<SelectBackward0>)
2025-07-09 19:30:27,210 INFO: pred: 0.12024539709091187
2025-07-09 19:30:27,574 INFO: [131/1600] Train_Loss_total: 5.2856 Test_Loss_total: 1.8484 Time: 1.4127s
2025-07-09 19:30:28,638 INFO: In epoch 132, pred_score1: tensor([0.6370], device='cuda:0', grad_fn=<SelectBackward0>), pred_score2: tensor([0.0904], device='cuda:0', grad_fn=<SelectBackward0>)
2025-07-09 19:30:28,638 INFO: pred: 0.13723967969417572
2025-07-09 19:30:29,026 INFO: [132/1600] Train_Loss_total: 5.2848 Test_Loss_total: 1.8188 Time: 1.4522s
2025-07-09 19:30:30,074 INFO: In epoch 133, pred_score1: tensor([0.2641], device='cuda:0', grad_fn=<SelectBackward0>), pred_score2: tensor([0.2063], device='cuda:0', grad_fn=<SelectBackward0>)
2025-07-09 19:30:30,075 INFO: pred: 0.08110550045967102
2025-07-09 19:30:30,441 INFO: [133/1600] Train_Loss_total: 5.2838 Test_Loss_total: 1.8279 Time: 1.4145s
2025-07-09 19:30:31,833 INFO: In epoch 134, pred_score1: tensor([0.3586], device='cuda:0', grad_fn=<SelectBackward0>), pred_score2: tensor([0.3675], device='cuda:0', grad_fn=<SelectBackward0>)
2025-07-09 19:30:31,833 INFO: pred: 0.1224481463432312
2025-07-09 19:30:32,370 INFO: [134/1600] Train_Loss_total: 5.2829 Test_Loss_total: 1.8316 Time: 1.9293s
2025-07-09 19:30:33,627 INFO: In epoch 135, pred_score1: tensor([0.3303], device='cuda:0', grad_fn=<SelectBackward0>), pred_score2: tensor([0.5170], device='cuda:0', grad_fn=<SelectBackward0>)
2025-07-09 19:30:33,627 INFO: pred: 0.10785135626792908
2025-07-09 19:30:33,987 INFO: [135/1600] Train_Loss_total: 5.2821 Test_Loss_total: 1.8393 Time: 1.616s
2025-07-09 19:30:35,045 INFO: In epoch 136, pred_score1: tensor([0.3141], device='cuda:0', grad_fn=<SelectBackward0>), pred_score2: tensor([0.3356], device='cuda:0', grad_fn=<SelectBackward0>)
2025-07-09 19:30:35,045 INFO: pred: 0.11310939490795135
2025-07-09 19:30:35,401 INFO: [136/1600] Train_Loss_total: 5.2811 Test_Loss_total: 1.842 Time: 1.4141s
2025-07-09 19:30:36,471 INFO: In epoch 137, pred_score1: tensor([0.4173], device='cuda:0', grad_fn=<SelectBackward0>), pred_score2: tensor([0.2419], device='cuda:0', grad_fn=<SelectBackward0>)
2025-07-09 19:30:36,471 INFO: pred: 0.1424107700586319
2025-07-09 19:30:36,849 INFO: [137/1600] Train_Loss_total: 5.2803 Test_Loss_total: 1.8245 Time: 1.4474s
2025-07-09 19:30:37,925 INFO: In epoch 138, pred_score1: tensor([0.2411], device='cuda:0', grad_fn=<SelectBackward0>), pred_score2: tensor([0.2987], device='cuda:0', grad_fn=<SelectBackward0>)
2025-07-09 19:30:37,925 INFO: pred: 0.1535617709159851
2025-07-09 19:30:38,294 INFO: [138/1600] Train_Loss_total: 5.2793 Test_Loss_total: 1.8119 Time: 1.4453s
2025-07-09 19:30:39,356 INFO: In epoch 139, pred_score1: tensor([0.1306], device='cuda:0', grad_fn=<SelectBackward0>), pred_score2: tensor([0.3477], device='cuda:0', grad_fn=<SelectBackward0>)
2025-07-09 19:30:39,356 INFO: pred: 0.11993338167667389
2025-07-09 19:30:39,731 INFO: [139/1600] Train_Loss_total: 5.2785 Test_Loss_total: 1.8347 Time: 1.4371s
2025-07-09 19:30:40,785 INFO: In epoch 140, pred_score1: tensor([0.3225], device='cuda:0', grad_fn=<SelectBackward0>), pred_score2: tensor([0.2150], device='cuda:0', grad_fn=<SelectBackward0>)
2025-07-09 19:30:40,785 INFO: pred: 0.09971653670072556
2025-07-09 19:30:41,170 INFO: [140/1600] Train_Loss_total: 5.2775 Test_Loss_total: 1.8182 Time: 1.4387s
2025-07-09 19:30:42,202 INFO: In epoch 141, pred_score1: tensor([0.6940], device='cuda:0', grad_fn=<SelectBackward0>), pred_score2: tensor([0.3322], device='cuda:0', grad_fn=<SelectBackward0>)
2025-07-09 19:30:42,203 INFO: pred: 0.20888002216815948
2025-07-09 19:30:42,560 INFO: [141/1600] Train_Loss_total: 5.2768 Test_Loss_total: 1.8339 Time: 1.3892s
2025-07-09 19:30:43,976 INFO: In epoch 142, pred_score1: tensor([0.6983], device='cuda:0', grad_fn=<SelectBackward0>), pred_score2: tensor([0.3284], device='cuda:0', grad_fn=<SelectBackward0>)
2025-07-09 19:30:43,977 INFO: pred: 0.2075631469488144
2025-07-09 19:30:44,501 INFO: [142/1600] Train_Loss_total: 5.2759 Test_Loss_total: 1.8281 Time: 1.9409s
2025-07-09 19:30:45,723 INFO: In epoch 143, pred_score1: tensor([0.1525], device='cuda:0', grad_fn=<SelectBackward0>), pred_score2: tensor([0.2819], device='cuda:0', grad_fn=<SelectBackward0>)
2025-07-09 19:30:45,723 INFO: pred: 0.09580610692501068
2025-07-09 19:30:46,098 INFO: [143/1600] Train_Loss_total: 5.275 Test_Loss_total: 1.8299 Time: 1.5965s
2025-07-09 19:30:47,186 INFO: In epoch 144, pred_score1: tensor([0.3503], device='cuda:0', grad_fn=<SelectBackward0>), pred_score2: tensor([0.3002], device='cuda:0', grad_fn=<SelectBackward0>)
2025-07-09 19:30:47,186 INFO: pred: 0.1207217201590538
2025-07-09 19:30:47,545 INFO: [144/1600] Train_Loss_total: 5.2742 Test_Loss_total: 1.8451 Time: 1.4467s
2025-07-09 19:30:48,637 INFO: In epoch 145, pred_score1: tensor([0.4226], device='cuda:0', grad_fn=<SelectBackward0>), pred_score2: tensor([0.2386], device='cuda:0', grad_fn=<SelectBackward0>)
2025-07-09 19:30:48,637 INFO: pred: 0.1419723629951477
2025-07-09 19:30:49,012 INFO: [145/1600] Train_Loss_total: 5.2733 Test_Loss_total: 1.8226 Time: 1.4669s
2025-07-09 19:30:50,239 INFO: In epoch 146, pred_score1: tensor([0.3402], device='cuda:0', grad_fn=<SelectBackward0>), pred_score2: tensor([0.4407], device='cuda:0', grad_fn=<SelectBackward0>)
2025-07-09 19:30:50,239 INFO: pred: 0.13908137381076813
2025-07-09 19:30:50,597 INFO: [146/1600] Train_Loss_total: 5.2725 Test_Loss_total: 1.8255 Time: 1.5848s
2025-07-09 19:30:51,645 INFO: In epoch 147, pred_score1: tensor([0.3964], device='cuda:0', grad_fn=<SelectBackward0>), pred_score2: tensor([0.2948], device='cuda:0', grad_fn=<SelectBackward0>)
2025-07-09 19:30:51,646 INFO: pred: 0.14302588999271393
2025-07-09 19:30:52,006 INFO: [147/1600] Train_Loss_total: 5.2717 Test_Loss_total: 1.8289 Time: 1.4085s
2025-07-09 19:30:53,072 INFO: In epoch 148, pred_score1: tensor([0.5806], device='cuda:0', grad_fn=<SelectBackward0>), pred_score2: tensor([0.2612], device='cuda:0', grad_fn=<SelectBackward0>)
2025-07-09 19:30:53,072 INFO: pred: 0.08464350551366806
2025-07-09 19:30:53,447 INFO: [148/1600] Train_Loss_total: 5.2709 Test_Loss_total: 1.8184 Time: 1.4412s
2025-07-09 19:30:54,510 INFO: In epoch 149, pred_score1: tensor([0.3111], device='cuda:0', grad_fn=<SelectBackward0>), pred_score2: tensor([0.5129], device='cuda:0', grad_fn=<SelectBackward0>)
2025-07-09 19:30:54,511 INFO: pred: 0.10777007788419724
2025-07-09 19:30:54,872 INFO: [149/1600] Train_Loss_total: 5.2702 Test_Loss_total: 1.8472 Time: 1.4246s
2025-07-09 19:30:56,366 INFO: In epoch 150, pred_score1: tensor([0.3080], device='cuda:0', grad_fn=<SelectBackward0>), pred_score2: tensor([0.2111], device='cuda:0', grad_fn=<SelectBackward0>)
2025-07-09 19:30:56,367 INFO: pred: 0.1007322296500206
2025-07-09 19:30:56,925 INFO: [150/1600] Train_Loss_total: 5.2693 Test_Loss_total: 1.8127 Time: 2.0525s
2025-07-09 19:30:58,081 INFO: In epoch 151, pred_score1: tensor([0.3206], device='cuda:0', grad_fn=<SelectBackward0>), pred_score2: tensor([0.2848], device='cuda:0', grad_fn=<SelectBackward0>)
2025-07-09 19:30:58,082 INFO: pred: 0.09743200242519379
2025-07-09 19:30:58,462 INFO: [151/1600] Train_Loss_total: 5.2685 Test_Loss_total: 1.8262 Time: 1.537s
2025-07-09 19:30:59,532 INFO: In epoch 152, pred_score1: tensor([0.5356], device='cuda:0', grad_fn=<SelectBackward0>), pred_score2: tensor([0.8757], device='cuda:0', grad_fn=<SelectBackward0>)
2025-07-09 19:30:59,532 INFO: pred: 0.1187005490064621
2025-07-09 19:30:59,898 INFO: [152/1600] Train_Loss_total: 5.2677 Test_Loss_total: 1.8358 Time: 1.4359s
2025-07-09 19:31:00,948 INFO: In epoch 153, pred_score1: tensor([0.3390], device='cuda:0', grad_fn=<SelectBackward0>), pred_score2: tensor([0.4359], device='cuda:0', grad_fn=<SelectBackward0>)
2025-07-09 19:31:00,948 INFO: pred: 0.07643259316682816
2025-07-09 19:31:01,315 INFO: [153/1600] Train_Loss_total: 5.2669 Test_Loss_total: 1.8088 Time: 1.4166s
2025-07-09 19:31:02,375 INFO: In epoch 154, pred_score1: tensor([0.2241], device='cuda:0', grad_fn=<SelectBackward0>), pred_score2: tensor([0.3796], device='cuda:0', grad_fn=<SelectBackward0>)
2025-07-09 19:31:02,375 INFO: pred: 0.15062686800956726
2025-07-09 19:31:02,741 INFO: [154/1600] Train_Loss_total: 5.2661 Test_Loss_total: 1.8459 Time: 1.4258s
2025-07-09 19:31:03,795 INFO: In epoch 155, pred_score1: tensor([0.3455], device='cuda:0', grad_fn=<SelectBackward0>), pred_score2: tensor([0.4366], device='cuda:0', grad_fn=<SelectBackward0>)
2025-07-09 19:31:03,796 INFO: pred: 0.10082792490720749
2025-07-09 19:31:04,161 INFO: [155/1600] Train_Loss_total: 5.2653 Test_Loss_total: 1.8368 Time: 1.42s
2025-07-09 19:31:05,212 INFO: In epoch 156, pred_score1: tensor([0.3724], device='cuda:0', grad_fn=<SelectBackward0>), pred_score2: tensor([0.3776], device='cuda:0', grad_fn=<SelectBackward0>)
2025-07-09 19:31:05,212 INFO: pred: 0.14609865844249725
2025-07-09 19:31:05,568 INFO: [156/1600] Train_Loss_total: 5.2646 Test_Loss_total: 1.8363 Time: 1.4064s
2025-07-09 19:31:06,636 INFO: In epoch 157, pred_score1: tensor([0.3158], device='cuda:0', grad_fn=<SelectBackward0>), pred_score2: tensor([0.5121], device='cuda:0', grad_fn=<SelectBackward0>)
2025-07-09 19:31:06,636 INFO: pred: 0.10915811359882355
2025-07-09 19:31:07,014 INFO: [157/1600] Train_Loss_total: 5.2639 Test_Loss_total: 1.8426 Time: 1.4457s
2025-07-09 19:31:08,508 INFO: In epoch 158, pred_score1: tensor([0.4368], device='cuda:0', grad_fn=<SelectBackward0>), pred_score2: tensor([0.3201], device='cuda:0', grad_fn=<SelectBackward0>)
2025-07-09 19:31:08,508 INFO: pred: 0.12282776832580566
2025-07-09 19:31:09,085 INFO: [158/1600] Train_Loss_total: 5.2631 Test_Loss_total: 1.8327 Time: 2.0704s
2025-07-09 19:31:10,217 INFO: In epoch 159, pred_score1: tensor([0.3483], device='cuda:0', grad_fn=<SelectBackward0>), pred_score2: tensor([0.1059], device='cuda:0', grad_fn=<SelectBackward0>)
2025-07-09 19:31:10,217 INFO: pred: 0.15918026864528656
2025-07-09 19:31:10,588 INFO: [159/1600] Train_Loss_total: 5.2622 Test_Loss_total: 1.8213 Time: 1.5033s
2025-07-09 19:31:11,668 INFO: In epoch 160, pred_score1: tensor([0.4035], device='cuda:0', grad_fn=<SelectBackward0>), pred_score2: tensor([0.2945], device='cuda:0', grad_fn=<SelectBackward0>)
2025-07-09 19:31:11,669 INFO: pred: 0.14471235871315002
2025-07-09 19:31:12,042 INFO: [160/1600] Train_Loss_total: 5.2616 Test_Loss_total: 1.8373 Time: 1.4537s
2025-07-09 19:31:13,090 INFO: In epoch 161, pred_score1: tensor([0.3895], device='cuda:0', grad_fn=<SelectBackward0>), pred_score2: tensor([0.1321], device='cuda:0', grad_fn=<SelectBackward0>)
2025-07-09 19:31:13,090 INFO: pred: 0.13301429152488708
2025-07-09 19:31:13,453 INFO: [161/1600] Train_Loss_total: 5.2608 Test_Loss_total: 1.8252 Time: 1.4107s
2025-07-09 19:31:14,501 INFO: In epoch 162, pred_score1: tensor([0.2770], device='cuda:0', grad_fn=<SelectBackward0>), pred_score2: tensor([0.3697], device='cuda:0', grad_fn=<SelectBackward0>)
2025-07-09 19:31:14,501 INFO: pred: 0.10926839709281921
2025-07-09 19:31:14,850 INFO: [162/1600] Train_Loss_total: 5.2601 Test_Loss_total: 1.8212 Time: 1.3971s
2025-07-09 19:31:15,907 INFO: In epoch 163, pred_score1: tensor([0.4449], device='cuda:0', grad_fn=<SelectBackward0>), pred_score2: tensor([0.6805], device='cuda:0', grad_fn=<SelectBackward0>)
2025-07-09 19:31:15,907 INFO: pred: 0.06455913931131363
2025-07-09 19:31:16,289 INFO: [163/1600] Train_Loss_total: 5.2593 Test_Loss_total: 1.8287 Time: 1.4379s
2025-07-09 19:31:17,344 INFO: In epoch 164, pred_score1: tensor([0.1181], device='cuda:0', grad_fn=<SelectBackward0>), pred_score2: tensor([0.3491], device='cuda:0', grad_fn=<SelectBackward0>)
2025-07-09 19:31:17,344 INFO: pred: 0.12323716282844543
2025-07-09 19:31:17,706 INFO: [164/1600] Train_Loss_total: 5.2586 Test_Loss_total: 1.8367 Time: 1.4168s
2025-07-09 19:31:18,778 INFO: In epoch 165, pred_score1: tensor([0.3353], device='cuda:0', grad_fn=<SelectBackward0>), pred_score2: tensor([0.3143], device='cuda:0', grad_fn=<SelectBackward0>)
2025-07-09 19:31:18,779 INFO: pred: 0.12685102224349976
2025-07-09 19:31:19,153 INFO: [165/1600] Train_Loss_total: 5.2578 Test_Loss_total: 1.8151 Time: 1.4474s
2025-07-09 19:31:20,577 INFO: In epoch 166, pred_score1: tensor([0.5019], device='cuda:0', grad_fn=<SelectBackward0>), pred_score2: tensor([0.4469], device='cuda:0', grad_fn=<SelectBackward0>)
2025-07-09 19:31:20,577 INFO: pred: 0.12795400619506836
2025-07-09 19:31:21,129 INFO: [166/1600] Train_Loss_total: 5.2572 Test_Loss_total: 1.8447 Time: 1.9754s
2025-07-09 19:31:22,300 INFO: In epoch 167, pred_score1: tensor([0.4426], device='cuda:0', grad_fn=<SelectBackward0>), pred_score2: tensor([0.3852], device='cuda:0', grad_fn=<SelectBackward0>)
2025-07-09 19:31:22,300 INFO: pred: 0.13277177512645721
2025-07-09 19:31:22,672 INFO: [167/1600] Train_Loss_total: 5.2564 Test_Loss_total: 1.8323 Time: 1.5429s
2025-07-09 19:31:23,733 INFO: In epoch 168, pred_score1: tensor([0.3702], device='cuda:0', grad_fn=<SelectBackward0>), pred_score2: tensor([0.4459], device='cuda:0', grad_fn=<SelectBackward0>)
2025-07-09 19:31:23,733 INFO: pred: 0.05870847776532173
2025-07-09 19:31:24,093 INFO: [168/1600] Train_Loss_total: 5.2556 Test_Loss_total: 1.8398 Time: 1.421s
2025-07-09 19:31:25,146 INFO: In epoch 169, pred_score1: tensor([0.3184], device='cuda:0', grad_fn=<SelectBackward0>), pred_score2: tensor([0.2426], device='cuda:0', grad_fn=<SelectBackward0>)
2025-07-09 19:31:25,147 INFO: pred: 0.10432785749435425
2025-07-09 19:31:25,516 INFO: [169/1600] Train_Loss_total: 5.2549 Test_Loss_total: 1.8137 Time: 1.4227s
2025-07-09 19:31:26,571 INFO: In epoch 170, pred_score1: tensor([0.3202], device='cuda:0', grad_fn=<SelectBackward0>), pred_score2: tensor([0.6278], device='cuda:0', grad_fn=<SelectBackward0>)
2025-07-09 19:31:26,571 INFO: pred: 0.11953497678041458
2025-07-09 19:31:26,933 INFO: [170/1600] Train_Loss_total: 5.2542 Test_Loss_total: 1.8318 Time: 1.4166s
2025-07-09 19:31:27,977 INFO: In epoch 171, pred_score1: tensor([0.3135], device='cuda:0', grad_fn=<SelectBackward0>), pred_score2: tensor([0.2412], device='cuda:0', grad_fn=<SelectBackward0>)
2025-07-09 19:31:27,977 INFO: pred: 0.1459406465291977
2025-07-09 19:31:28,348 INFO: [171/1600] Train_Loss_total: 5.2535 Test_Loss_total: 1.8201 Time: 1.4152s
2025-07-09 19:31:29,447 INFO: In epoch 172, pred_score1: tensor([0.2507], device='cuda:0', grad_fn=<SelectBackward0>), pred_score2: tensor([0.4527], device='cuda:0', grad_fn=<SelectBackward0>)
2025-07-09 19:31:29,447 INFO: pred: 0.11857733130455017
2025-07-09 19:31:29,826 INFO: [172/1600] Train_Loss_total: 5.2527 Test_Loss_total: 1.8397 Time: 1.477s
2025-07-09 19:31:30,911 INFO: In epoch 173, pred_score1: tensor([0.3244], device='cuda:0', grad_fn=<SelectBackward0>), pred_score2: tensor([0.4776], device='cuda:0', grad_fn=<SelectBackward0>)
2025-07-09 19:31:30,911 INFO: pred: 0.11138743907213211
2025-07-09 19:31:31,469 INFO: [173/1600] Train_Loss_total: 5.2521 Test_Loss_total: 1.836 Time: 1.6432s
2025-07-09 19:31:32,977 INFO: In epoch 174, pred_score1: tensor([0.2876], device='cuda:0', grad_fn=<SelectBackward0>), pred_score2: tensor([0.6391], device='cuda:0', grad_fn=<SelectBackward0>)
2025-07-09 19:31:32,977 INFO: pred: 0.0923115611076355
2025-07-09 19:31:33,536 INFO: [174/1600] Train_Loss_total: 5.2513 Test_Loss_total: 1.8093 Time: 2.0668s
2025-07-09 19:31:34,625 INFO: In epoch 175, pred_score1: tensor([0.3494], device='cuda:0', grad_fn=<SelectBackward0>), pred_score2: tensor([0.4020], device='cuda:0', grad_fn=<SelectBackward0>)
2025-07-09 19:31:34,625 INFO: pred: 0.12379156798124313
2025-07-09 19:31:34,993 INFO: [175/1600] Train_Loss_total: 5.2506 Test_Loss_total: 1.8613 Time: 1.4568s
2025-07-09 19:31:36,061 INFO: In epoch 176, pred_score1: tensor([0.7269], device='cuda:0', grad_fn=<SelectBackward0>), pred_score2: tensor([0.1025], device='cuda:0', grad_fn=<SelectBackward0>)
2025-07-09 19:31:36,061 INFO: pred: 0.11892611533403397
2025-07-09 19:31:36,411 INFO: [176/1600] Train_Loss_total: 5.2499 Test_Loss_total: 1.8355 Time: 1.4171s
2025-07-09 19:31:37,471 INFO: In epoch 177, pred_score1: tensor([0.2667], device='cuda:0', grad_fn=<SelectBackward0>), pred_score2: tensor([0.1531], device='cuda:0', grad_fn=<SelectBackward0>)
2025-07-09 19:31:37,472 INFO: pred: 0.15611861646175385
2025-07-09 19:31:37,844 INFO: [177/1600] Train_Loss_total: 5.2492 Test_Loss_total: 1.8203 Time: 1.4325s
2025-07-09 19:31:38,906 INFO: In epoch 178, pred_score1: tensor([0.3027], device='cuda:0', grad_fn=<SelectBackward0>), pred_score2: tensor([0.3369], device='cuda:0', grad_fn=<SelectBackward0>)
2025-07-09 19:31:38,906 INFO: pred: 0.15582430362701416
2025-07-09 19:31:39,270 INFO: [178/1600] Train_Loss_total: 5.2486 Test_Loss_total: 1.8246 Time: 1.4263s
2025-07-09 19:31:40,336 INFO: In epoch 179, pred_score1: tensor([0.3206], device='cuda:0', grad_fn=<SelectBackward0>), pred_score2: tensor([0.1738], device='cuda:0', grad_fn=<SelectBackward0>)
2025-07-09 19:31:40,336 INFO: pred: 0.17386959493160248
2025-07-09 19:31:40,682 INFO: [179/1600] Train_Loss_total: 5.2478 Test_Loss_total: 1.8186 Time: 1.4113s
2025-07-09 19:31:41,794 INFO: In epoch 180, pred_score1: tensor([0.3365], device='cuda:0', grad_fn=<SelectBackward0>), pred_score2: tensor([0.2983], device='cuda:0', grad_fn=<SelectBackward0>)
2025-07-09 19:31:41,795 INFO: pred: 0.14003615081310272
2025-07-09 19:31:42,158 INFO: [180/1600] Train_Loss_total: 5.2471 Test_Loss_total: 1.8186 Time: 1.4761s
2025-07-09 19:31:43,216 INFO: In epoch 181, pred_score1: tensor([0.1688], device='cuda:0', grad_fn=<SelectBackward0>), pred_score2: tensor([0.3919], device='cuda:0', grad_fn=<SelectBackward0>)
2025-07-09 19:31:43,216 INFO: pred: 0.12432432174682617
2025-07-09 19:31:43,566 INFO: [181/1600] Train_Loss_total: 5.2465 Test_Loss_total: 1.8347 Time: 1.4078s
2025-07-09 19:31:45,053 INFO: In epoch 182, pred_score1: tensor([0.4114], device='cuda:0', grad_fn=<SelectBackward0>), pred_score2: tensor([0.2323], device='cuda:0', grad_fn=<SelectBackward0>)
2025-07-09 19:31:45,053 INFO: pred: 0.15144385397434235
2025-07-09 19:31:45,586 INFO: [182/1600] Train_Loss_total: 5.2457 Test_Loss_total: 1.82 Time: 2.0198s
2025-07-09 19:31:46,714 INFO: In epoch 183, pred_score1: tensor([0.6347], device='cuda:0', grad_fn=<SelectBackward0>), pred_score2: tensor([0.1653], device='cuda:0', grad_fn=<SelectBackward0>)
2025-07-09 19:31:46,714 INFO: pred: 0.11594848334789276
2025-07-09 19:31:47,068 INFO: [183/1600] Train_Loss_total: 5.245 Test_Loss_total: 1.8208 Time: 1.4815s
2025-07-09 19:31:48,142 INFO: In epoch 184, pred_score1: tensor([0.2899], device='cuda:0', grad_fn=<SelectBackward0>), pred_score2: tensor([0.2864], device='cuda:0', grad_fn=<SelectBackward0>)
2025-07-09 19:31:48,142 INFO: pred: 0.12787340581417084
2025-07-09 19:31:48,523 INFO: [184/1600] Train_Loss_total: 5.2445 Test_Loss_total: 1.8249 Time: 1.4545s
2025-07-09 19:31:49,600 INFO: In epoch 185, pred_score1: tensor([0.3668], device='cuda:0', grad_fn=<SelectBackward0>), pred_score2: tensor([0.2014], device='cuda:0', grad_fn=<SelectBackward0>)
2025-07-09 19:31:49,600 INFO: pred: 0.038325224071741104
2025-07-09 19:31:49,960 INFO: [185/1600] Train_Loss_total: 5.2436 Test_Loss_total: 1.8139 Time: 1.4367s
2025-07-09 19:31:51,038 INFO: In epoch 186, pred_score1: tensor([0.2844], device='cuda:0', grad_fn=<SelectBackward0>), pred_score2: tensor([0.5081], device='cuda:0', grad_fn=<SelectBackward0>)
2025-07-09 19:31:51,038 INFO: pred: 0.10989312082529068
2025-07-09 19:31:51,396 INFO: [186/1600] Train_Loss_total: 5.2431 Test_Loss_total: 1.8313 Time: 1.4364s
2025-07-09 19:31:52,472 INFO: In epoch 187, pred_score1: tensor([0.3252], device='cuda:0', grad_fn=<SelectBackward0>), pred_score2: tensor([0.2746], device='cuda:0', grad_fn=<SelectBackward0>)
2025-07-09 19:31:52,472 INFO: pred: 0.14002494513988495
2025-07-09 19:31:52,828 INFO: [187/1600] Train_Loss_total: 5.2424 Test_Loss_total: 1.8526 Time: 1.4315s
2025-07-09 19:31:53,893 INFO: In epoch 188, pred_score1: tensor([0.8134], device='cuda:0', grad_fn=<SelectBackward0>), pred_score2: tensor([0.3843], device='cuda:0', grad_fn=<SelectBackward0>)
2025-07-09 19:31:53,893 INFO: pred: 0.16258899867534637
2025-07-09 19:31:54,245 INFO: [188/1600] Train_Loss_total: 5.2417 Test_Loss_total: 1.8146 Time: 1.4165s
2025-07-09 19:31:55,302 INFO: In epoch 189, pred_score1: tensor([0.3551], device='cuda:0', grad_fn=<SelectBackward0>), pred_score2: tensor([0.4944], device='cuda:0', grad_fn=<SelectBackward0>)
2025-07-09 19:31:55,302 INFO: pred: 0.11421765387058258
2025-07-09 19:31:55,680 INFO: [189/1600] Train_Loss_total: 5.2409 Test_Loss_total: 1.8309 Time: 1.4346s
2025-07-09 19:31:57,160 INFO: In epoch 190, pred_score1: tensor([0.4377], device='cuda:0', grad_fn=<SelectBackward0>), pred_score2: tensor([0.3327], device='cuda:0', grad_fn=<SelectBackward0>)
2025-07-09 19:31:57,161 INFO: pred: 0.11204127222299576
2025-07-09 19:31:57,701 INFO: [190/1600] Train_Loss_total: 5.2404 Test_Loss_total: 1.8106 Time: 2.0208s
2025-07-09 19:31:58,818 INFO: In epoch 191, pred_score1: tensor([0.2131], device='cuda:0', grad_fn=<SelectBackward0>), pred_score2: tensor([0.5546], device='cuda:0', grad_fn=<SelectBackward0>)
2025-07-09 19:31:58,818 INFO: pred: 0.12234660238027573
2025-07-09 19:31:59,173 INFO: [191/1600] Train_Loss_total: 5.2397 Test_Loss_total: 1.815 Time: 1.4722s
2025-07-09 19:32:00,250 INFO: In epoch 192, pred_score1: tensor([0.1500], device='cuda:0', grad_fn=<SelectBackward0>), pred_score2: tensor([0.2751], device='cuda:0', grad_fn=<SelectBackward0>)
2025-07-09 19:32:00,250 INFO: pred: 0.10231003165245056
2025-07-09 19:32:00,608 INFO: [192/1600] Train_Loss_total: 5.239 Test_Loss_total: 1.827 Time: 1.4345s
2025-07-09 19:32:01,705 INFO: In epoch 193, pred_score1: tensor([0.3235], device='cuda:0', grad_fn=<SelectBackward0>), pred_score2: tensor([0.2752], device='cuda:0', grad_fn=<SelectBackward0>)
2025-07-09 19:32:01,705 INFO: pred: 0.14047440886497498
2025-07-09 19:32:02,068 INFO: [193/1600] Train_Loss_total: 5.2384 Test_Loss_total: 1.8218 Time: 1.4596s
2025-07-09 19:32:03,140 INFO: In epoch 194, pred_score1: tensor([0.2862], device='cuda:0', grad_fn=<SelectBackward0>), pred_score2: tensor([0.3584], device='cuda:0', grad_fn=<SelectBackward0>)
2025-07-09 19:32:03,140 INFO: pred: 0.14759458601474762
2025-07-09 19:32:03,493 INFO: [194/1600] Train_Loss_total: 5.2378 Test_Loss_total: 1.8211 Time: 1.4252s
2025-07-09 19:32:04,560 INFO: In epoch 195, pred_score1: tensor([0.2854], device='cuda:0', grad_fn=<SelectBackward0>), pred_score2: tensor([0.2207], device='cuda:0', grad_fn=<SelectBackward0>)
2025-07-09 19:32:04,560 INFO: pred: 0.11481788009405136
2025-07-09 19:32:04,924 INFO: [195/1600] Train_Loss_total: 5.237 Test_Loss_total: 1.8179 Time: 1.4306s
2025-07-09 19:32:05,996 INFO: In epoch 196, pred_score1: tensor([0.3631], device='cuda:0', grad_fn=<SelectBackward0>), pred_score2: tensor([0.4110], device='cuda:0', grad_fn=<SelectBackward0>)
2025-07-09 19:32:05,997 INFO: pred: 0.12831471860408783
2025-07-09 19:32:06,351 INFO: [196/1600] Train_Loss_total: 5.2366 Test_Loss_total: 1.8469 Time: 1.4264s
2025-07-09 19:32:07,417 INFO: In epoch 197, pred_score1: tensor([0.3637], device='cuda:0', grad_fn=<SelectBackward0>), pred_score2: tensor([0.4714], device='cuda:0', grad_fn=<SelectBackward0>)
2025-07-09 19:32:07,417 INFO: pred: 0.12911692261695862
2025-07-09 19:32:07,769 INFO: [197/1600] Train_Loss_total: 5.2359 Test_Loss_total: 1.8698 Time: 1.4185s
2025-07-09 19:32:09,252 INFO: In epoch 198, pred_score1: tensor([0.2502], device='cuda:0', grad_fn=<SelectBackward0>), pred_score2: tensor([0.6719], device='cuda:0', grad_fn=<SelectBackward0>)
2025-07-09 19:32:09,252 INFO: pred: 0.12136829644441605
2025-07-09 19:32:09,795 INFO: [198/1600] Train_Loss_total: 5.2352 Test_Loss_total: 1.7995 Time: 2.0256s
2025-07-09 19:32:10,947 INFO: In epoch 199, pred_score1: tensor([0.3691], device='cuda:0', grad_fn=<SelectBackward0>), pred_score2: tensor([0.3053], device='cuda:0', grad_fn=<SelectBackward0>)
2025-07-09 19:32:10,947 INFO: pred: 0.15348824858665466
2025-07-09 19:32:11,330 INFO: [199/1600] Train_Loss_total: 5.2345 Test_Loss_total: 1.8316 Time: 1.5348s
2025-07-09 19:32:12,437 INFO: In epoch 200, pred_score1: tensor([0.2858], device='cuda:0', grad_fn=<SelectBackward0>), pred_score2: tensor([0.3584], device='cuda:0', grad_fn=<SelectBackward0>)
2025-07-09 19:32:12,438 INFO: pred: 0.148088738322258
2025-07-09 19:32:12,800 INFO: [200/1600] Train_Loss_total: 5.2338 Test_Loss_total: 1.8091 Time: 1.4696s
2025-07-09 19:32:13,873 INFO: In epoch 201, pred_score1: tensor([0.3082], device='cuda:0', grad_fn=<SelectBackward0>), pred_score2: tensor([0.3673], device='cuda:0', grad_fn=<SelectBackward0>)
2025-07-09 19:32:13,874 INFO: pred: 0.14028619229793549
2025-07-09 19:32:14,241 INFO: [201/1600] Train_Loss_total: 5.2333 Test_Loss_total: 1.8254 Time: 1.4401s
2025-07-09 19:32:15,304 INFO: In epoch 202, pred_score1: tensor([0.2757], device='cuda:0', grad_fn=<SelectBackward0>), pred_score2: tensor([0.5077], device='cuda:0', grad_fn=<SelectBackward0>)
2025-07-09 19:32:15,304 INFO: pred: 0.11020958423614502
2025-07-09 19:32:15,654 INFO: [202/1600] Train_Loss_total: 5.2326 Test_Loss_total: 1.8197 Time: 1.4132s
2025-07-09 19:32:16,723 INFO: In epoch 203, pred_score1: tensor([0.5404], device='cuda:0', grad_fn=<SelectBackward0>), pred_score2: tensor([0.2805], device='cuda:0', grad_fn=<SelectBackward0>)
2025-07-09 19:32:16,723 INFO: pred: 0.11325053870677948
2025-07-09 19:32:17,076 INFO: [203/1600] Train_Loss_total: 5.232 Test_Loss_total: 1.808 Time: 1.4219s
2025-07-09 19:32:18,138 INFO: In epoch 204, pred_score1: tensor([0.2464], device='cuda:0', grad_fn=<SelectBackward0>), pred_score2: tensor([0.4426], device='cuda:0', grad_fn=<SelectBackward0>)
2025-07-09 19:32:18,138 INFO: pred: 0.11734142154455185
2025-07-09 19:32:18,499 INFO: [204/1600] Train_Loss_total: 5.2314 Test_Loss_total: 1.8296 Time: 1.4226s
2025-07-09 19:32:19,553 INFO: In epoch 205, pred_score1: tensor([0.2746], device='cuda:0', grad_fn=<SelectBackward0>), pred_score2: tensor([0.2296], device='cuda:0', grad_fn=<SelectBackward0>)
2025-07-09 19:32:19,553 INFO: pred: 0.14315210282802582
2025-07-09 19:32:19,899 INFO: [205/1600] Train_Loss_total: 5.2307 Test_Loss_total: 1.8051 Time: 1.3997s
2025-07-09 19:32:21,358 INFO: In epoch 206, pred_score1: tensor([0.4648], device='cuda:0', grad_fn=<SelectBackward0>), pred_score2: tensor([0.4426], device='cuda:0', grad_fn=<SelectBackward0>)
2025-07-09 19:32:21,358 INFO: pred: 0.12994708120822906
2025-07-09 19:32:21,893 INFO: [206/1600] Train_Loss_total: 5.2302 Test_Loss_total: 1.8355 Time: 1.9934s
2025-07-09 19:32:23,043 INFO: In epoch 207, pred_score1: tensor([0.3765], device='cuda:0', grad_fn=<SelectBackward0>), pred_score2: tensor([0.3176], device='cuda:0', grad_fn=<SelectBackward0>)
2025-07-09 19:32:23,043 INFO: pred: 0.17258170247077942
2025-07-09 19:32:23,394 INFO: [207/1600] Train_Loss_total: 5.2295 Test_Loss_total: 1.8054 Time: 1.4991s
2025-07-09 19:32:24,457 INFO: In epoch 208, pred_score1: tensor([0.5420], device='cuda:0', grad_fn=<SelectBackward0>), pred_score2: tensor([0.2777], device='cuda:0', grad_fn=<SelectBackward0>)
2025-07-09 19:32:24,457 INFO: pred: 0.11356888711452484
2025-07-09 19:32:24,812 INFO: [208/1600] Train_Loss_total: 5.2289 Test_Loss_total: 1.8199 Time: 1.4184s
2025-07-09 19:32:25,862 INFO: In epoch 209, pred_score1: tensor([0.3439], device='cuda:0', grad_fn=<SelectBackward0>), pred_score2: tensor([0.1753], device='cuda:0', grad_fn=<SelectBackward0>)
2025-07-09 19:32:25,862 INFO: pred: 0.13425379991531372
2025-07-09 19:32:26,197 INFO: [209/1600] Train_Loss_total: 5.2283 Test_Loss_total: 1.8125 Time: 1.3841s
2025-07-09 19:32:27,238 INFO: In epoch 210, pred_score1: tensor([0.1760], device='cuda:0', grad_fn=<SelectBackward0>), pred_score2: tensor([0.4689], device='cuda:0', grad_fn=<SelectBackward0>)
2025-07-09 19:32:27,238 INFO: pred: 0.14397379755973816
2025-07-09 19:32:27,577 INFO: [210/1600] Train_Loss_total: 5.2277 Test_Loss_total: 1.8138 Time: 1.3805s
2025-07-09 19:32:28,639 INFO: In epoch 211, pred_score1: tensor([0.2016], device='cuda:0', grad_fn=<SelectBackward0>), pred_score2: tensor([0.2586], device='cuda:0', grad_fn=<SelectBackward0>)
2025-07-09 19:32:28,639 INFO: pred: 0.16259080171585083
2025-07-09 19:32:28,997 INFO: [211/1600] Train_Loss_total: 5.2269 Test_Loss_total: 1.793 Time: 1.4191s
2025-07-09 19:32:30,057 INFO: In epoch 212, pred_score1: tensor([0.2905], device='cuda:0', grad_fn=<SelectBackward0>), pred_score2: tensor([0.2909], device='cuda:0', grad_fn=<SelectBackward0>)
2025-07-09 19:32:30,057 INFO: pred: 0.1487942487001419
2025-07-09 19:32:30,395 INFO: [212/1600] Train_Loss_total: 5.2263 Test_Loss_total: 1.8448 Time: 1.3981s
2025-07-09 19:32:31,458 INFO: In epoch 213, pred_score1: tensor([0.5922], device='cuda:0', grad_fn=<SelectBackward0>), pred_score2: tensor([0.1608], device='cuda:0', grad_fn=<SelectBackward0>)
2025-07-09 19:32:31,458 INFO: pred: 0.1228741779923439
2025-07-09 19:32:31,807 INFO: [213/1600] Train_Loss_total: 5.2257 Test_Loss_total: 1.7969 Time: 1.4115s
2025-07-09 19:32:33,207 INFO: In epoch 214, pred_score1: tensor([0.3289], device='cuda:0', grad_fn=<SelectBackward0>), pred_score2: tensor([0.2120], device='cuda:0', grad_fn=<SelectBackward0>)
2025-07-09 19:32:33,207 INFO: pred: 0.13823184370994568
2025-07-09 19:32:33,705 INFO: [214/1600] Train_Loss_total: 5.2251 Test_Loss_total: 1.8183 Time: 1.8977s
2025-07-09 19:32:34,978 INFO: In epoch 215, pred_score1: tensor([0.3610], device='cuda:0', grad_fn=<SelectBackward0>), pred_score2: tensor([0.1267], device='cuda:0', grad_fn=<SelectBackward0>)
2025-07-09 19:32:34,978 INFO: pred: 0.12391983717679977
2025-07-09 19:32:35,341 INFO: [215/1600] Train_Loss_total: 5.2245 Test_Loss_total: 1.8342 Time: 1.6361s
2025-07-09 19:32:36,429 INFO: In epoch 216, pred_score1: tensor([0.3005], device='cuda:0', grad_fn=<SelectBackward0>), pred_score2: tensor([0.2624], device='cuda:0', grad_fn=<SelectBackward0>)
2025-07-09 19:32:36,429 INFO: pred: 0.10656879097223282
2025-07-09 19:32:36,770 INFO: [216/1600] Train_Loss_total: 5.2239 Test_Loss_total: 1.8244 Time: 1.4283s
2025-07-09 19:32:37,843 INFO: In epoch 217, pred_score1: tensor([0.3059], device='cuda:0', grad_fn=<SelectBackward0>), pred_score2: tensor([0.3107], device='cuda:0', grad_fn=<SelectBackward0>)
2025-07-09 19:32:37,844 INFO: pred: 0.13211290538311005
2025-07-09 19:32:38,196 INFO: [217/1600] Train_Loss_total: 5.2233 Test_Loss_total: 1.8294 Time: 1.4264s
2025-07-09 19:32:39,268 INFO: In epoch 218, pred_score1: tensor([0.3842], device='cuda:0', grad_fn=<SelectBackward0>), pred_score2: tensor([0.1720], device='cuda:0', grad_fn=<SelectBackward0>)
2025-07-09 19:32:39,268 INFO: pred: 0.16328692436218262
2025-07-09 19:32:39,609 INFO: [218/1600] Train_Loss_total: 5.2226 Test_Loss_total: 1.8309 Time: 1.4119s
2025-07-09 19:32:40,654 INFO: In epoch 219, pred_score1: tensor([0.3403], device='cuda:0', grad_fn=<SelectBackward0>), pred_score2: tensor([0.2347], device='cuda:0', grad_fn=<SelectBackward0>)
2025-07-09 19:32:40,654 INFO: pred: 0.15587815642356873
2025-07-09 19:32:40,995 INFO: [219/1600] Train_Loss_total: 5.2219 Test_Loss_total: 1.8468 Time: 1.3865s
2025-07-09 19:32:42,088 INFO: In epoch 220, pred_score1: tensor([0.6934], device='cuda:0', grad_fn=<SelectBackward0>), pred_score2: tensor([0.2735], device='cuda:0', grad_fn=<SelectBackward0>)
2025-07-09 19:32:42,088 INFO: pred: 0.22005873918533325
2025-07-09 19:32:42,453 INFO: [220/1600] Train_Loss_total: 5.2215 Test_Loss_total: 1.8011 Time: 1.457s
2025-07-09 19:32:43,522 INFO: In epoch 221, pred_score1: tensor([0.2373], device='cuda:0', grad_fn=<SelectBackward0>), pred_score2: tensor([0.2236], device='cuda:0', grad_fn=<SelectBackward0>)
2025-07-09 19:32:43,522 INFO: pred: 0.1538570374250412
2025-07-09 19:32:43,865 INFO: [221/1600] Train_Loss_total: 5.221 Test_Loss_total: 1.8426 Time: 1.4122s
2025-07-09 19:32:45,207 INFO: In epoch 222, pred_score1: tensor([0.2381], device='cuda:0', grad_fn=<SelectBackward0>), pred_score2: tensor([0.3533], device='cuda:0', grad_fn=<SelectBackward0>)
2025-07-09 19:32:45,207 INFO: pred: 0.11679685860872269
2025-07-09 19:32:45,681 INFO: [222/1600] Train_Loss_total: 5.2201 Test_Loss_total: 1.8347 Time: 1.8157s
2025-07-09 19:32:47,018 INFO: In epoch 223, pred_score1: tensor([0.2992], device='cuda:0', grad_fn=<SelectBackward0>), pred_score2: tensor([0.2496], device='cuda:0', grad_fn=<SelectBackward0>)
2025-07-09 19:32:47,018 INFO: pred: 0.1368447095155716
2025-07-09 19:32:47,359 INFO: [223/1600] Train_Loss_total: 5.2199 Test_Loss_total: 1.8229 Time: 1.6776s
2025-07-09 19:32:48,474 INFO: In epoch 224, pred_score1: tensor([0.2898], device='cuda:0', grad_fn=<SelectBackward0>), pred_score2: tensor([0.2172], device='cuda:0', grad_fn=<SelectBackward0>)
2025-07-09 19:32:48,474 INFO: pred: 0.12052979320287704
2025-07-09 19:32:48,830 INFO: [224/1600] Train_Loss_total: 5.2191 Test_Loss_total: 1.803 Time: 1.4711s
2025-07-09 19:32:49,887 INFO: In epoch 225, pred_score1: tensor([0.2339], device='cuda:0', grad_fn=<SelectBackward0>), pred_score2: tensor([0.2054], device='cuda:0', grad_fn=<SelectBackward0>)
2025-07-09 19:32:49,887 INFO: pred: 0.20271524786949158
2025-07-09 19:32:50,233 INFO: [225/1600] Train_Loss_total: 5.2184 Test_Loss_total: 1.7988 Time: 1.4026s
2025-07-09 19:32:51,307 INFO: In epoch 226, pred_score1: tensor([0.2591], device='cuda:0', grad_fn=<SelectBackward0>), pred_score2: tensor([0.5044], device='cuda:0', grad_fn=<SelectBackward0>)
2025-07-09 19:32:51,308 INFO: pred: 0.11139094829559326
2025-07-09 19:32:51,661 INFO: [226/1600] Train_Loss_total: 5.2178 Test_Loss_total: 1.8249 Time: 1.4279s
2025-07-09 19:32:52,780 INFO: In epoch 227, pred_score1: tensor([0.3210], device='cuda:0', grad_fn=<SelectBackward0>), pred_score2: tensor([0.5800], device='cuda:0', grad_fn=<SelectBackward0>)
2025-07-09 19:32:52,780 INFO: pred: 0.12243399769067764
2025-07-09 19:32:53,136 INFO: [227/1600] Train_Loss_total: 5.2171 Test_Loss_total: 1.8394 Time: 1.4743s
2025-07-09 19:32:54,225 INFO: In epoch 228, pred_score1: tensor([0.2618], device='cuda:0', grad_fn=<SelectBackward0>), pred_score2: tensor([0.3180], device='cuda:0', grad_fn=<SelectBackward0>)
2025-07-09 19:32:54,225 INFO: pred: 0.1628224402666092
2025-07-09 19:32:54,585 INFO: [228/1600] Train_Loss_total: 5.2166 Test_Loss_total: 1.8239 Time: 1.4494s
2025-07-09 19:32:55,647 INFO: In epoch 229, pred_score1: tensor([0.2709], device='cuda:0', grad_fn=<SelectBackward0>), pred_score2: tensor([0.3818], device='cuda:0', grad_fn=<SelectBackward0>)
2025-07-09 19:32:55,647 INFO: pred: 0.08526159077882767
2025-07-09 19:32:56,014 INFO: [229/1600] Train_Loss_total: 5.2159 Test_Loss_total: 1.8178 Time: 1.4285s
2025-07-09 19:32:57,352 INFO: In epoch 230, pred_score1: tensor([0.3751], device='cuda:0', grad_fn=<SelectBackward0>), pred_score2: tensor([0.2289], device='cuda:0', grad_fn=<SelectBackward0>)
2025-07-09 19:32:57,352 INFO: pred: 0.15267029404640198
2025-07-09 19:32:57,821 INFO: [230/1600] Train_Loss_total: 5.2155 Test_Loss_total: 1.8172 Time: 1.8064s
2025-07-09 19:32:59,166 INFO: In epoch 231, pred_score1: tensor([0.3142], device='cuda:0', grad_fn=<SelectBackward0>), pred_score2: tensor([0.1264], device='cuda:0', grad_fn=<SelectBackward0>)
2025-07-09 19:32:59,166 INFO: pred: 0.15635958313941956
2025-07-09 19:32:59,516 INFO: [231/1600] Train_Loss_total: 5.2149 Test_Loss_total: 1.835 Time: 1.6944s
2025-07-09 19:33:00,578 INFO: In epoch 232, pred_score1: tensor([0.3078], device='cuda:0', grad_fn=<SelectBackward0>), pred_score2: tensor([0.2455], device='cuda:0', grad_fn=<SelectBackward0>)
2025-07-09 19:33:00,578 INFO: pred: 0.1465502679347992
2025-07-09 19:33:01,090 INFO: [232/1600] Train_Loss_total: 5.2143 Test_Loss_total: 1.8128 Time: 1.5745s
2025-07-09 19:33:02,168 INFO: In epoch 233, pred_score1: tensor([0.2971], device='cuda:0', grad_fn=<SelectBackward0>), pred_score2: tensor([0.1936], device='cuda:0', grad_fn=<SelectBackward0>)
2025-07-09 19:33:02,169 INFO: pred: 0.11752171069383621
2025-07-09 19:33:02,520 INFO: [233/1600] Train_Loss_total: 5.2136 Test_Loss_total: 1.8464 Time: 1.4295s
2025-07-09 19:33:03,598 INFO: In epoch 234, pred_score1: tensor([0.3672], device='cuda:0', grad_fn=<SelectBackward0>), pred_score2: tensor([0.2616], device='cuda:0', grad_fn=<SelectBackward0>)
2025-07-09 19:33:03,598 INFO: pred: 0.15963242948055267
2025-07-09 19:33:03,951 INFO: [234/1600] Train_Loss_total: 5.213 Test_Loss_total: 1.8117 Time: 1.4311s
2025-07-09 19:33:05,016 INFO: In epoch 235, pred_score1: tensor([0.2654], device='cuda:0', grad_fn=<SelectBackward0>), pred_score2: tensor([0.2246], device='cuda:0', grad_fn=<SelectBackward0>)
2025-07-09 19:33:05,016 INFO: pred: 0.1447843462228775
2025-07-09 19:33:05,390 INFO: [235/1600] Train_Loss_total: 5.2125 Test_Loss_total: 1.7995 Time: 1.4379s
2025-07-09 19:33:06,462 INFO: In epoch 236, pred_score1: tensor([0.1487], device='cuda:0', grad_fn=<SelectBackward0>), pred_score2: tensor([0.2464], device='cuda:0', grad_fn=<SelectBackward0>)
2025-07-09 19:33:06,462 INFO: pred: 0.1337306797504425
2025-07-09 19:33:06,810 INFO: [236/1600] Train_Loss_total: 5.2119 Test_Loss_total: 1.8053 Time: 1.4197s
2025-07-09 19:33:07,865 INFO: In epoch 237, pred_score1: tensor([0.2589], device='cuda:0', grad_fn=<SelectBackward0>), pred_score2: tensor([0.5065], device='cuda:0', grad_fn=<SelectBackward0>)
2025-07-09 19:33:07,865 INFO: pred: 0.11133687943220139
2025-07-09 19:33:08,230 INFO: [237/1600] Train_Loss_total: 5.2114 Test_Loss_total: 1.8266 Time: 1.4199s
2025-07-09 19:33:09,621 INFO: In epoch 238, pred_score1: tensor([0.2692], device='cuda:0', grad_fn=<SelectBackward0>), pred_score2: tensor([0.2206], device='cuda:0', grad_fn=<SelectBackward0>)
2025-07-09 19:33:09,622 INFO: pred: 0.1451457142829895
2025-07-09 19:33:10,125 INFO: [238/1600] Train_Loss_total: 5.2108 Test_Loss_total: 1.7992 Time: 1.8949s
2025-07-09 19:33:11,384 INFO: In epoch 239, pred_score1: tensor([0.3436], device='cuda:0', grad_fn=<SelectBackward0>), pred_score2: tensor([0.1959], device='cuda:0', grad_fn=<SelectBackward0>)
2025-07-09 19:33:11,384 INFO: pred: 0.14858798682689667
2025-07-09 19:33:11,772 INFO: [239/1600] Train_Loss_total: 5.2103 Test_Loss_total: 1.8046 Time: 1.6466s
2025-07-09 19:33:12,846 INFO: In epoch 240, pred_score1: tensor([0.1772], device='cuda:0', grad_fn=<SelectBackward0>), pred_score2: tensor([0.3249], device='cuda:0', grad_fn=<SelectBackward0>)
2025-07-09 19:33:12,846 INFO: pred: 0.13783489167690277
2025-07-09 19:33:13,203 INFO: [240/1600] Train_Loss_total: 5.2096 Test_Loss_total: 1.8427 Time: 1.4307s
2025-07-09 19:33:14,294 INFO: In epoch 241, pred_score1: tensor([0.2535], device='cuda:0', grad_fn=<SelectBackward0>), pred_score2: tensor([0.5050], device='cuda:0', grad_fn=<SelectBackward0>)
2025-07-09 19:33:14,294 INFO: pred: 0.11044233292341232
2025-07-09 19:33:14,661 INFO: [241/1600] Train_Loss_total: 5.2091 Test_Loss_total: 1.8568 Time: 1.4578s
2025-07-09 19:33:15,736 INFO: In epoch 242, pred_score1: tensor([0.2428], device='cuda:0', grad_fn=<SelectBackward0>), pred_score2: tensor([0.4948], device='cuda:0', grad_fn=<SelectBackward0>)
2025-07-09 19:33:15,736 INFO: pred: 0.14687705039978027
2025-07-09 19:33:16,092 INFO: [242/1600] Train_Loss_total: 5.2086 Test_Loss_total: 1.8149 Time: 1.4306s
2025-07-09 19:33:17,155 INFO: In epoch 243, pred_score1: tensor([0.7338], device='cuda:0', grad_fn=<SelectBackward0>), pred_score2: tensor([0.4325], device='cuda:0', grad_fn=<SelectBackward0>)
2025-07-09 19:33:17,155 INFO: pred: 0.12535057961940765
2025-07-09 19:33:17,497 INFO: [243/1600] Train_Loss_total: 5.2081 Test_Loss_total: 1.8076 Time: 1.4054s
2025-07-09 19:33:18,560 INFO: In epoch 244, pred_score1: tensor([0.3297], device='cuda:0', grad_fn=<SelectBackward0>), pred_score2: tensor([0.3488], device='cuda:0', grad_fn=<SelectBackward0>)
2025-07-09 19:33:18,561 INFO: pred: 0.13262590765953064
2025-07-09 19:33:18,920 INFO: [244/1600] Train_Loss_total: 5.2074 Test_Loss_total: 1.8199 Time: 1.4228s
2025-07-09 19:33:19,989 INFO: In epoch 245, pred_score1: tensor([0.5424], device='cuda:0', grad_fn=<SelectBackward0>), pred_score2: tensor([0.2785], device='cuda:0', grad_fn=<SelectBackward0>)
2025-07-09 19:33:19,990 INFO: pred: 0.05895841866731644
2025-07-09 19:33:20,327 INFO: [245/1600] Train_Loss_total: 5.2068 Test_Loss_total: 1.8022 Time: 1.4062s
2025-07-09 19:33:21,653 INFO: In epoch 246, pred_score1: tensor([0.3719], device='cuda:0', grad_fn=<SelectBackward0>), pred_score2: tensor([0.3743], device='cuda:0', grad_fn=<SelectBackward0>)
2025-07-09 19:33:21,654 INFO: pred: 0.13718348741531372
2025-07-09 19:33:22,145 INFO: [246/1600] Train_Loss_total: 5.2062 Test_Loss_total: 1.8207 Time: 1.8182s
2025-07-09 19:33:23,452 INFO: In epoch 247, pred_score1: tensor([0.2230], device='cuda:0', grad_fn=<SelectBackward0>), pred_score2: tensor([0.2406], device='cuda:0', grad_fn=<SelectBackward0>)
2025-07-09 19:33:23,453 INFO: pred: 0.1671653687953949
2025-07-09 19:33:23,823 INFO: [247/1600] Train_Loss_total: 5.2056 Test_Loss_total: 1.799 Time: 1.678s
2025-07-09 19:33:24,905 INFO: In epoch 248, pred_score1: tensor([0.8659], device='cuda:0', grad_fn=<SelectBackward0>), pred_score2: tensor([0.3634], device='cuda:0', grad_fn=<SelectBackward0>)
2025-07-09 19:33:24,906 INFO: pred: 0.12084401398897171
2025-07-09 19:33:25,275 INFO: [248/1600] Train_Loss_total: 5.205 Test_Loss_total: 1.7974 Time: 1.4513s
2025-07-09 19:33:26,351 INFO: In epoch 249, pred_score1: tensor([0.6603], device='cuda:0', grad_fn=<SelectBackward0>), pred_score2: tensor([0.2570], device='cuda:0', grad_fn=<SelectBackward0>)
2025-07-09 19:33:26,351 INFO: pred: 0.22647882997989655
2025-07-09 19:33:26,697 INFO: [249/1600] Train_Loss_total: 5.2044 Test_Loss_total: 1.8133 Time: 1.4216s
2025-07-09 19:33:27,769 INFO: In epoch 250, pred_score1: tensor([0.3319], device='cuda:0', grad_fn=<SelectBackward0>), pred_score2: tensor([0.3519], device='cuda:0', grad_fn=<SelectBackward0>)
2025-07-09 19:33:27,769 INFO: pred: 0.13257744908332825
2025-07-09 19:33:28,137 INFO: [250/1600] Train_Loss_total: 5.2038 Test_Loss_total: 1.8373 Time: 1.4397s
2025-07-09 19:33:29,188 INFO: In epoch 251, pred_score1: tensor([0.2784], device='cuda:0', grad_fn=<SelectBackward0>), pred_score2: tensor([0.5284], device='cuda:0', grad_fn=<SelectBackward0>)
2025-07-09 19:33:29,188 INFO: pred: 0.13280607759952545
2025-07-09 19:33:29,532 INFO: [251/1600] Train_Loss_total: 5.2032 Test_Loss_total: 1.8492 Time: 1.3946s
2025-07-09 19:33:30,610 INFO: In epoch 252, pred_score1: tensor([0.1873], device='cuda:0', grad_fn=<SelectBackward0>), pred_score2: tensor([0.4740], device='cuda:0', grad_fn=<SelectBackward0>)
2025-07-09 19:33:30,610 INFO: pred: 0.08848965913057327
2025-07-09 19:33:30,962 INFO: [252/1600] Train_Loss_total: 5.2026 Test_Loss_total: 1.8149 Time: 1.4298s
2025-07-09 19:33:32,026 INFO: In epoch 253, pred_score1: tensor([0.5444], device='cuda:0', grad_fn=<SelectBackward0>), pred_score2: tensor([0.2592], device='cuda:0', grad_fn=<SelectBackward0>)
2025-07-09 19:33:32,027 INFO: pred: 0.11702866107225418
2025-07-09 19:33:32,385 INFO: [253/1600] Train_Loss_total: 5.2021 Test_Loss_total: 1.8279 Time: 1.4231s
2025-07-09 19:33:33,723 INFO: In epoch 254, pred_score1: tensor([0.3040], device='cuda:0', grad_fn=<SelectBackward0>), pred_score2: tensor([0.2179], device='cuda:0', grad_fn=<SelectBackward0>)
2025-07-09 19:33:33,723 INFO: pred: 0.1445634961128235
2025-07-09 19:33:34,233 INFO: [254/1600] Train_Loss_total: 5.2015 Test_Loss_total: 1.8165 Time: 1.8482s
2025-07-09 19:33:35,573 INFO: In epoch 255, pred_score1: tensor([0.4255], device='cuda:0', grad_fn=<SelectBackward0>), pred_score2: tensor([0.2958], device='cuda:0', grad_fn=<SelectBackward0>)
2025-07-09 19:33:35,573 INFO: pred: 0.0994424819946289
2025-07-09 19:33:35,932 INFO: [255/1600] Train_Loss_total: 5.201 Test_Loss_total: 1.8011 Time: 1.6986s
2025-07-09 19:33:37,027 INFO: In epoch 256, pred_score1: tensor([0.3363], device='cuda:0', grad_fn=<SelectBackward0>), pred_score2: tensor([0.2562], device='cuda:0', grad_fn=<SelectBackward0>)
2025-07-09 19:33:37,027 INFO: pred: 0.12604007124900818
2025-07-09 19:33:37,387 INFO: [256/1600] Train_Loss_total: 5.2004 Test_Loss_total: 1.8159 Time: 1.4544s
2025-07-09 19:33:38,471 INFO: In epoch 257, pred_score1: tensor([0.4878], device='cuda:0', grad_fn=<SelectBackward0>), pred_score2: tensor([0.1424], device='cuda:0', grad_fn=<SelectBackward0>)
2025-07-09 19:33:38,471 INFO: pred: 0.09730128943920135
2025-07-09 19:33:38,816 INFO: [257/1600] Train_Loss_total: 5.1997 Test_Loss_total: 1.8162 Time: 1.4285s
2025-07-09 19:33:39,899 INFO: In epoch 258, pred_score1: tensor([0.2040], device='cuda:0', grad_fn=<SelectBackward0>), pred_score2: tensor([0.2280], device='cuda:0', grad_fn=<SelectBackward0>)
2025-07-09 19:33:39,899 INFO: pred: 0.13325072824954987
2025-07-09 19:33:40,431 INFO: [258/1600] Train_Loss_total: 5.1993 Test_Loss_total: 1.7963 Time: 1.6148s
2025-07-09 19:33:41,501 INFO: In epoch 259, pred_score1: tensor([0.8777], device='cuda:0', grad_fn=<SelectBackward0>), pred_score2: tensor([0.3612], device='cuda:0', grad_fn=<SelectBackward0>)
2025-07-09 19:33:41,501 INFO: pred: 0.12136825174093246
2025-07-09 19:33:41,875 INFO: [259/1600] Train_Loss_total: 5.1989 Test_Loss_total: 1.8035 Time: 1.4441s
2025-07-09 19:33:42,939 INFO: In epoch 260, pred_score1: tensor([0.3293], device='cuda:0', grad_fn=<SelectBackward0>), pred_score2: tensor([0.3258], device='cuda:0', grad_fn=<SelectBackward0>)
2025-07-09 19:33:42,939 INFO: pred: 0.1361134648323059
2025-07-09 19:33:43,292 INFO: [260/1600] Train_Loss_total: 5.1981 Test_Loss_total: 1.8126 Time: 1.4169s
2025-07-09 19:33:44,375 INFO: In epoch 261, pred_score1: tensor([0.3650], device='cuda:0', grad_fn=<SelectBackward0>), pred_score2: tensor([0.2265], device='cuda:0', grad_fn=<SelectBackward0>)
2025-07-09 19:33:44,375 INFO: pred: 0.15518295764923096
2025-07-09 19:33:44,737 INFO: [261/1600] Train_Loss_total: 5.1977 Test_Loss_total: 1.8194 Time: 1.4442s
2025-07-09 19:33:46,177 INFO: In epoch 262, pred_score1: tensor([0.3882], device='cuda:0', grad_fn=<SelectBackward0>), pred_score2: tensor([0.2472], device='cuda:0', grad_fn=<SelectBackward0>)
2025-07-09 19:33:46,178 INFO: pred: 0.18204858899116516
2025-07-09 19:33:46,686 INFO: [262/1600] Train_Loss_total: 5.1971 Test_Loss_total: 1.8042 Time: 1.9488s
2025-07-09 19:33:47,925 INFO: In epoch 263, pred_score1: tensor([0.4850], device='cuda:0', grad_fn=<SelectBackward0>), pred_score2: tensor([0.1824], device='cuda:0', grad_fn=<SelectBackward0>)
2025-07-09 19:33:47,925 INFO: pred: 0.13509024679660797
2025-07-09 19:33:48,276 INFO: [263/1600] Train_Loss_total: 5.1965 Test_Loss_total: 1.8069 Time: 1.5871s
2025-07-09 19:33:49,359 INFO: In epoch 264, pred_score1: tensor([0.4318], device='cuda:0', grad_fn=<SelectBackward0>), pred_score2: tensor([0.3075], device='cuda:0', grad_fn=<SelectBackward0>)
2025-07-09 19:33:49,360 INFO: pred: 0.13418875634670258
2025-07-09 19:33:49,705 INFO: [264/1600] Train_Loss_total: 5.1958 Test_Loss_total: 1.8004 Time: 1.4293s
2025-07-09 19:33:50,754 INFO: In epoch 265, pred_score1: tensor([0.3040], device='cuda:0', grad_fn=<SelectBackward0>), pred_score2: tensor([0.2696], device='cuda:0', grad_fn=<SelectBackward0>)
2025-07-09 19:33:50,754 INFO: pred: 0.14765630662441254
2025-07-09 19:33:51,114 INFO: [265/1600] Train_Loss_total: 5.1953 Test_Loss_total: 1.8406 Time: 1.4084s
2025-07-09 19:33:52,164 INFO: In epoch 266, pred_score1: tensor([0.3275], device='cuda:0', grad_fn=<SelectBackward0>), pred_score2: tensor([0.2829], device='cuda:0', grad_fn=<SelectBackward0>)
2025-07-09 19:33:52,164 INFO: pred: 0.1591588705778122
2025-07-09 19:33:52,507 INFO: [266/1600] Train_Loss_total: 5.1947 Test_Loss_total: 1.7987 Time: 1.3932s
2025-07-09 19:33:53,567 INFO: In epoch 267, pred_score1: tensor([0.2426], device='cuda:0', grad_fn=<SelectBackward0>), pred_score2: tensor([0.5008], device='cuda:0', grad_fn=<SelectBackward0>)
2025-07-09 19:33:53,567 INFO: pred: 0.11160463839769363
2025-07-09 19:33:53,923 INFO: [267/1600] Train_Loss_total: 5.1943 Test_Loss_total: 1.8427 Time: 1.4152s
2025-07-09 19:33:55,000 INFO: In epoch 268, pred_score1: tensor([0.3237], device='cuda:0', grad_fn=<SelectBackward0>), pred_score2: tensor([0.4473], device='cuda:0', grad_fn=<SelectBackward0>)
2025-07-09 19:33:55,000 INFO: pred: 0.11556235700845718
2025-07-09 19:33:55,359 INFO: [268/1600] Train_Loss_total: 5.1936 Test_Loss_total: 1.8128 Time: 1.4355s
2025-07-09 19:33:56,429 INFO: In epoch 269, pred_score1: tensor([0.3274], device='cuda:0', grad_fn=<SelectBackward0>), pred_score2: tensor([0.2990], device='cuda:0', grad_fn=<SelectBackward0>)
2025-07-09 19:33:56,429 INFO: pred: 0.14204829931259155
2025-07-09 19:33:56,780 INFO: [269/1600] Train_Loss_total: 5.1931 Test_Loss_total: 1.8323 Time: 1.4213s
2025-07-09 19:33:58,191 INFO: In epoch 270, pred_score1: tensor([0.2825], device='cuda:0', grad_fn=<SelectBackward0>), pred_score2: tensor([0.2903], device='cuda:0', grad_fn=<SelectBackward0>)
2025-07-09 19:33:58,191 INFO: pred: 0.147665873169899
2025-07-09 19:33:58,686 INFO: [270/1600] Train_Loss_total: 5.1925 Test_Loss_total: 1.7905 Time: 1.9053s
2025-07-09 19:33:59,958 INFO: In epoch 271, pred_score1: tensor([0.2687], device='cuda:0', grad_fn=<SelectBackward0>), pred_score2: tensor([0.2811], device='cuda:0', grad_fn=<SelectBackward0>)
2025-07-09 19:33:59,958 INFO: pred: 0.138381689786911
2025-07-09 19:34:00,321 INFO: [271/1600] Train_Loss_total: 5.192 Test_Loss_total: 1.8213 Time: 1.6347s
2025-07-09 19:34:01,403 INFO: In epoch 272, pred_score1: tensor([0.2089], device='cuda:0', grad_fn=<SelectBackward0>), pred_score2: tensor([0.2286], device='cuda:0', grad_fn=<SelectBackward0>)
2025-07-09 19:34:01,403 INFO: pred: 0.17066358029842377
2025-07-09 19:34:01,747 INFO: [272/1600] Train_Loss_total: 5.1916 Test_Loss_total: 1.7905 Time: 1.4257s
2025-07-09 19:34:02,810 INFO: In epoch 273, pred_score1: tensor([0.2421], device='cuda:0', grad_fn=<SelectBackward0>), pred_score2: tensor([0.3481], device='cuda:0', grad_fn=<SelectBackward0>)
2025-07-09 19:34:02,810 INFO: pred: 0.15693113207817078
2025-07-09 19:34:03,158 INFO: [273/1600] Train_Loss_total: 5.191 Test_Loss_total: 1.8142 Time: 1.4108s
2025-07-09 19:34:04,231 INFO: In epoch 274, pred_score1: tensor([0.3582], device='cuda:0', grad_fn=<SelectBackward0>), pred_score2: tensor([0.4231], device='cuda:0', grad_fn=<SelectBackward0>)
2025-07-09 19:34:04,231 INFO: pred: 0.1223197728395462
2025-07-09 19:34:04,587 INFO: [274/1600] Train_Loss_total: 5.1905 Test_Loss_total: 1.8258 Time: 1.4293s
2025-07-09 19:34:05,658 INFO: In epoch 275, pred_score1: tensor([0.6825], device='cuda:0', grad_fn=<SelectBackward0>), pred_score2: tensor([0.2378], device='cuda:0', grad_fn=<SelectBackward0>)
2025-07-09 19:34:05,658 INFO: pred: 0.227246955037117
2025-07-09 19:34:06,006 INFO: [275/1600] Train_Loss_total: 5.1899 Test_Loss_total: 1.8024 Time: 1.4187s
2025-07-09 19:34:07,075 INFO: In epoch 276, pred_score1: tensor([0.3465], device='cuda:0', grad_fn=<SelectBackward0>), pred_score2: tensor([0.5638], device='cuda:0', grad_fn=<SelectBackward0>)
2025-07-09 19:34:07,076 INFO: pred: 0.11863633990287781
2025-07-09 19:34:07,413 INFO: [276/1600] Train_Loss_total: 5.1895 Test_Loss_total: 1.8027 Time: 1.4064s
2025-07-09 19:34:08,470 INFO: In epoch 277, pred_score1: tensor([0.2403], device='cuda:0', grad_fn=<SelectBackward0>), pred_score2: tensor([0.3482], device='cuda:0', grad_fn=<SelectBackward0>)
2025-07-09 19:34:08,471 INFO: pred: 0.15748538076877594
2025-07-09 19:34:08,817 INFO: [277/1600] Train_Loss_total: 5.1889 Test_Loss_total: 1.7981 Time: 1.4036s
2025-07-09 19:34:10,165 INFO: In epoch 278, pred_score1: tensor([0.2059], device='cuda:0', grad_fn=<SelectBackward0>), pred_score2: tensor([0.2580], device='cuda:0', grad_fn=<SelectBackward0>)
2025-07-09 19:34:10,166 INFO: pred: 0.12208914756774902
2025-07-09 19:34:10,630 INFO: [278/1600] Train_Loss_total: 5.1883 Test_Loss_total: 1.818 Time: 1.8134s
2025-07-09 19:34:11,993 INFO: In epoch 279, pred_score1: tensor([0.2498], device='cuda:0', grad_fn=<SelectBackward0>), pred_score2: tensor([0.1768], device='cuda:0', grad_fn=<SelectBackward0>)
2025-07-09 19:34:11,993 INFO: pred: 0.09783419221639633
2025-07-09 19:34:12,350 INFO: [279/1600] Train_Loss_total: 5.1877 Test_Loss_total: 1.8108 Time: 1.7195s
2025-07-09 19:34:13,468 INFO: In epoch 280, pred_score1: tensor([0.2710], device='cuda:0', grad_fn=<SelectBackward0>), pred_score2: tensor([0.2161], device='cuda:0', grad_fn=<SelectBackward0>)
2025-07-09 19:34:13,468 INFO: pred: 0.1283755898475647
2025-07-09 19:34:13,838 INFO: [280/1600] Train_Loss_total: 5.1872 Test_Loss_total: 1.808 Time: 1.4876s
2025-07-09 19:34:14,902 INFO: In epoch 281, pred_score1: tensor([0.3069], device='cuda:0', grad_fn=<SelectBackward0>), pred_score2: tensor([0.3055], device='cuda:0', grad_fn=<SelectBackward0>)
2025-07-09 19:34:14,902 INFO: pred: 0.1371941715478897
2025-07-09 19:34:15,242 INFO: [281/1600] Train_Loss_total: 5.1867 Test_Loss_total: 1.8208 Time: 1.4042s
2025-07-09 19:34:16,297 INFO: In epoch 282, pred_score1: tensor([0.0822], device='cuda:0', grad_fn=<SelectBackward0>), pred_score2: tensor([0.2805], device='cuda:0', grad_fn=<SelectBackward0>)
2025-07-09 19:34:16,297 INFO: pred: 0.04409703239798546
2025-07-09 19:34:16,651 INFO: [282/1600] Train_Loss_total: 5.1862 Test_Loss_total: 1.7948 Time: 1.4086s
2025-07-09 19:34:17,735 INFO: In epoch 283, pred_score1: tensor([0.2880], device='cuda:0', grad_fn=<SelectBackward0>), pred_score2: tensor([0.2843], device='cuda:0', grad_fn=<SelectBackward0>)
2025-07-09 19:34:17,735 INFO: pred: 0.1252242624759674
2025-07-09 19:34:18,099 INFO: [283/1600] Train_Loss_total: 5.1856 Test_Loss_total: 1.8401 Time: 1.448s
2025-07-09 19:34:19,174 INFO: In epoch 284, pred_score1: tensor([0.3410], device='cuda:0', grad_fn=<SelectBackward0>), pred_score2: tensor([0.2002], device='cuda:0', grad_fn=<SelectBackward0>)
2025-07-09 19:34:19,174 INFO: pred: 0.14900386333465576
2025-07-09 19:34:19,687 INFO: [284/1600] Train_Loss_total: 5.185 Test_Loss_total: 1.8274 Time: 1.587s
2025-07-09 19:34:20,751 INFO: In epoch 285, pred_score1: tensor([0.5059], device='cuda:0', grad_fn=<SelectBackward0>), pred_score2: tensor([0.1626], device='cuda:0', grad_fn=<SelectBackward0>)
2025-07-09 19:34:20,751 INFO: pred: 0.13507069647312164
2025-07-09 19:34:21,116 INFO: [285/1600] Train_Loss_total: 5.1846 Test_Loss_total: 1.8015 Time: 1.4288s
2025-07-09 19:34:22,460 INFO: In epoch 286, pred_score1: tensor([0.3793], device='cuda:0', grad_fn=<SelectBackward0>), pred_score2: tensor([0.1803], device='cuda:0', grad_fn=<SelectBackward0>)
2025-07-09 19:34:22,461 INFO: pred: 0.16995622217655182
2025-07-09 19:34:22,973 INFO: [286/1600] Train_Loss_total: 5.184 Test_Loss_total: 1.8214 Time: 1.857s
2025-07-09 19:34:24,267 INFO: In epoch 287, pred_score1: tensor([0.2139], device='cuda:0', grad_fn=<SelectBackward0>), pred_score2: tensor([0.3428], device='cuda:0', grad_fn=<SelectBackward0>)
2025-07-09 19:34:24,268 INFO: pred: 0.1569962501525879
2025-07-09 19:34:24,624 INFO: [287/1600] Train_Loss_total: 5.1837 Test_Loss_total: 1.8151 Time: 1.6505s
2025-07-09 19:34:25,718 INFO: In epoch 288, pred_score1: tensor([0.3717], device='cuda:0', grad_fn=<SelectBackward0>), pred_score2: tensor([0.1156], device='cuda:0', grad_fn=<SelectBackward0>)
2025-07-09 19:34:25,719 INFO: pred: 0.14031420648097992
2025-07-09 19:34:26,080 INFO: [288/1600] Train_Loss_total: 5.183 Test_Loss_total: 1.8063 Time: 1.4563s
2025-07-09 19:34:27,176 INFO: In epoch 289, pred_score1: tensor([0.3734], device='cuda:0', grad_fn=<SelectBackward0>), pred_score2: tensor([0.1135], device='cuda:0', grad_fn=<SelectBackward0>)
2025-07-09 19:34:27,176 INFO: pred: 0.14004163444042206
2025-07-09 19:34:27,550 INFO: [289/1600] Train_Loss_total: 5.1825 Test_Loss_total: 1.8028 Time: 1.4697s
2025-07-09 19:34:28,644 INFO: In epoch 290, pred_score1: tensor([0.3644], device='cuda:0', grad_fn=<SelectBackward0>), pred_score2: tensor([0.2294], device='cuda:0', grad_fn=<SelectBackward0>)
2025-07-09 19:34:28,644 INFO: pred: 0.15835760533809662
2025-07-09 19:34:29,023 INFO: [290/1600] Train_Loss_total: 5.1821 Test_Loss_total: 1.8123 Time: 1.4723s
2025-07-09 19:34:30,088 INFO: In epoch 291, pred_score1: tensor([0.2064], device='cuda:0', grad_fn=<SelectBackward0>), pred_score2: tensor([0.2040], device='cuda:0', grad_fn=<SelectBackward0>)
2025-07-09 19:34:30,088 INFO: pred: 0.15618444979190826
2025-07-09 19:34:30,452 INFO: [291/1600] Train_Loss_total: 5.1815 Test_Loss_total: 1.8393 Time: 1.4288s
2025-07-09 19:34:31,536 INFO: In epoch 292, pred_score1: tensor([0.2747], device='cuda:0', grad_fn=<SelectBackward0>), pred_score2: tensor([0.2151], device='cuda:0', grad_fn=<SelectBackward0>)
2025-07-09 19:34:31,536 INFO: pred: 0.12908577919006348
2025-07-09 19:34:31,901 INFO: [292/1600] Train_Loss_total: 5.1809 Test_Loss_total: 1.8229 Time: 1.4487s
2025-07-09 19:34:32,973 INFO: In epoch 293, pred_score1: tensor([0.3369], device='cuda:0', grad_fn=<SelectBackward0>), pred_score2: tensor([0.3810], device='cuda:0', grad_fn=<SelectBackward0>)
2025-07-09 19:34:32,973 INFO: pred: 0.11253844201564789
2025-07-09 19:34:33,322 INFO: [293/1600] Train_Loss_total: 5.1804 Test_Loss_total: 1.787 Time: 1.4207s
2025-07-09 19:34:34,789 INFO: In epoch 294, pred_score1: tensor([0.1921], device='cuda:0', grad_fn=<SelectBackward0>), pred_score2: tensor([0.1620], device='cuda:0', grad_fn=<SelectBackward0>)
2025-07-09 19:34:34,789 INFO: pred: 0.15463724732398987
2025-07-09 19:34:35,304 INFO: [294/1600] Train_Loss_total: 5.18 Test_Loss_total: 1.8052 Time: 1.9818s
2025-07-09 19:34:36,530 INFO: In epoch 295, pred_score1: tensor([0.3573], device='cuda:0', grad_fn=<SelectBackward0>), pred_score2: tensor([0.2351], device='cuda:0', grad_fn=<SelectBackward0>)
2025-07-09 19:34:36,530 INFO: pred: 0.08925259858369827
2025-07-09 19:34:36,921 INFO: [295/1600] Train_Loss_total: 5.1794 Test_Loss_total: 1.8138 Time: 1.6169s
2025-07-09 19:34:38,027 INFO: In epoch 296, pred_score1: tensor([0.2579], device='cuda:0', grad_fn=<SelectBackward0>), pred_score2: tensor([0.2979], device='cuda:0', grad_fn=<SelectBackward0>)
2025-07-09 19:34:38,028 INFO: pred: 0.13236279785633087
2025-07-09 19:34:38,385 INFO: [296/1600] Train_Loss_total: 5.179 Test_Loss_total: 1.8194 Time: 1.4633s
2025-07-09 19:34:39,489 INFO: In epoch 297, pred_score1: tensor([0.3023], device='cuda:0', grad_fn=<SelectBackward0>), pred_score2: tensor([0.3634], device='cuda:0', grad_fn=<SelectBackward0>)
2025-07-09 19:34:39,490 INFO: pred: 0.14875401556491852
2025-07-09 19:34:39,855 INFO: [297/1600] Train_Loss_total: 5.1784 Test_Loss_total: 1.8092 Time: 1.4703s
2025-07-09 19:34:40,913 INFO: In epoch 298, pred_score1: tensor([0.2088], device='cuda:0', grad_fn=<SelectBackward0>), pred_score2: tensor([0.2784], device='cuda:0', grad_fn=<SelectBackward0>)
2025-07-09 19:34:40,914 INFO: pred: 0.1488656848669052
2025-07-09 19:34:41,267 INFO: [298/1600] Train_Loss_total: 5.178 Test_Loss_total: 1.8269 Time: 1.4121s
2025-07-09 19:34:42,351 INFO: In epoch 299, pred_score1: tensor([0.2853], device='cuda:0', grad_fn=<SelectBackward0>), pred_score2: tensor([0.2349], device='cuda:0', grad_fn=<SelectBackward0>)
2025-07-09 19:34:42,351 INFO: pred: 0.1707264482975006
2025-07-09 19:34:42,705 INFO: [299/1600] Train_Loss_total: 5.1778 Test_Loss_total: 1.82 Time: 1.4378s
2025-07-09 19:34:43,780 INFO: In epoch 300, pred_score1: tensor([0.2678], device='cuda:0', grad_fn=<SelectBackward0>), pred_score2: tensor([0.2665], device='cuda:0', grad_fn=<SelectBackward0>)
2025-07-09 19:34:43,780 INFO: pred: 0.15383373200893402
2025-07-09 19:34:44,153 INFO: [300/1600] Train_Loss_total: 5.177 Test_Loss_total: 1.8326 Time: 1.4473s
2025-07-09 19:34:45,217 INFO: In epoch 301, pred_score1: tensor([0.5599], device='cuda:0', grad_fn=<SelectBackward0>), pred_score2: tensor([0.2323], device='cuda:0', grad_fn=<SelectBackward0>)
2025-07-09 19:34:45,218 INFO: pred: 0.12396716326475143
2025-07-09 19:34:45,558 INFO: [301/1600] Train_Loss_total: 5.1764 Test_Loss_total: 1.8011 Time: 1.4044s
2025-07-09 19:34:47,005 INFO: In epoch 302, pred_score1: tensor([0.2562], device='cuda:0', grad_fn=<SelectBackward0>), pred_score2: tensor([0.3002], device='cuda:0', grad_fn=<SelectBackward0>)
2025-07-09 19:34:47,006 INFO: pred: 0.13262265920639038
2025-07-09 19:34:47,549 INFO: [302/1600] Train_Loss_total: 5.1761 Test_Loss_total: 1.8112 Time: 1.9915s
2025-07-09 19:34:48,798 INFO: In epoch 303, pred_score1: tensor([0.3091], device='cuda:0', grad_fn=<SelectBackward0>), pred_score2: tensor([0.1603], device='cuda:0', grad_fn=<SelectBackward0>)
2025-07-09 19:34:48,798 INFO: pred: 0.2152644395828247
2025-07-09 19:34:49,170 INFO: [303/1600] Train_Loss_total: 5.1754 Test_Loss_total: 1.8135 Time: 1.6207s
2025-07-09 19:34:50,254 INFO: In epoch 304, pred_score1: tensor([0.1678], device='cuda:0', grad_fn=<SelectBackward0>), pred_score2: tensor([0.3642], device='cuda:0', grad_fn=<SelectBackward0>)
2025-07-09 19:34:50,254 INFO: pred: 0.13236145675182343
2025-07-09 19:34:50,605 INFO: [304/1600] Train_Loss_total: 5.1751 Test_Loss_total: 1.8227 Time: 1.4349s
2025-07-09 19:34:51,652 INFO: In epoch 305, pred_score1: tensor([0.1778], device='cuda:0', grad_fn=<SelectBackward0>), pred_score2: tensor([0.2399], device='cuda:0', grad_fn=<SelectBackward0>)
2025-07-09 19:34:51,652 INFO: pred: 0.1716623455286026
2025-07-09 19:34:52,000 INFO: [305/1600] Train_Loss_total: 5.1745 Test_Loss_total: 1.7942 Time: 1.3939s
2025-07-09 19:34:53,073 INFO: In epoch 306, pred_score1: tensor([0.1728], device='cuda:0', grad_fn=<SelectBackward0>), pred_score2: tensor([0.3548], device='cuda:0', grad_fn=<SelectBackward0>)
2025-07-09 19:34:53,073 INFO: pred: 0.1575571745634079
2025-07-09 19:34:53,434 INFO: [306/1600] Train_Loss_total: 5.1739 Test_Loss_total: 1.8231 Time: 1.4347s
2025-07-09 19:34:54,493 INFO: In epoch 307, pred_score1: tensor([0.3795], device='cuda:0', grad_fn=<SelectBackward0>), pred_score2: tensor([0.2296], device='cuda:0', grad_fn=<SelectBackward0>)
2025-07-09 19:34:54,494 INFO: pred: 0.15866416692733765
2025-07-09 19:34:54,843 INFO: [307/1600] Train_Loss_total: 5.1734 Test_Loss_total: 1.8208 Time: 1.408s
2025-07-09 19:34:55,909 INFO: In epoch 308, pred_score1: tensor([0.6666], device='cuda:0', grad_fn=<SelectBackward0>), pred_score2: tensor([0.2118], device='cuda:0', grad_fn=<SelectBackward0>)
2025-07-09 19:34:55,909 INFO: pred: 0.22958865761756897
2025-07-09 19:34:56,263 INFO: [308/1600] Train_Loss_total: 5.173 Test_Loss_total: 1.8023 Time: 1.4205s
2025-07-09 19:34:57,363 INFO: In epoch 309, pred_score1: tensor([0.6746], device='cuda:0', grad_fn=<SelectBackward0>), pred_score2: tensor([0.2131], device='cuda:0', grad_fn=<SelectBackward0>)
2025-07-09 19:34:57,363 INFO: pred: 0.23053409159183502
2025-07-09 19:34:57,908 INFO: [309/1600] Train_Loss_total: 5.1724 Test_Loss_total: 1.8075 Time: 1.644s
2025-07-09 19:34:59,440 INFO: In epoch 310, pred_score1: tensor([0.2879], device='cuda:0', grad_fn=<SelectBackward0>), pred_score2: tensor([0.2579], device='cuda:0', grad_fn=<SelectBackward0>)
2025-07-09 19:34:59,440 INFO: pred: 0.11353201419115067
2025-07-09 19:34:59,994 INFO: [310/1600] Train_Loss_total: 5.172 Test_Loss_total: 1.8031 Time: 2.0861s
2025-07-09 19:35:01,104 INFO: In epoch 311, pred_score1: tensor([0.2923], device='cuda:0', grad_fn=<SelectBackward0>), pred_score2: tensor([0.2519], device='cuda:0', grad_fn=<SelectBackward0>)
2025-07-09 19:35:01,105 INFO: pred: 0.15471050143241882
2025-07-09 19:35:01,456 INFO: [311/1600] Train_Loss_total: 5.1715 Test_Loss_total: 1.842 Time: 1.4618s
2025-07-09 19:35:02,528 INFO: In epoch 312, pred_score1: tensor([0.6746], device='cuda:0', grad_fn=<SelectBackward0>), pred_score2: tensor([0.2090], device='cuda:0', grad_fn=<SelectBackward0>)
2025-07-09 19:35:02,528 INFO: pred: 0.2307685762643814
2025-07-09 19:35:02,893 INFO: [312/1600] Train_Loss_total: 5.171 Test_Loss_total: 1.8102 Time: 1.4369s
2025-07-09 19:35:03,945 INFO: In epoch 313, pred_score1: tensor([0.3524], device='cuda:0', grad_fn=<SelectBackward0>), pred_score2: tensor([0.3918], device='cuda:0', grad_fn=<SelectBackward0>)
2025-07-09 19:35:03,945 INFO: pred: 0.12622573971748352
2025-07-09 19:35:04,296 INFO: [313/1600] Train_Loss_total: 5.1705 Test_Loss_total: 1.8258 Time: 1.4028s
2025-07-09 19:35:05,363 INFO: In epoch 314, pred_score1: tensor([0.3062], device='cuda:0', grad_fn=<SelectBackward0>), pred_score2: tensor([0.4642], device='cuda:0', grad_fn=<SelectBackward0>)
2025-07-09 19:35:05,363 INFO: pred: 0.16501456499099731
2025-07-09 19:35:05,717 INFO: [314/1600] Train_Loss_total: 5.17 Test_Loss_total: 1.8104 Time: 1.42s
2025-07-09 19:35:06,768 INFO: In epoch 315, pred_score1: tensor([0.7159], device='cuda:0', grad_fn=<SelectBackward0>), pred_score2: tensor([0.1294], device='cuda:0', grad_fn=<SelectBackward0>)
2025-07-09 19:35:06,769 INFO: pred: 0.15650181472301483
2025-07-09 19:35:07,128 INFO: [315/1600] Train_Loss_total: 5.1696 Test_Loss_total: 1.7967 Time: 1.4115s
2025-07-09 19:35:08,210 INFO: In epoch 316, pred_score1: tensor([0.2418], device='cuda:0', grad_fn=<SelectBackward0>), pred_score2: tensor([0.1864], device='cuda:0', grad_fn=<SelectBackward0>)
2025-07-09 19:35:08,210 INFO: pred: 0.1321718692779541
2025-07-09 19:35:08,571 INFO: [316/1600] Train_Loss_total: 5.169 Test_Loss_total: 1.8072 Time: 1.4427s
2025-07-09 19:35:09,643 INFO: In epoch 317, pred_score1: tensor([0.4794], device='cuda:0', grad_fn=<SelectBackward0>), pred_score2: tensor([0.1641], device='cuda:0', grad_fn=<SelectBackward0>)
2025-07-09 19:35:09,643 INFO: pred: 0.13849692046642303
2025-07-09 19:35:10,010 INFO: [317/1600] Train_Loss_total: 5.1686 Test_Loss_total: 1.805 Time: 1.4389s
2025-07-09 19:35:11,503 INFO: In epoch 318, pred_score1: tensor([0.4885], device='cuda:0', grad_fn=<SelectBackward0>), pred_score2: tensor([0.2250], device='cuda:0', grad_fn=<SelectBackward0>)
2025-07-09 19:35:11,503 INFO: pred: 0.08334753662347794
2025-07-09 19:35:12,062 INFO: [318/1600] Train_Loss_total: 5.1681 Test_Loss_total: 1.7998 Time: 2.0515s
2025-07-09 19:35:13,204 INFO: In epoch 319, pred_score1: tensor([0.1761], device='cuda:0', grad_fn=<SelectBackward0>), pred_score2: tensor([0.1393], device='cuda:0', grad_fn=<SelectBackward0>)
2025-07-09 19:35:13,204 INFO: pred: 0.14952194690704346
2025-07-09 19:35:13,546 INFO: [319/1600] Train_Loss_total: 5.1675 Test_Loss_total: 1.8026 Time: 1.4841s
2025-07-09 19:35:14,619 INFO: In epoch 320, pred_score1: tensor([0.3342], device='cuda:0', grad_fn=<SelectBackward0>), pred_score2: tensor([0.3317], device='cuda:0', grad_fn=<SelectBackward0>)
2025-07-09 19:35:14,619 INFO: pred: 0.14473199844360352
2025-07-09 19:35:14,979 INFO: [320/1600] Train_Loss_total: 5.1672 Test_Loss_total: 1.7942 Time: 1.4321s
2025-07-09 19:35:16,033 INFO: In epoch 321, pred_score1: tensor([0.3938], device='cuda:0', grad_fn=<SelectBackward0>), pred_score2: tensor([0.8430], device='cuda:0', grad_fn=<SelectBackward0>)
2025-07-09 19:35:16,033 INFO: pred: 0.06465981155633926
2025-07-09 19:35:16,388 INFO: [321/1600] Train_Loss_total: 5.1671 Test_Loss_total: 1.8236 Time: 1.4092s
2025-07-09 19:35:17,436 INFO: In epoch 322, pred_score1: tensor([0.5495], device='cuda:0', grad_fn=<SelectBackward0>), pred_score2: tensor([0.8647], device='cuda:0', grad_fn=<SelectBackward0>)
2025-07-09 19:35:17,436 INFO: pred: 0.14624755084514618
2025-07-09 19:35:17,790 INFO: [322/1600] Train_Loss_total: 5.1662 Test_Loss_total: 1.8022 Time: 1.401s
2025-07-09 19:35:18,858 INFO: In epoch 323, pred_score1: tensor([0.2855], device='cuda:0', grad_fn=<SelectBackward0>), pred_score2: tensor([0.3762], device='cuda:0', grad_fn=<SelectBackward0>)
2025-07-09 19:35:18,858 INFO: pred: 0.14316010475158691
2025-07-09 19:35:19,230 INFO: [323/1600] Train_Loss_total: 5.1658 Test_Loss_total: 1.8099 Time: 1.4403s
2025-07-09 19:35:20,320 INFO: In epoch 324, pred_score1: tensor([0.3165], device='cuda:0', grad_fn=<SelectBackward0>), pred_score2: tensor([0.3040], device='cuda:0', grad_fn=<SelectBackward0>)
2025-07-09 19:35:20,320 INFO: pred: 0.16690705716609955
2025-07-09 19:35:20,671 INFO: [324/1600] Train_Loss_total: 5.1653 Test_Loss_total: 1.821 Time: 1.4411s
2025-07-09 19:35:21,748 INFO: In epoch 325, pred_score1: tensor([0.1594], device='cuda:0', grad_fn=<SelectBackward0>), pred_score2: tensor([0.4219], device='cuda:0', grad_fn=<SelectBackward0>)
2025-07-09 19:35:21,748 INFO: pred: 0.15139302611351013
2025-07-09 19:35:22,100 INFO: [325/1600] Train_Loss_total: 5.1648 Test_Loss_total: 1.8032 Time: 1.4283s
2025-07-09 19:35:23,504 INFO: In epoch 326, pred_score1: tensor([0.2278], device='cuda:0', grad_fn=<SelectBackward0>), pred_score2: tensor([0.3907], device='cuda:0', grad_fn=<SelectBackward0>)
2025-07-09 19:35:23,504 INFO: pred: 0.15927816927433014
2025-07-09 19:35:24,038 INFO: [326/1600] Train_Loss_total: 5.1642 Test_Loss_total: 1.7861 Time: 1.9377s
2025-07-09 19:35:25,240 INFO: In epoch 327, pred_score1: tensor([0.8129], device='cuda:0', grad_fn=<SelectBackward0>), pred_score2: tensor([0.2780], device='cuda:0', grad_fn=<SelectBackward0>)
2025-07-09 19:35:25,240 INFO: pred: 0.1717662364244461
2025-07-09 19:35:25,606 INFO: [327/1600] Train_Loss_total: 5.1637 Test_Loss_total: 1.7928 Time: 1.5678s
2025-07-09 19:35:26,672 INFO: In epoch 328, pred_score1: tensor([0.2541], device='cuda:0', grad_fn=<SelectBackward0>), pred_score2: tensor([0.2788], device='cuda:0', grad_fn=<SelectBackward0>)
2025-07-09 19:35:26,672 INFO: pred: 0.16964581608772278
2025-07-09 19:35:27,029 INFO: [328/1600] Train_Loss_total: 5.1634 Test_Loss_total: 1.8081 Time: 1.4223s
2025-07-09 19:35:28,081 INFO: In epoch 329, pred_score1: tensor([0.1475], device='cuda:0', grad_fn=<SelectBackward0>), pred_score2: tensor([0.1708], device='cuda:0', grad_fn=<SelectBackward0>)
2025-07-09 19:35:28,081 INFO: pred: 0.07229369133710861
2025-07-09 19:35:28,425 INFO: [329/1600] Train_Loss_total: 5.163 Test_Loss_total: 1.7986 Time: 1.3962s
2025-07-09 19:35:29,485 INFO: In epoch 330, pred_score1: tensor([0.3112], device='cuda:0', grad_fn=<SelectBackward0>), pred_score2: tensor([0.2723], device='cuda:0', grad_fn=<SelectBackward0>)
2025-07-09 19:35:29,486 INFO: pred: 0.16231665015220642
2025-07-09 19:35:29,865 INFO: [330/1600] Train_Loss_total: 5.1624 Test_Loss_total: 1.8004 Time: 1.4394s
2025-07-09 19:35:30,938 INFO: In epoch 331, pred_score1: tensor([0.3460], device='cuda:0', grad_fn=<SelectBackward0>), pred_score2: tensor([0.6747], device='cuda:0', grad_fn=<SelectBackward0>)
2025-07-09 19:35:30,938 INFO: pred: 0.1140800192952156
2025-07-09 19:35:31,294 INFO: [331/1600] Train_Loss_total: 5.1618 Test_Loss_total: 1.7942 Time: 1.4292s
2025-07-09 19:35:32,378 INFO: In epoch 332, pred_score1: tensor([0.2911], device='cuda:0', grad_fn=<SelectBackward0>), pred_score2: tensor([0.3007], device='cuda:0', grad_fn=<SelectBackward0>)
2025-07-09 19:35:32,378 INFO: pred: 0.1500752866268158
2025-07-09 19:35:32,745 INFO: [332/1600] Train_Loss_total: 5.1613 Test_Loss_total: 1.8423 Time: 1.4511s
2025-07-09 19:35:33,801 INFO: In epoch 333, pred_score1: tensor([0.2934], device='cuda:0', grad_fn=<SelectBackward0>), pred_score2: tensor([0.2181], device='cuda:0', grad_fn=<SelectBackward0>)
2025-07-09 19:35:33,801 INFO: pred: 0.15269748866558075
2025-07-09 19:35:34,195 INFO: [333/1600] Train_Loss_total: 5.161 Test_Loss_total: 1.8136 Time: 1.4496s
2025-07-09 19:35:35,588 INFO: In epoch 334, pred_score1: tensor([0.2214], device='cuda:0', grad_fn=<SelectBackward0>), pred_score2: tensor([0.3578], device='cuda:0', grad_fn=<SelectBackward0>)
2025-07-09 19:35:35,588 INFO: pred: 0.1341416984796524
2025-07-09 19:35:36,118 INFO: [334/1600] Train_Loss_total: 5.1605 Test_Loss_total: 1.8178 Time: 1.9222s
2025-07-09 19:35:37,502 INFO: In epoch 335, pred_score1: tensor([0.2294], device='cuda:0', grad_fn=<SelectBackward0>), pred_score2: tensor([0.9192], device='cuda:0', grad_fn=<SelectBackward0>)
2025-07-09 19:35:37,502 INFO: pred: -0.07509274780750275
2025-07-09 19:35:37,870 INFO: [335/1600] Train_Loss_total: 5.1599 Test_Loss_total: 1.805 Time: 1.7523s
2025-07-09 19:35:38,920 INFO: In epoch 336, pred_score1: tensor([0.3507], device='cuda:0', grad_fn=<SelectBackward0>), pred_score2: tensor([0.1056], device='cuda:0', grad_fn=<SelectBackward0>)
2025-07-09 19:35:38,920 INFO: pred: 0.18689462542533875
2025-07-09 19:35:39,297 INFO: [336/1600] Train_Loss_total: 5.1596 Test_Loss_total: 1.8238 Time: 1.4269s
2025-07-09 19:35:40,376 INFO: In epoch 337, pred_score1: tensor([0.1515], device='cuda:0', grad_fn=<SelectBackward0>), pred_score2: tensor([0.2151], device='cuda:0', grad_fn=<SelectBackward0>)
2025-07-09 19:35:40,376 INFO: pred: 0.14531683921813965
2025-07-09 19:35:40,734 INFO: [337/1600] Train_Loss_total: 5.1589 Test_Loss_total: 1.8284 Time: 1.4367s
2025-07-09 19:35:41,808 INFO: In epoch 338, pred_score1: tensor([0.3352], device='cuda:0', grad_fn=<SelectBackward0>), pred_score2: tensor([0.1518], device='cuda:0', grad_fn=<SelectBackward0>)
2025-07-09 19:35:41,808 INFO: pred: 0.15874803066253662
2025-07-09 19:35:42,186 INFO: [338/1600] Train_Loss_total: 5.1586 Test_Loss_total: 1.7971 Time: 1.4511s
2025-07-09 19:35:43,278 INFO: In epoch 339, pred_score1: tensor([0.2495], device='cuda:0', grad_fn=<SelectBackward0>), pred_score2: tensor([0.2315], device='cuda:0', grad_fn=<SelectBackward0>)
2025-07-09 19:35:43,278 INFO: pred: -0.01802743226289749
2025-07-09 19:35:43,635 INFO: [339/1600] Train_Loss_total: 5.158 Test_Loss_total: 1.7986 Time: 1.4486s
2025-07-09 19:35:44,729 INFO: In epoch 340, pred_score1: tensor([0.3006], device='cuda:0', grad_fn=<SelectBackward0>), pred_score2: tensor([0.1573], device='cuda:0', grad_fn=<SelectBackward0>)
2025-07-09 19:35:44,729 INFO: pred: 0.21926678717136383
2025-07-09 19:35:45,096 INFO: [340/1600] Train_Loss_total: 5.1574 Test_Loss_total: 1.8104 Time: 1.4609s
2025-07-09 19:35:46,162 INFO: In epoch 341, pred_score1: tensor([0.2409], device='cuda:0', grad_fn=<SelectBackward0>), pred_score2: tensor([0.1635], device='cuda:0', grad_fn=<SelectBackward0>)
2025-07-09 19:35:46,162 INFO: pred: 0.10280943661928177
2025-07-09 19:35:46,527 INFO: [341/1600] Train_Loss_total: 5.1571 Test_Loss_total: 1.8009 Time: 1.4311s
2025-07-09 19:35:48,028 INFO: In epoch 342, pred_score1: tensor([0.1644], device='cuda:0', grad_fn=<SelectBackward0>), pred_score2: tensor([0.3462], device='cuda:0', grad_fn=<SelectBackward0>)
2025-07-09 19:35:48,028 INFO: pred: 0.16027462482452393
2025-07-09 19:35:48,578 INFO: [342/1600] Train_Loss_total: 5.1566 Test_Loss_total: 1.8005 Time: 2.0506s
2025-07-09 19:35:49,741 INFO: In epoch 343, pred_score1: tensor([0.2857], device='cuda:0', grad_fn=<SelectBackward0>), pred_score2: tensor([0.2075], device='cuda:0', grad_fn=<SelectBackward0>)
2025-07-09 19:35:49,741 INFO: pred: 0.04641392454504967
2025-07-09 19:35:50,106 INFO: [343/1600] Train_Loss_total: 5.1561 Test_Loss_total: 1.8209 Time: 1.5275s
2025-07-09 19:35:51,200 INFO: In epoch 344, pred_score1: tensor([0.2675], device='cuda:0', grad_fn=<SelectBackward0>), pred_score2: tensor([0.1692], device='cuda:0', grad_fn=<SelectBackward0>)
2025-07-09 19:35:51,201 INFO: pred: 0.1520567089319229
2025-07-09 19:35:51,571 INFO: [344/1600] Train_Loss_total: 5.1557 Test_Loss_total: 1.8285 Time: 1.4646s
2025-07-09 19:35:52,632 INFO: In epoch 345, pred_score1: tensor([0.2311], device='cuda:0', grad_fn=<SelectBackward0>), pred_score2: tensor([0.4850], device='cuda:0', grad_fn=<SelectBackward0>)
2025-07-09 19:35:52,632 INFO: pred: 0.11736993491649628
2025-07-09 19:35:52,994 INFO: [345/1600] Train_Loss_total: 5.1552 Test_Loss_total: 1.8365 Time: 1.4235s
2025-07-09 19:35:54,072 INFO: In epoch 346, pred_score1: tensor([0.2149], device='cuda:0', grad_fn=<SelectBackward0>), pred_score2: tensor([0.2469], device='cuda:0', grad_fn=<SelectBackward0>)
2025-07-09 19:35:54,072 INFO: pred: 0.14935797452926636
2025-07-09 19:35:54,426 INFO: [346/1600] Train_Loss_total: 5.1548 Test_Loss_total: 1.8461 Time: 1.4311s
2025-07-09 19:35:55,505 INFO: In epoch 347, pred_score1: tensor([0.1724], device='cuda:0', grad_fn=<SelectBackward0>), pred_score2: tensor([0.2868], device='cuda:0', grad_fn=<SelectBackward0>)
2025-07-09 19:35:55,505 INFO: pred: 0.10388583689928055
2025-07-09 19:35:55,885 INFO: [347/1600] Train_Loss_total: 5.1543 Test_Loss_total: 1.7877 Time: 1.4593s
2025-07-09 19:35:56,952 INFO: In epoch 348, pred_score1: tensor([0.2264], device='cuda:0', grad_fn=<SelectBackward0>), pred_score2: tensor([0.3423], device='cuda:0', grad_fn=<SelectBackward0>)
2025-07-09 19:35:56,952 INFO: pred: 0.16332557797431946
2025-07-09 19:35:57,309 INFO: [348/1600] Train_Loss_total: 5.1537 Test_Loss_total: 1.8054 Time: 1.4233s
2025-07-09 19:35:58,378 INFO: In epoch 349, pred_score1: tensor([0.4963], device='cuda:0', grad_fn=<SelectBackward0>), pred_score2: tensor([0.1272], device='cuda:0', grad_fn=<SelectBackward0>)
2025-07-09 19:35:58,378 INFO: pred: 0.16403186321258545
2025-07-09 19:35:58,738 INFO: [349/1600] Train_Loss_total: 5.1533 Test_Loss_total: 1.8361 Time: 1.4292s
2025-07-09 19:36:00,233 INFO: In epoch 350, pred_score1: tensor([0.4794], device='cuda:0', grad_fn=<SelectBackward0>), pred_score2: tensor([0.1847], device='cuda:0', grad_fn=<SelectBackward0>)
2025-07-09 19:36:00,233 INFO: pred: 0.10345547646284103
2025-07-09 19:36:00,808 INFO: [350/1600] Train_Loss_total: 5.1528 Test_Loss_total: 1.8128 Time: 2.0691s
2025-07-09 19:36:01,970 INFO: In epoch 351, pred_score1: tensor([0.6412], device='cuda:0', grad_fn=<SelectBackward0>), pred_score2: tensor([0.2775], device='cuda:0', grad_fn=<SelectBackward0>)
2025-07-09 19:36:01,970 INFO: pred: 0.14820463955402374
2025-07-09 19:36:02,333 INFO: [351/1600] Train_Loss_total: 5.1524 Test_Loss_total: 1.8129 Time: 1.525s
2025-07-09 19:36:03,399 INFO: In epoch 352, pred_score1: tensor([0.3160], device='cuda:0', grad_fn=<SelectBackward0>), pred_score2: tensor([0.2134], device='cuda:0', grad_fn=<SelectBackward0>)
2025-07-09 19:36:03,399 INFO: pred: 0.14466483891010284
2025-07-09 19:36:03,768 INFO: [352/1600] Train_Loss_total: 5.1519 Test_Loss_total: 1.8331 Time: 1.4348s
2025-07-09 19:36:04,830 INFO: In epoch 353, pred_score1: tensor([0.3145], device='cuda:0', grad_fn=<SelectBackward0>), pred_score2: tensor([0.3896], device='cuda:0', grad_fn=<SelectBackward0>)
2025-07-09 19:36:04,830 INFO: pred: 0.15106196701526642
2025-07-09 19:36:05,205 INFO: [353/1600] Train_Loss_total: 5.1516 Test_Loss_total: 1.8213 Time: 1.4367s
2025-07-09 19:36:06,264 INFO: In epoch 354, pred_score1: tensor([0.4868], device='cuda:0', grad_fn=<SelectBackward0>), pred_score2: tensor([0.1858], device='cuda:0', grad_fn=<SelectBackward0>)
2025-07-09 19:36:06,264 INFO: pred: 0.1012038066983223
2025-07-09 19:36:06,617 INFO: [354/1600] Train_Loss_total: 5.1511 Test_Loss_total: 1.8098 Time: 1.412s
2025-07-09 19:36:07,678 INFO: In epoch 355, pred_score1: tensor([0.2484], device='cuda:0', grad_fn=<SelectBackward0>), pred_score2: tensor([0.2057], device='cuda:0', grad_fn=<SelectBackward0>)
2025-07-09 19:36:07,678 INFO: pred: 0.1485465168952942
2025-07-09 19:36:08,048 INFO: [355/1600] Train_Loss_total: 5.1507 Test_Loss_total: 1.8296 Time: 1.4305s
2025-07-09 19:36:09,132 INFO: In epoch 356, pred_score1: tensor([0.3022], device='cuda:0', grad_fn=<SelectBackward0>), pred_score2: tensor([0.2720], device='cuda:0', grad_fn=<SelectBackward0>)
2025-07-09 19:36:09,132 INFO: pred: 0.16302374005317688
2025-07-09 19:36:09,482 INFO: [356/1600] Train_Loss_total: 5.15 Test_Loss_total: 1.7966 Time: 1.434s
2025-07-09 19:36:10,541 INFO: In epoch 357, pred_score1: tensor([0.2548], device='cuda:0', grad_fn=<SelectBackward0>), pred_score2: tensor([0.3151], device='cuda:0', grad_fn=<SelectBackward0>)
2025-07-09 19:36:10,541 INFO: pred: 0.15636906027793884
2025-07-09 19:36:10,895 INFO: [357/1600] Train_Loss_total: 5.1496 Test_Loss_total: 1.8077 Time: 1.4126s
2025-07-09 19:36:12,368 INFO: In epoch 358, pred_score1: tensor([0.2647], device='cuda:0', grad_fn=<SelectBackward0>), pred_score2: tensor([0.1672], device='cuda:0', grad_fn=<SelectBackward0>)
2025-07-09 19:36:12,368 INFO: pred: 0.1531609147787094
2025-07-09 19:36:13,179 INFO: [358/1600] Train_Loss_total: 5.149 Test_Loss_total: 1.8203 Time: 2.2837s
2025-07-09 19:36:14,244 INFO: In epoch 359, pred_score1: tensor([0.2540], device='cuda:0', grad_fn=<SelectBackward0>), pred_score2: tensor([0.2481], device='cuda:0', grad_fn=<SelectBackward0>)
2025-07-09 19:36:14,244 INFO: pred: 0.14622925221920013
2025-07-09 19:36:14,620 INFO: [359/1600] Train_Loss_total: 5.1487 Test_Loss_total: 1.8033 Time: 1.4402s
2025-07-09 19:36:15,676 INFO: In epoch 360, pred_score1: tensor([0.3718], device='cuda:0', grad_fn=<SelectBackward0>), pred_score2: tensor([0.2000], device='cuda:0', grad_fn=<SelectBackward0>)
2025-07-09 19:36:15,676 INFO: pred: 0.14870895445346832
2025-07-09 19:36:16,039 INFO: [360/1600] Train_Loss_total: 5.1481 Test_Loss_total: 1.8043 Time: 1.4188s
2025-07-09 19:36:17,068 INFO: In epoch 361, pred_score1: tensor([0.3236], device='cuda:0', grad_fn=<SelectBackward0>), pred_score2: tensor([0.2137], device='cuda:0', grad_fn=<SelectBackward0>)
2025-07-09 19:36:17,069 INFO: pred: 0.1565953642129898
2025-07-09 19:36:17,421 INFO: [361/1600] Train_Loss_total: 5.1478 Test_Loss_total: 1.8157 Time: 1.3821s
2025-07-09 19:36:18,489 INFO: In epoch 362, pred_score1: tensor([0.2383], device='cuda:0', grad_fn=<SelectBackward0>), pred_score2: tensor([0.2705], device='cuda:0', grad_fn=<SelectBackward0>)
2025-07-09 19:36:18,490 INFO: pred: 0.14648382365703583
2025-07-09 19:36:18,845 INFO: [362/1600] Train_Loss_total: 5.1472 Test_Loss_total: 1.7963 Time: 1.4233s
2025-07-09 19:36:19,920 INFO: In epoch 363, pred_score1: tensor([0.1844], device='cuda:0', grad_fn=<SelectBackward0>), pred_score2: tensor([0.2905], device='cuda:0', grad_fn=<SelectBackward0>)
2025-07-09 19:36:19,920 INFO: pred: 0.16436819732189178
2025-07-09 19:36:20,269 INFO: [363/1600] Train_Loss_total: 5.1467 Test_Loss_total: 1.8011 Time: 1.4244s
2025-07-09 19:36:21,347 INFO: In epoch 364, pred_score1: tensor([0.1584], device='cuda:0', grad_fn=<SelectBackward0>), pred_score2: tensor([0.2297], device='cuda:0', grad_fn=<SelectBackward0>)
2025-07-09 19:36:21,347 INFO: pred: 0.1496637463569641
2025-07-09 19:36:21,729 INFO: [364/1600] Train_Loss_total: 5.1463 Test_Loss_total: 1.8041 Time: 1.46s
2025-07-09 19:36:22,824 INFO: In epoch 365, pred_score1: tensor([0.3723], device='cuda:0', grad_fn=<SelectBackward0>), pred_score2: tensor([0.1007], device='cuda:0', grad_fn=<SelectBackward0>)
2025-07-09 19:36:22,824 INFO: pred: 0.15099315345287323
2025-07-09 19:36:23,199 INFO: [365/1600] Train_Loss_total: 5.1459 Test_Loss_total: 1.8083 Time: 1.4688s
2025-07-09 19:36:24,729 INFO: In epoch 366, pred_score1: tensor([0.3069], device='cuda:0', grad_fn=<SelectBackward0>), pred_score2: tensor([0.2831], device='cuda:0', grad_fn=<SelectBackward0>)
2025-07-09 19:36:24,730 INFO: pred: 0.14153222739696503
2025-07-09 19:36:25,297 INFO: [366/1600] Train_Loss_total: 5.1453 Test_Loss_total: 1.8237 Time: 2.0983s
2025-07-09 19:36:26,414 INFO: In epoch 367, pred_score1: tensor([0.3089], device='cuda:0', grad_fn=<SelectBackward0>), pred_score2: tensor([0.2365], device='cuda:0', grad_fn=<SelectBackward0>)
2025-07-09 19:36:26,414 INFO: pred: 0.1343185305595398
2025-07-09 19:36:26,784 INFO: [367/1600] Train_Loss_total: 5.1448 Test_Loss_total: 1.8067 Time: 1.4864s
2025-07-09 19:36:27,855 INFO: In epoch 368, pred_score1: tensor([0.3936], device='cuda:0', grad_fn=<SelectBackward0>), pred_score2: tensor([0.2888], device='cuda:0', grad_fn=<SelectBackward0>)
2025-07-09 19:36:27,855 INFO: pred: 0.1399053931236267
2025-07-09 19:36:28,222 INFO: [368/1600] Train_Loss_total: 5.1444 Test_Loss_total: 1.8011 Time: 1.4373s
2025-07-09 19:36:29,292 INFO: In epoch 369, pred_score1: tensor([0.2132], device='cuda:0', grad_fn=<SelectBackward0>), pred_score2: tensor([0.1868], device='cuda:0', grad_fn=<SelectBackward0>)
2025-07-09 19:36:29,292 INFO: pred: 0.13928498327732086
2025-07-09 19:36:29,657 INFO: [369/1600] Train_Loss_total: 5.1441 Test_Loss_total: 1.8255 Time: 1.4347s
2025-07-09 19:36:30,717 INFO: In epoch 370, pred_score1: tensor([0.3368], device='cuda:0', grad_fn=<SelectBackward0>), pred_score2: tensor([0.2282], device='cuda:0', grad_fn=<SelectBackward0>)
2025-07-09 19:36:30,717 INFO: pred: 0.16356787085533142
2025-07-09 19:36:31,089 INFO: [370/1600] Train_Loss_total: 5.1436 Test_Loss_total: 1.84 Time: 1.4326s
2025-07-09 19:36:32,128 INFO: In epoch 371, pred_score1: tensor([0.3334], device='cuda:0', grad_fn=<SelectBackward0>), pred_score2: tensor([0.5631], device='cuda:0', grad_fn=<SelectBackward0>)
2025-07-09 19:36:32,128 INFO: pred: 0.12004318088293076
2025-07-09 19:36:32,492 INFO: [371/1600] Train_Loss_total: 5.1431 Test_Loss_total: 1.8219 Time: 1.4024s
2025-07-09 19:36:33,585 INFO: In epoch 372, pred_score1: tensor([0.1627], device='cuda:0', grad_fn=<SelectBackward0>), pred_score2: tensor([0.2772], device='cuda:0', grad_fn=<SelectBackward0>)
2025-07-09 19:36:33,585 INFO: pred: 0.12570248544216156
2025-07-09 19:36:33,949 INFO: [372/1600] Train_Loss_total: 5.1426 Test_Loss_total: 1.8036 Time: 1.4564s
2025-07-09 19:36:35,021 INFO: In epoch 373, pred_score1: tensor([0.6182], device='cuda:0', grad_fn=<SelectBackward0>), pred_score2: tensor([0.3398], device='cuda:0', grad_fn=<SelectBackward0>)
2025-07-09 19:36:35,021 INFO: pred: 0.11935077607631683
2025-07-09 19:36:35,408 INFO: [373/1600] Train_Loss_total: 5.1422 Test_Loss_total: 1.7967 Time: 1.4593s
2025-07-09 19:36:36,896 INFO: In epoch 374, pred_score1: tensor([0.3981], device='cuda:0', grad_fn=<SelectBackward0>), pred_score2: tensor([0.1617], device='cuda:0', grad_fn=<SelectBackward0>)
2025-07-09 19:36:36,896 INFO: pred: 0.13605986535549164
2025-07-09 19:36:37,468 INFO: [374/1600] Train_Loss_total: 5.1418 Test_Loss_total: 1.7849 Time: 2.0594s
2025-07-09 19:36:38,550 INFO: In epoch 375, pred_score1: tensor([0.2933], device='cuda:0', grad_fn=<SelectBackward0>), pred_score2: tensor([0.1653], device='cuda:0', grad_fn=<SelectBackward0>)
2025-07-09 19:36:38,550 INFO: pred: 0.16571970283985138
2025-07-09 19:36:38,911 INFO: [375/1600] Train_Loss_total: 5.1413 Test_Loss_total: 1.7844 Time: 1.4423s
2025-07-09 19:36:39,969 INFO: In epoch 376, pred_score1: tensor([0.1514], device='cuda:0', grad_fn=<SelectBackward0>), pred_score2: tensor([0.3422], device='cuda:0', grad_fn=<SelectBackward0>)
2025-07-09 19:36:39,970 INFO: pred: 0.16217754781246185
2025-07-09 19:36:40,336 INFO: [376/1600] Train_Loss_total: 5.1409 Test_Loss_total: 1.8019 Time: 1.4251s
2025-07-09 19:36:41,384 INFO: In epoch 377, pred_score1: tensor([0.2107], device='cuda:0', grad_fn=<SelectBackward0>), pred_score2: tensor([0.3341], device='cuda:0', grad_fn=<SelectBackward0>)
2025-07-09 19:36:41,384 INFO: pred: 0.14135222136974335
2025-07-09 19:36:41,741 INFO: [377/1600] Train_Loss_total: 5.1404 Test_Loss_total: 1.8267 Time: 1.4047s
2025-07-09 19:36:42,836 INFO: In epoch 378, pred_score1: tensor([0.3055], device='cuda:0', grad_fn=<SelectBackward0>), pred_score2: tensor([0.3249], device='cuda:0', grad_fn=<SelectBackward0>)
2025-07-09 19:36:42,836 INFO: pred: 0.1417444497346878
2025-07-09 19:36:43,200 INFO: [378/1600] Train_Loss_total: 5.14 Test_Loss_total: 1.8087 Time: 1.4584s
2025-07-09 19:36:44,265 INFO: In epoch 379, pred_score1: tensor([0.3133], device='cuda:0', grad_fn=<SelectBackward0>), pred_score2: tensor([0.2872], device='cuda:0', grad_fn=<SelectBackward0>)
2025-07-09 19:36:44,266 INFO: pred: 0.14466668665409088
2025-07-09 19:36:44,644 INFO: [379/1600] Train_Loss_total: 5.1395 Test_Loss_total: 1.8081 Time: 1.4437s
2025-07-09 19:36:45,735 INFO: In epoch 380, pred_score1: tensor([0.2075], device='cuda:0', grad_fn=<SelectBackward0>), pred_score2: tensor([0.3166], device='cuda:0', grad_fn=<SelectBackward0>)
2025-07-09 19:36:45,735 INFO: pred: 0.1559288203716278
2025-07-09 19:36:46,101 INFO: [380/1600] Train_Loss_total: 5.139 Test_Loss_total: 1.7955 Time: 1.4569s
2025-07-09 19:36:47,141 INFO: In epoch 381, pred_score1: tensor([0.2807], device='cuda:0', grad_fn=<SelectBackward0>), pred_score2: tensor([0.3826], device='cuda:0', grad_fn=<SelectBackward0>)
2025-07-09 19:36:47,141 INFO: pred: 0.14999668300151825
2025-07-09 19:36:47,505 INFO: [381/1600] Train_Loss_total: 5.1385 Test_Loss_total: 1.8071 Time: 1.4037s
2025-07-09 19:36:49,010 INFO: In epoch 382, pred_score1: tensor([0.2032], device='cuda:0', grad_fn=<SelectBackward0>), pred_score2: tensor([0.4253], device='cuda:0', grad_fn=<SelectBackward0>)
2025-07-09 19:36:49,010 INFO: pred: 0.1402435302734375
2025-07-09 19:36:49,770 INFO: [382/1600] Train_Loss_total: 5.1382 Test_Loss_total: 1.809 Time: 2.2651s
2025-07-09 19:36:50,843 INFO: In epoch 383, pred_score1: tensor([0.6425], device='cuda:0', grad_fn=<SelectBackward0>), pred_score2: tensor([0.1834], device='cuda:0', grad_fn=<SelectBackward0>)
2025-07-09 19:36:50,843 INFO: pred: 0.23693886399269104
2025-07-09 19:36:51,208 INFO: [383/1600] Train_Loss_total: 5.1376 Test_Loss_total: 1.8103 Time: 1.4372s
2025-07-09 19:36:52,271 INFO: In epoch 384, pred_score1: tensor([0.2079], device='cuda:0', grad_fn=<SelectBackward0>), pred_score2: tensor([0.3205], device='cuda:0', grad_fn=<SelectBackward0>)
2025-07-09 19:36:52,271 INFO: pred: 0.1563112884759903
2025-07-09 19:36:52,645 INFO: [384/1600] Train_Loss_total: 5.1371 Test_Loss_total: 1.8338 Time: 1.437s
2025-07-09 19:36:53,722 INFO: In epoch 385, pred_score1: tensor([0.2888], device='cuda:0', grad_fn=<SelectBackward0>), pred_score2: tensor([0.7940], device='cuda:0', grad_fn=<SelectBackward0>)
2025-07-09 19:36:53,722 INFO: pred: 0.13352259993553162
2025-07-09 19:36:54,102 INFO: [385/1600] Train_Loss_total: 5.1367 Test_Loss_total: 1.8021 Time: 1.4571s
2025-07-09 19:36:55,216 INFO: In epoch 386, pred_score1: tensor([0.3315], device='cuda:0', grad_fn=<SelectBackward0>), pred_score2: tensor([0.2982], device='cuda:0', grad_fn=<SelectBackward0>)
2025-07-09 19:36:55,216 INFO: pred: 0.1696167141199112
2025-07-09 19:36:55,588 INFO: [386/1600] Train_Loss_total: 5.1362 Test_Loss_total: 1.8099 Time: 1.4853s
2025-07-09 19:36:56,658 INFO: In epoch 387, pred_score1: tensor([0.9699], device='cuda:0', grad_fn=<SelectBackward0>), pred_score2: tensor([0.2181], device='cuda:0', grad_fn=<SelectBackward0>)
2025-07-09 19:36:56,658 INFO: pred: 0.09375741332769394
2025-07-09 19:36:57,036 INFO: [387/1600] Train_Loss_total: 5.1357 Test_Loss_total: 1.7862 Time: 1.4476s
2025-07-09 19:36:58,105 INFO: In epoch 388, pred_score1: tensor([0.2055], device='cuda:0', grad_fn=<SelectBackward0>), pred_score2: tensor([0.1869], device='cuda:0', grad_fn=<SelectBackward0>)
2025-07-09 19:36:58,106 INFO: pred: 0.1422276645898819
2025-07-09 19:36:58,465 INFO: [388/1600] Train_Loss_total: 5.1352 Test_Loss_total: 1.8046 Time: 1.4287s
2025-07-09 19:36:59,528 INFO: In epoch 389, pred_score1: tensor([0.1985], device='cuda:0', grad_fn=<SelectBackward0>), pred_score2: tensor([0.2234], device='cuda:0', grad_fn=<SelectBackward0>)
2025-07-09 19:36:59,528 INFO: pred: 0.17555096745491028
2025-07-09 19:37:00,030 INFO: [389/1600] Train_Loss_total: 5.1349 Test_Loss_total: 1.8019 Time: 1.5652s
2025-07-09 19:37:01,520 INFO: In epoch 390, pred_score1: tensor([0.1869], device='cuda:0', grad_fn=<SelectBackward0>), pred_score2: tensor([0.2185], device='cuda:0', grad_fn=<SelectBackward0>)
2025-07-09 19:37:01,520 INFO: pred: 0.17837460339069366
2025-07-09 19:37:01,979 INFO: [390/1600] Train_Loss_total: 5.1343 Test_Loss_total: 1.8023 Time: 1.949s
2025-07-09 19:37:03,051 INFO: In epoch 391, pred_score1: tensor([0.2581], device='cuda:0', grad_fn=<SelectBackward0>), pred_score2: tensor([0.1605], device='cuda:0', grad_fn=<SelectBackward0>)
2025-07-09 19:37:03,051 INFO: pred: 0.15541747212409973
2025-07-09 19:37:03,425 INFO: [391/1600] Train_Loss_total: 5.1338 Test_Loss_total: 1.8339 Time: 1.4449s
2025-07-09 19:37:04,485 INFO: In epoch 392, pred_score1: tensor([0.3533], device='cuda:0', grad_fn=<SelectBackward0>), pred_score2: tensor([0.3172], device='cuda:0', grad_fn=<SelectBackward0>)
2025-07-09 19:37:04,486 INFO: pred: 0.15681076049804688
2025-07-09 19:37:04,840 INFO: [392/1600] Train_Loss_total: 5.1333 Test_Loss_total: 1.7877 Time: 1.4157s
2025-07-09 19:37:05,922 INFO: In epoch 393, pred_score1: tensor([0.3571], device='cuda:0', grad_fn=<SelectBackward0>), pred_score2: tensor([0.1255], device='cuda:0', grad_fn=<SelectBackward0>)
2025-07-09 19:37:05,922 INFO: pred: 0.14924190938472748
2025-07-09 19:37:06,314 INFO: [393/1600] Train_Loss_total: 5.133 Test_Loss_total: 1.8101 Time: 1.4729s
2025-07-09 19:37:07,398 INFO: In epoch 394, pred_score1: tensor([0.1612], device='cuda:0', grad_fn=<SelectBackward0>), pred_score2: tensor([0.2698], device='cuda:0', grad_fn=<SelectBackward0>)
2025-07-09 19:37:07,398 INFO: pred: 0.1268497109413147
2025-07-09 19:37:07,756 INFO: [394/1600] Train_Loss_total: 5.1327 Test_Loss_total: 1.8008 Time: 1.4426s
2025-07-09 19:37:08,816 INFO: In epoch 395, pred_score1: tensor([0.6130], device='cuda:0', grad_fn=<SelectBackward0>), pred_score2: tensor([0.2317], device='cuda:0', grad_fn=<SelectBackward0>)
2025-07-09 19:37:08,817 INFO: pred: 0.15502765774726868
2025-07-09 19:37:09,177 INFO: [395/1600] Train_Loss_total: 5.1322 Test_Loss_total: 1.8168 Time: 1.4206s
2025-07-09 19:37:10,253 INFO: In epoch 396, pred_score1: tensor([0.2307], device='cuda:0', grad_fn=<SelectBackward0>), pred_score2: tensor([0.2743], device='cuda:0', grad_fn=<SelectBackward0>)
2025-07-09 19:37:10,253 INFO: pred: 0.05219283699989319
2025-07-09 19:37:10,631 INFO: [396/1600] Train_Loss_total: 5.1316 Test_Loss_total: 1.7952 Time: 1.453s
2025-07-09 19:37:11,686 INFO: In epoch 397, pred_score1: tensor([0.9192], device='cuda:0', grad_fn=<SelectBackward0>), pred_score2: tensor([0.2434], device='cuda:0', grad_fn=<SelectBackward0>)
2025-07-09 19:37:11,686 INFO: pred: 0.12068501114845276
2025-07-09 19:37:12,189 INFO: [397/1600] Train_Loss_total: 5.1312 Test_Loss_total: 1.7833 Time: 1.5586s
2025-07-09 19:37:13,759 INFO: In epoch 398, pred_score1: tensor([0.3168], device='cuda:0', grad_fn=<SelectBackward0>), pred_score2: tensor([0.2125], device='cuda:0', grad_fn=<SelectBackward0>)
2025-07-09 19:37:13,759 INFO: pred: 0.15807613730430603
2025-07-09 19:37:14,200 INFO: [398/1600] Train_Loss_total: 5.1308 Test_Loss_total: 1.837 Time: 2.01s
2025-07-09 19:37:15,263 INFO: In epoch 399, pred_score1: tensor([0.2454], device='cuda:0', grad_fn=<SelectBackward0>), pred_score2: tensor([0.1211], device='cuda:0', grad_fn=<SelectBackward0>)
2025-07-09 19:37:15,263 INFO: pred: 0.17928795516490936
2025-07-09 19:37:15,658 INFO: [399/1600] Train_Loss_total: 5.1301 Test_Loss_total: 1.8045 Time: 1.4579s
2025-07-09 19:37:16,739 INFO: In epoch 400, pred_score1: tensor([0.3221], device='cuda:0', grad_fn=<SelectBackward0>), pred_score2: tensor([0.7488], device='cuda:0', grad_fn=<SelectBackward0>)
2025-07-09 19:37:16,739 INFO: pred: 0.13524949550628662
2025-07-09 19:37:17,103 INFO: [400/1600] Train_Loss_total: 5.1298 Test_Loss_total: 1.7862 Time: 1.4449s
2025-07-09 19:37:18,180 INFO: In epoch 401, pred_score1: tensor([0.8673], device='cuda:0', grad_fn=<SelectBackward0>), pred_score2: tensor([0.3010], device='cuda:0', grad_fn=<SelectBackward0>)
2025-07-09 19:37:18,180 INFO: pred: 0.13929906487464905
2025-07-09 19:37:18,541 INFO: [401/1600] Train_Loss_total: 5.1292 Test_Loss_total: 1.7827 Time: 1.4381s
2025-07-09 19:37:19,614 INFO: In epoch 402, pred_score1: tensor([0.2769], device='cuda:0', grad_fn=<SelectBackward0>), pred_score2: tensor([0.2474], device='cuda:0', grad_fn=<SelectBackward0>)
2025-07-09 19:37:19,615 INFO: pred: 0.15997081995010376
2025-07-09 19:37:19,996 INFO: [402/1600] Train_Loss_total: 5.129 Test_Loss_total: 1.8419 Time: 1.4544s
2025-07-09 19:37:21,060 INFO: In epoch 403, pred_score1: tensor([0.3037], device='cuda:0', grad_fn=<SelectBackward0>), pred_score2: tensor([0.2778], device='cuda:0', grad_fn=<SelectBackward0>)
2025-07-09 19:37:21,061 INFO: pred: 0.14678780734539032
2025-07-09 19:37:21,427 INFO: [403/1600] Train_Loss_total: 5.1283 Test_Loss_total: 1.8045 Time: 1.4308s
2025-07-09 19:37:22,496 INFO: In epoch 404, pred_score1: tensor([0.2793], device='cuda:0', grad_fn=<SelectBackward0>), pred_score2: tensor([0.2355], device='cuda:0', grad_fn=<SelectBackward0>)
2025-07-09 19:37:22,497 INFO: pred: 0.13383661210536957
2025-07-09 19:37:22,871 INFO: [404/1600] Train_Loss_total: 5.1283 Test_Loss_total: 1.7846 Time: 1.4433s
2025-07-09 19:37:23,932 INFO: In epoch 405, pred_score1: tensor([0.2131], device='cuda:0', grad_fn=<SelectBackward0>), pred_score2: tensor([0.1528], device='cuda:0', grad_fn=<SelectBackward0>)
2025-07-09 19:37:23,932 INFO: pred: 0.172581285238266
2025-07-09 19:37:24,446 INFO: [405/1600] Train_Loss_total: 5.1275 Test_Loss_total: 1.7829 Time: 1.5754s
2025-07-09 19:37:26,008 INFO: In epoch 406, pred_score1: tensor([0.1871], device='cuda:0', grad_fn=<SelectBackward0>), pred_score2: tensor([0.1995], device='cuda:0', grad_fn=<SelectBackward0>)
2025-07-09 19:37:26,009 INFO: pred: 0.10445379465818405
2025-07-09 19:37:26,426 INFO: [406/1600] Train_Loss_total: 5.1269 Test_Loss_total: 1.7937 Time: 1.9794s
2025-07-09 19:37:27,513 INFO: In epoch 407, pred_score1: tensor([0.2191], device='cuda:0', grad_fn=<SelectBackward0>), pred_score2: tensor([0.2611], device='cuda:0', grad_fn=<SelectBackward0>)
2025-07-09 19:37:27,513 INFO: pred: 0.1509406864643097
2025-07-09 19:37:27,873 INFO: [407/1600] Train_Loss_total: 5.1266 Test_Loss_total: 1.8002 Time: 1.4465s
2025-07-09 19:37:28,937 INFO: In epoch 408, pred_score1: tensor([0.3011], device='cuda:0', grad_fn=<SelectBackward0>), pred_score2: tensor([0.2301], device='cuda:0', grad_fn=<SelectBackward0>)
2025-07-09 19:37:28,937 INFO: pred: 0.13673365116119385
2025-07-09 19:37:29,314 INFO: [408/1600] Train_Loss_total: 5.1262 Test_Loss_total: 1.8208 Time: 1.441s
2025-07-09 19:37:30,388 INFO: In epoch 409, pred_score1: tensor([0.2550], device='cuda:0', grad_fn=<SelectBackward0>), pred_score2: tensor([0.1572], device='cuda:0', grad_fn=<SelectBackward0>)
2025-07-09 19:37:30,388 INFO: pred: 0.15668469667434692
2025-07-09 19:37:30,756 INFO: [409/1600] Train_Loss_total: 5.1258 Test_Loss_total: 1.7973 Time: 1.4423s
2025-07-09 19:37:31,822 INFO: In epoch 410, pred_score1: tensor([0.4978], device='cuda:0', grad_fn=<SelectBackward0>), pred_score2: tensor([0.2763], device='cuda:0', grad_fn=<SelectBackward0>)
2025-07-09 19:37:31,822 INFO: pred: 0.1615065336227417
2025-07-09 19:37:32,201 INFO: [410/1600] Train_Loss_total: 5.1253 Test_Loss_total: 1.8201 Time: 1.4439s
2025-07-09 19:37:33,258 INFO: In epoch 411, pred_score1: tensor([0.2289], device='cuda:0', grad_fn=<SelectBackward0>), pred_score2: tensor([0.2593], device='cuda:0', grad_fn=<SelectBackward0>)
2025-07-09 19:37:33,259 INFO: pred: 0.12206735461950302
2025-07-09 19:37:33,617 INFO: [411/1600] Train_Loss_total: 5.1248 Test_Loss_total: 1.8133 Time: 1.4163s
2025-07-09 19:37:34,696 INFO: In epoch 412, pred_score1: tensor([0.3722], device='cuda:0', grad_fn=<SelectBackward0>), pred_score2: tensor([0.3377], device='cuda:0', grad_fn=<SelectBackward0>)
2025-07-09 19:37:34,696 INFO: pred: 0.15380129218101501
2025-07-09 19:37:35,050 INFO: [412/1600] Train_Loss_total: 5.1243 Test_Loss_total: 1.8026 Time: 1.4331s
2025-07-09 19:37:36,147 INFO: In epoch 413, pred_score1: tensor([0.1914], device='cuda:0', grad_fn=<SelectBackward0>), pred_score2: tensor([0.9258], device='cuda:0', grad_fn=<SelectBackward0>)
2025-07-09 19:37:36,147 INFO: pred: 0.0004097238415852189
2025-07-09 19:37:36,683 INFO: [413/1600] Train_Loss_total: 5.1238 Test_Loss_total: 1.7903 Time: 1.6327s
2025-07-09 19:37:38,279 INFO: In epoch 414, pred_score1: tensor([0.2121], device='cuda:0', grad_fn=<SelectBackward0>), pred_score2: tensor([0.1495], device='cuda:0', grad_fn=<SelectBackward0>)
2025-07-09 19:37:38,279 INFO: pred: 0.19047459959983826
2025-07-09 19:37:38,644 INFO: [414/1600] Train_Loss_total: 5.1233 Test_Loss_total: 1.8286 Time: 1.9607s
2025-07-09 19:37:39,716 INFO: In epoch 415, pred_score1: tensor([0.4832], device='cuda:0', grad_fn=<SelectBackward0>), pred_score2: tensor([0.2983], device='cuda:0', grad_fn=<SelectBackward0>)
2025-07-09 19:37:39,716 INFO: pred: 0.1594889760017395
2025-07-09 19:37:40,071 INFO: [415/1600] Train_Loss_total: 5.1233 Test_Loss_total: 1.8342 Time: 1.4264s
2025-07-09 19:37:41,125 INFO: In epoch 416, pred_score1: tensor([0.2903], device='cuda:0', grad_fn=<SelectBackward0>), pred_score2: tensor([0.2965], device='cuda:0', grad_fn=<SelectBackward0>)
2025-07-09 19:37:41,125 INFO: pred: 0.1420789211988449
2025-07-09 19:37:41,472 INFO: [416/1600] Train_Loss_total: 5.1224 Test_Loss_total: 1.7958 Time: 1.4007s
2025-07-09 19:37:42,548 INFO: In epoch 417, pred_score1: tensor([0.8152], device='cuda:0', grad_fn=<SelectBackward0>), pred_score2: tensor([0.2494], device='cuda:0', grad_fn=<SelectBackward0>)
2025-07-09 19:37:42,549 INFO: pred: 0.1770937740802765
2025-07-09 19:37:42,931 INFO: [417/1600] Train_Loss_total: 5.1219 Test_Loss_total: 1.7926 Time: 1.4584s
2025-07-09 19:37:43,994 INFO: In epoch 418, pred_score1: tensor([0.2033], device='cuda:0', grad_fn=<SelectBackward0>), pred_score2: tensor([0.3041], device='cuda:0', grad_fn=<SelectBackward0>)
2025-07-09 19:37:43,995 INFO: pred: 0.15992365777492523
2025-07-09 19:37:44,349 INFO: [418/1600] Train_Loss_total: 5.1215 Test_Loss_total: 1.7981 Time: 1.4187s
2025-07-09 19:37:45,399 INFO: In epoch 419, pred_score1: tensor([0.1303], device='cuda:0', grad_fn=<SelectBackward0>), pred_score2: tensor([0.3174], device='cuda:0', grad_fn=<SelectBackward0>)
2025-07-09 19:37:45,400 INFO: pred: 0.1470530778169632
2025-07-09 19:37:45,759 INFO: [419/1600] Train_Loss_total: 5.1211 Test_Loss_total: 1.7971 Time: 1.4098s
2025-07-09 19:37:46,829 INFO: In epoch 420, pred_score1: tensor([0.1201], device='cuda:0', grad_fn=<SelectBackward0>), pred_score2: tensor([0.2154], device='cuda:0', grad_fn=<SelectBackward0>)
2025-07-09 19:37:46,829 INFO: pred: 0.09886760264635086
2025-07-09 19:37:47,191 INFO: [420/1600] Train_Loss_total: 5.1206 Test_Loss_total: 1.788 Time: 1.4309s
2025-07-09 19:37:48,288 INFO: In epoch 421, pred_score1: tensor([0.1653], device='cuda:0', grad_fn=<SelectBackward0>), pred_score2: tensor([0.2101], device='cuda:0', grad_fn=<SelectBackward0>)
2025-07-09 19:37:48,289 INFO: pred: 0.1811693012714386
2025-07-09 19:37:48,816 INFO: [421/1600] Train_Loss_total: 5.1203 Test_Loss_total: 1.8067 Time: 1.6254s
2025-07-09 19:37:50,358 INFO: In epoch 422, pred_score1: tensor([0.3117], device='cuda:0', grad_fn=<SelectBackward0>), pred_score2: tensor([0.3875], device='cuda:0', grad_fn=<SelectBackward0>)
2025-07-09 19:37:50,358 INFO: pred: 0.14432327449321747
2025-07-09 19:37:50,760 INFO: [422/1600] Train_Loss_total: 5.1198 Test_Loss_total: 1.8357 Time: 1.9431s
2025-07-09 19:37:51,821 INFO: In epoch 423, pred_score1: tensor([0.2731], device='cuda:0', grad_fn=<SelectBackward0>), pred_score2: tensor([0.2672], device='cuda:0', grad_fn=<SelectBackward0>)
2025-07-09 19:37:51,821 INFO: pred: 0.16586308181285858
2025-07-09 19:37:52,188 INFO: [423/1600] Train_Loss_total: 5.1193 Test_Loss_total: 1.7977 Time: 1.4276s
2025-07-09 19:37:53,415 INFO: In epoch 424, pred_score1: tensor([0.2382], device='cuda:0', grad_fn=<SelectBackward0>), pred_score2: tensor([0.1390], device='cuda:0', grad_fn=<SelectBackward0>)
2025-07-09 19:37:53,415 INFO: pred: 0.23269645869731903
2025-07-09 19:37:53,768 INFO: [424/1600] Train_Loss_total: 5.119 Test_Loss_total: 1.7901 Time: 1.5806s
2025-07-09 19:37:54,838 INFO: In epoch 425, pred_score1: tensor([0.2711], device='cuda:0', grad_fn=<SelectBackward0>), pred_score2: tensor([0.2422], device='cuda:0', grad_fn=<SelectBackward0>)
2025-07-09 19:37:54,838 INFO: pred: 0.14980413019657135
2025-07-09 19:37:55,206 INFO: [425/1600] Train_Loss_total: 5.1186 Test_Loss_total: 1.8067 Time: 1.4372s
2025-07-09 19:37:56,263 INFO: In epoch 426, pred_score1: tensor([0.1860], device='cuda:0', grad_fn=<SelectBackward0>), pred_score2: tensor([0.1881], device='cuda:0', grad_fn=<SelectBackward0>)
2025-07-09 19:37:56,263 INFO: pred: 0.14838553965091705
2025-07-09 19:37:56,614 INFO: [426/1600] Train_Loss_total: 5.1181 Test_Loss_total: 1.8177 Time: 1.4076s
2025-07-09 19:37:57,681 INFO: In epoch 427, pred_score1: tensor([0.2347], device='cuda:0', grad_fn=<SelectBackward0>), pred_score2: tensor([0.2363], device='cuda:0', grad_fn=<SelectBackward0>)
2025-07-09 19:37:57,682 INFO: pred: 0.14893321692943573
2025-07-09 19:37:58,038 INFO: [427/1600] Train_Loss_total: 5.1175 Test_Loss_total: 1.7995 Time: 1.4237s
2025-07-09 19:37:59,116 INFO: In epoch 428, pred_score1: tensor([0.2640], device='cuda:0', grad_fn=<SelectBackward0>), pred_score2: tensor([0.2010], device='cuda:0', grad_fn=<SelectBackward0>)
2025-07-09 19:37:59,116 INFO: pred: 0.16122154891490936
2025-07-09 19:37:59,472 INFO: [428/1600] Train_Loss_total: 5.117 Test_Loss_total: 1.8061 Time: 1.4342s
2025-07-09 19:38:00,627 INFO: In epoch 429, pred_score1: tensor([0.1736], device='cuda:0', grad_fn=<SelectBackward0>), pred_score2: tensor([0.2110], device='cuda:0', grad_fn=<SelectBackward0>)
2025-07-09 19:38:00,627 INFO: pred: 0.18039901554584503
2025-07-09 19:38:01,137 INFO: [429/1600] Train_Loss_total: 5.1166 Test_Loss_total: 1.787 Time: 1.6642s
2025-07-09 19:38:02,684 INFO: In epoch 430, pred_score1: tensor([0.2621], device='cuda:0', grad_fn=<SelectBackward0>), pred_score2: tensor([0.2024], device='cuda:0', grad_fn=<SelectBackward0>)
2025-07-09 19:38:02,684 INFO: pred: 0.16089539229869843
2025-07-09 19:38:03,040 INFO: [430/1600] Train_Loss_total: 5.1163 Test_Loss_total: 1.8112 Time: 1.9035s
2025-07-09 19:38:04,122 INFO: In epoch 431, pred_score1: tensor([0.2696], device='cuda:0', grad_fn=<SelectBackward0>), pred_score2: tensor([0.1963], device='cuda:0', grad_fn=<SelectBackward0>)
2025-07-09 19:38:04,122 INFO: pred: 0.14604784548282623
2025-07-09 19:38:04,487 INFO: [431/1600] Train_Loss_total: 5.1157 Test_Loss_total: 1.7926 Time: 1.4461s
2025-07-09 19:38:05,566 INFO: In epoch 432, pred_score1: tensor([0.9725], device='cuda:0', grad_fn=<SelectBackward0>), pred_score2: tensor([0.2104], device='cuda:0', grad_fn=<SelectBackward0>)
2025-07-09 19:38:05,566 INFO: pred: 0.08839639276266098
2025-07-09 19:38:05,918 INFO: [432/1600] Train_Loss_total: 5.1153 Test_Loss_total: 1.7816 Time: 1.4309s
2025-07-09 19:38:06,988 INFO: In epoch 433, pred_score1: tensor([0.2615], device='cuda:0', grad_fn=<SelectBackward0>), pred_score2: tensor([0.2328], device='cuda:0', grad_fn=<SelectBackward0>)
2025-07-09 19:38:06,988 INFO: pred: 0.13441993296146393
2025-07-09 19:38:07,344 INFO: [433/1600] Train_Loss_total: 5.1147 Test_Loss_total: 1.7907 Time: 1.4258s
2025-07-09 19:38:08,407 INFO: In epoch 434, pred_score1: tensor([0.2674], device='cuda:0', grad_fn=<SelectBackward0>), pred_score2: tensor([0.1993], device='cuda:0', grad_fn=<SelectBackward0>)
2025-07-09 19:38:08,407 INFO: pred: 0.16150090098381042
2025-07-09 19:38:08,780 INFO: [434/1600] Train_Loss_total: 5.1143 Test_Loss_total: 1.8155 Time: 1.4353s
2025-07-09 19:38:09,865 INFO: In epoch 435, pred_score1: tensor([0.3081], device='cuda:0', grad_fn=<SelectBackward0>), pred_score2: tensor([0.7470], device='cuda:0', grad_fn=<SelectBackward0>)
2025-07-09 19:38:09,866 INFO: pred: 0.13702289760112762
2025-07-09 19:38:10,233 INFO: [435/1600] Train_Loss_total: 5.114 Test_Loss_total: 1.8004 Time: 1.4533s
2025-07-09 19:38:11,306 INFO: In epoch 436, pred_score1: tensor([0.2948], device='cuda:0', grad_fn=<SelectBackward0>), pred_score2: tensor([0.3983], device='cuda:0', grad_fn=<SelectBackward0>)
2025-07-09 19:38:11,306 INFO: pred: 0.1680046170949936
2025-07-09 19:38:11,663 INFO: [436/1600] Train_Loss_total: 5.1135 Test_Loss_total: 1.7992 Time: 1.4296s
2025-07-09 19:38:12,770 INFO: In epoch 437, pred_score1: tensor([0.4349], device='cuda:0', grad_fn=<SelectBackward0>), pred_score2: tensor([0.2112], device='cuda:0', grad_fn=<SelectBackward0>)
2025-07-09 19:38:12,771 INFO: pred: 0.10788799822330475
2025-07-09 19:38:13,296 INFO: [437/1600] Train_Loss_total: 5.113 Test_Loss_total: 1.7978 Time: 1.6332s
2025-07-09 19:38:14,837 INFO: In epoch 438, pred_score1: tensor([0.2711], device='cuda:0', grad_fn=<SelectBackward0>), pred_score2: tensor([0.2279], device='cuda:0', grad_fn=<SelectBackward0>)
2025-07-09 19:38:14,838 INFO: pred: 0.16237248480319977
2025-07-09 19:38:15,189 INFO: [438/1600] Train_Loss_total: 5.1125 Test_Loss_total: 1.8058 Time: 1.8923s
2025-07-09 19:38:16,304 INFO: In epoch 439, pred_score1: tensor([0.1351], device='cuda:0', grad_fn=<SelectBackward0>), pred_score2: tensor([0.3310], device='cuda:0', grad_fn=<SelectBackward0>)
2025-07-09 19:38:16,304 INFO: pred: 0.16619746387004852
2025-07-09 19:38:16,671 INFO: [439/1600] Train_Loss_total: 5.1123 Test_Loss_total: 1.7867 Time: 1.4823s
2025-07-09 19:38:17,731 INFO: In epoch 440, pred_score1: tensor([0.2679], device='cuda:0', grad_fn=<SelectBackward0>), pred_score2: tensor([0.1916], device='cuda:0', grad_fn=<SelectBackward0>)
2025-07-09 19:38:17,731 INFO: pred: 0.1469072550535202
2025-07-09 19:38:18,097 INFO: [440/1600] Train_Loss_total: 5.1116 Test_Loss_total: 1.8769 Time: 1.4255s
2025-07-09 19:38:19,174 INFO: In epoch 441, pred_score1: tensor([0.1708], device='cuda:0', grad_fn=<SelectBackward0>), pred_score2: tensor([0.2579], device='cuda:0', grad_fn=<SelectBackward0>)
2025-07-09 19:38:19,174 INFO: pred: 0.1641940027475357
2025-07-09 19:38:19,537 INFO: [441/1600] Train_Loss_total: 5.1112 Test_Loss_total: 1.8406 Time: 1.4394s
2025-07-09 19:38:20,601 INFO: In epoch 442, pred_score1: tensor([0.4097], device='cuda:0', grad_fn=<SelectBackward0>), pred_score2: tensor([0.2959], device='cuda:0', grad_fn=<SelectBackward0>)
2025-07-09 19:38:20,602 INFO: pred: 0.15502771735191345
2025-07-09 19:38:20,960 INFO: [442/1600] Train_Loss_total: 5.1108 Test_Loss_total: 1.8124 Time: 1.4229s
2025-07-09 19:38:22,038 INFO: In epoch 443, pred_score1: tensor([0.8223], device='cuda:0', grad_fn=<SelectBackward0>), pred_score2: tensor([0.1603], device='cuda:0', grad_fn=<SelectBackward0>)
2025-07-09 19:38:22,039 INFO: pred: 0.11639419943094254
2025-07-09 19:38:22,392 INFO: [443/1600] Train_Loss_total: 5.1105 Test_Loss_total: 1.8054 Time: 1.4322s
2025-07-09 19:38:23,464 INFO: In epoch 444, pred_score1: tensor([0.2439], device='cuda:0', grad_fn=<SelectBackward0>), pred_score2: tensor([0.1590], device='cuda:0', grad_fn=<SelectBackward0>)
2025-07-09 19:38:23,465 INFO: pred: 0.1330336481332779
2025-07-09 19:38:23,816 INFO: [444/1600] Train_Loss_total: 5.1099 Test_Loss_total: 1.7902 Time: 1.4229s
2025-07-09 19:38:24,922 INFO: In epoch 445, pred_score1: tensor([0.3602], device='cuda:0', grad_fn=<SelectBackward0>), pred_score2: tensor([0.2756], device='cuda:0', grad_fn=<SelectBackward0>)
2025-07-09 19:38:24,923 INFO: pred: 0.1650461107492447
2025-07-09 19:38:25,450 INFO: [445/1600] Train_Loss_total: 5.1095 Test_Loss_total: 1.8225 Time: 1.6346s
2025-07-09 19:38:26,993 INFO: In epoch 446, pred_score1: tensor([0.2853], device='cuda:0', grad_fn=<SelectBackward0>), pred_score2: tensor([0.3444], device='cuda:0', grad_fn=<SelectBackward0>)
2025-07-09 19:38:26,993 INFO: pred: 0.1351877748966217
2025-07-09 19:38:27,358 INFO: [446/1600] Train_Loss_total: 5.1089 Test_Loss_total: 1.8132 Time: 1.9072s
2025-07-09 19:38:28,426 INFO: In epoch 447, pred_score1: tensor([0.2452], device='cuda:0', grad_fn=<SelectBackward0>), pred_score2: tensor([0.1622], device='cuda:0', grad_fn=<SelectBackward0>)
2025-07-09 19:38:28,426 INFO: pred: 0.15812617540359497
2025-07-09 19:38:28,788 INFO: [447/1600] Train_Loss_total: 5.1085 Test_Loss_total: 1.8191 Time: 1.4303s
2025-07-09 19:38:29,843 INFO: In epoch 448, pred_score1: tensor([0.1955], device='cuda:0', grad_fn=<SelectBackward0>), pred_score2: tensor([0.1585], device='cuda:0', grad_fn=<SelectBackward0>)
2025-07-09 19:38:29,843 INFO: pred: 0.17493391036987305
2025-07-09 19:38:30,196 INFO: [448/1600] Train_Loss_total: 5.1081 Test_Loss_total: 1.8187 Time: 1.4069s
2025-07-09 19:38:31,456 INFO: In epoch 449, pred_score1: tensor([0.2358], device='cuda:0', grad_fn=<SelectBackward0>), pred_score2: tensor([0.2349], device='cuda:0', grad_fn=<SelectBackward0>)
2025-07-09 19:38:31,456 INFO: pred: 0.14539898931980133
2025-07-09 19:38:31,819 INFO: [449/1600] Train_Loss_total: 5.1077 Test_Loss_total: 1.8147 Time: 1.6232s
2025-07-09 19:38:32,884 INFO: In epoch 450, pred_score1: tensor([0.1790], device='cuda:0', grad_fn=<SelectBackward0>), pred_score2: tensor([0.2512], device='cuda:0', grad_fn=<SelectBackward0>)
2025-07-09 19:38:32,884 INFO: pred: 0.14807771146297455
2025-07-09 19:38:33,235 INFO: [450/1600] Train_Loss_total: 5.1072 Test_Loss_total: 1.8011 Time: 1.4161s
2025-07-09 19:38:34,305 INFO: In epoch 451, pred_score1: tensor([0.3021], device='cuda:0', grad_fn=<SelectBackward0>), pred_score2: tensor([0.7467], device='cuda:0', grad_fn=<SelectBackward0>)
2025-07-09 19:38:34,305 INFO: pred: 0.13806267082691193
2025-07-09 19:38:34,699 INFO: [451/1600] Train_Loss_total: 5.1068 Test_Loss_total: 1.7886 Time: 1.4636s
2025-07-09 19:38:35,764 INFO: In epoch 452, pred_score1: tensor([0.4337], device='cuda:0', grad_fn=<SelectBackward0>), pred_score2: tensor([0.2512], device='cuda:0', grad_fn=<SelectBackward0>)
2025-07-09 19:38:35,764 INFO: pred: 0.1552642285823822
2025-07-09 19:38:36,120 INFO: [452/1600] Train_Loss_total: 5.1063 Test_Loss_total: 1.7888 Time: 1.4207s
2025-07-09 19:38:37,341 INFO: In epoch 453, pred_score1: tensor([0.3070], device='cuda:0', grad_fn=<SelectBackward0>), pred_score2: tensor([0.3842], device='cuda:0', grad_fn=<SelectBackward0>)
2025-07-09 19:38:37,341 INFO: pred: 0.15303251147270203
2025-07-09 19:38:37,849 INFO: [453/1600] Train_Loss_total: 5.1062 Test_Loss_total: 1.8179 Time: 1.7285s
2025-07-09 19:38:39,312 INFO: In epoch 454, pred_score1: tensor([0.1859], device='cuda:0', grad_fn=<SelectBackward0>), pred_score2: tensor([0.1851], device='cuda:0', grad_fn=<SelectBackward0>)
2025-07-09 19:38:39,313 INFO: pred: 0.1526900678873062
2025-07-09 19:38:39,679 INFO: [454/1600] Train_Loss_total: 5.1055 Test_Loss_total: 1.7994 Time: 1.8299s
2025-07-09 19:38:40,761 INFO: In epoch 455, pred_score1: tensor([0.2940], device='cuda:0', grad_fn=<SelectBackward0>), pred_score2: tensor([0.2266], device='cuda:0', grad_fn=<SelectBackward0>)
2025-07-09 19:38:40,761 INFO: pred: 0.17279227077960968
2025-07-09 19:38:41,120 INFO: [455/1600] Train_Loss_total: 5.105 Test_Loss_total: 1.8011 Time: 1.4403s
2025-07-09 19:38:42,187 INFO: In epoch 456, pred_score1: tensor([0.3023], device='cuda:0', grad_fn=<SelectBackward0>), pred_score2: tensor([0.3839], device='cuda:0', grad_fn=<SelectBackward0>)
2025-07-09 19:38:42,187 INFO: pred: 0.13890673220157623
2025-07-09 19:38:42,541 INFO: [456/1600] Train_Loss_total: 5.1046 Test_Loss_total: 1.8113 Time: 1.4213s
2025-07-09 19:38:43,643 INFO: In epoch 457, pred_score1: tensor([0.2262], device='cuda:0', grad_fn=<SelectBackward0>), pred_score2: tensor([0.1563], device='cuda:0', grad_fn=<SelectBackward0>)
2025-07-09 19:38:43,644 INFO: pred: 0.11167898774147034
2025-07-09 19:38:44,017 INFO: [457/1600] Train_Loss_total: 5.1041 Test_Loss_total: 1.7925 Time: 1.476s
2025-07-09 19:38:45,086 INFO: In epoch 458, pred_score1: tensor([0.2691], device='cuda:0', grad_fn=<SelectBackward0>), pred_score2: tensor([0.1589], device='cuda:0', grad_fn=<SelectBackward0>)
2025-07-09 19:38:45,086 INFO: pred: 0.17186234891414642
2025-07-09 19:38:45,438 INFO: [458/1600] Train_Loss_total: 5.1038 Test_Loss_total: 1.804 Time: 1.4203s
2025-07-09 19:38:46,501 INFO: In epoch 459, pred_score1: tensor([0.3213], device='cuda:0', grad_fn=<SelectBackward0>), pred_score2: tensor([0.5295], device='cuda:0', grad_fn=<SelectBackward0>)
2025-07-09 19:38:46,501 INFO: pred: 0.12762479484081268
2025-07-09 19:38:46,858 INFO: [459/1600] Train_Loss_total: 5.1035 Test_Loss_total: 1.7895 Time: 1.4199s
2025-07-09 19:38:47,899 INFO: In epoch 460, pred_score1: tensor([0.2039], device='cuda:0', grad_fn=<SelectBackward0>), pred_score2: tensor([0.2523], device='cuda:0', grad_fn=<SelectBackward0>)
2025-07-09 19:38:47,900 INFO: pred: 0.15628735721111298
2025-07-09 19:38:48,260 INFO: [460/1600] Train_Loss_total: 5.103 Test_Loss_total: 1.797 Time: 1.4014s
2025-07-09 19:38:49,462 INFO: In epoch 461, pred_score1: tensor([0.3946], device='cuda:0', grad_fn=<SelectBackward0>), pred_score2: tensor([0.1722], device='cuda:0', grad_fn=<SelectBackward0>)
2025-07-09 19:38:49,463 INFO: pred: 0.15272806584835052
2025-07-09 19:38:49,980 INFO: [461/1600] Train_Loss_total: 5.1023 Test_Loss_total: 1.7976 Time: 1.7195s
2025-07-09 19:38:51,431 INFO: In epoch 462, pred_score1: tensor([0.1733], device='cuda:0', grad_fn=<SelectBackward0>), pred_score2: tensor([0.9302], device='cuda:0', grad_fn=<SelectBackward0>)
2025-07-09 19:38:51,431 INFO: pred: -0.03781205415725708
2025-07-09 19:38:51,784 INFO: [462/1600] Train_Loss_total: 5.1019 Test_Loss_total: 1.7904 Time: 1.8037s
2025-07-09 19:38:52,861 INFO: In epoch 463, pred_score1: tensor([0.5061], device='cuda:0', grad_fn=<SelectBackward0>), pred_score2: tensor([0.1971], device='cuda:0', grad_fn=<SelectBackward0>)
2025-07-09 19:38:52,861 INFO: pred: 0.16392813622951508
2025-07-09 19:38:53,241 INFO: [463/1600] Train_Loss_total: 5.1016 Test_Loss_total: 1.7919 Time: 1.4574s
2025-07-09 19:38:54,314 INFO: In epoch 464, pred_score1: tensor([0.2643], device='cuda:0', grad_fn=<SelectBackward0>), pred_score2: tensor([0.2660], device='cuda:0', grad_fn=<SelectBackward0>)
2025-07-09 19:38:54,314 INFO: pred: 0.1486942321062088
2025-07-09 19:38:54,663 INFO: [464/1600] Train_Loss_total: 5.1012 Test_Loss_total: 1.8045 Time: 1.4217s
2025-07-09 19:38:55,750 INFO: In epoch 465, pred_score1: tensor([0.2225], device='cuda:0', grad_fn=<SelectBackward0>), pred_score2: tensor([0.1190], device='cuda:0', grad_fn=<SelectBackward0>)
2025-07-09 19:38:55,750 INFO: pred: 0.17510515451431274
2025-07-09 19:38:56,117 INFO: [465/1600] Train_Loss_total: 5.1008 Test_Loss_total: 1.7924 Time: 1.4532s
2025-07-09 19:38:57,201 INFO: In epoch 466, pred_score1: tensor([0.5491], device='cuda:0', grad_fn=<SelectBackward0>), pred_score2: tensor([0.1200], device='cuda:0', grad_fn=<SelectBackward0>)
2025-07-09 19:38:57,202 INFO: pred: 0.1163758710026741
2025-07-09 19:38:57,566 INFO: [466/1600] Train_Loss_total: 5.1008 Test_Loss_total: 1.7931 Time: 1.4489s
2025-07-09 19:38:58,630 INFO: In epoch 467, pred_score1: tensor([0.2580], device='cuda:0', grad_fn=<SelectBackward0>), pred_score2: tensor([0.1532], device='cuda:0', grad_fn=<SelectBackward0>)
2025-07-09 19:38:58,630 INFO: pred: 0.15410025417804718
2025-07-09 19:38:59,002 INFO: [467/1600] Train_Loss_total: 5.0997 Test_Loss_total: 1.7847 Time: 1.4356s
2025-07-09 19:39:00,084 INFO: In epoch 468, pred_score1: tensor([0.2866], device='cuda:0', grad_fn=<SelectBackward0>), pred_score2: tensor([0.4292], device='cuda:0', grad_fn=<SelectBackward0>)
2025-07-09 19:39:00,084 INFO: pred: 0.14599882066249847
2025-07-09 19:39:00,450 INFO: [468/1600] Train_Loss_total: 5.0994 Test_Loss_total: 1.8003 Time: 1.4478s
2025-07-09 19:39:01,630 INFO: In epoch 469, pred_score1: tensor([0.3128], device='cuda:0', grad_fn=<SelectBackward0>), pred_score2: tensor([0.3181], device='cuda:0', grad_fn=<SelectBackward0>)
2025-07-09 19:39:01,630 INFO: pred: 0.15467004477977753
2025-07-09 19:39:02,120 INFO: [469/1600] Train_Loss_total: 5.0989 Test_Loss_total: 1.7841 Time: 1.6702s
2025-07-09 19:39:03,614 INFO: In epoch 470, pred_score1: tensor([0.3457], device='cuda:0', grad_fn=<SelectBackward0>), pred_score2: tensor([0.3429], device='cuda:0', grad_fn=<SelectBackward0>)
2025-07-09 19:39:03,614 INFO: pred: 0.13807134330272675
2025-07-09 19:39:03,975 INFO: [470/1600] Train_Loss_total: 5.0984 Test_Loss_total: 1.7978 Time: 1.8545s
2025-07-09 19:39:05,039 INFO: In epoch 471, pred_score1: tensor([0.3169], device='cuda:0', grad_fn=<SelectBackward0>), pred_score2: tensor([0.3800], device='cuda:0', grad_fn=<SelectBackward0>)
2025-07-09 19:39:05,039 INFO: pred: 0.14837297797203064
2025-07-09 19:39:05,396 INFO: [471/1600] Train_Loss_total: 5.0982 Test_Loss_total: 1.8216 Time: 1.4204s
2025-07-09 19:39:06,462 INFO: In epoch 472, pred_score1: tensor([0.4408], device='cuda:0', grad_fn=<SelectBackward0>), pred_score2: tensor([0.3022], device='cuda:0', grad_fn=<SelectBackward0>)
2025-07-09 19:39:06,462 INFO: pred: 0.1431885063648224
2025-07-09 19:39:06,816 INFO: [472/1600] Train_Loss_total: 5.0975 Test_Loss_total: 1.8233 Time: 1.4206s
2025-07-09 19:39:07,887 INFO: In epoch 473, pred_score1: tensor([0.4556], device='cuda:0', grad_fn=<SelectBackward0>), pred_score2: tensor([0.2791], device='cuda:0', grad_fn=<SelectBackward0>)
2025-07-09 19:39:07,887 INFO: pred: 0.16322052478790283
2025-07-09 19:39:08,241 INFO: [473/1600] Train_Loss_total: 5.0972 Test_Loss_total: 1.8003 Time: 1.4248s
2025-07-09 19:39:09,304 INFO: In epoch 474, pred_score1: tensor([0.3188], device='cuda:0', grad_fn=<SelectBackward0>), pred_score2: tensor([0.1432], device='cuda:0', grad_fn=<SelectBackward0>)
2025-07-09 19:39:09,304 INFO: pred: 0.14380738139152527
2025-07-09 19:39:09,656 INFO: [474/1600] Train_Loss_total: 5.0971 Test_Loss_total: 1.7957 Time: 1.4148s
2025-07-09 19:39:10,747 INFO: In epoch 475, pred_score1: tensor([0.2022], device='cuda:0', grad_fn=<SelectBackward0>), pred_score2: tensor([0.2473], device='cuda:0', grad_fn=<SelectBackward0>)
2025-07-09 19:39:10,748 INFO: pred: 0.15814203023910522
2025-07-09 19:39:11,108 INFO: [475/1600] Train_Loss_total: 5.0963 Test_Loss_total: 1.7943 Time: 1.4509s
2025-07-09 19:39:12,162 INFO: In epoch 476, pred_score1: tensor([0.3180], device='cuda:0', grad_fn=<SelectBackward0>), pred_score2: tensor([0.4030], device='cuda:0', grad_fn=<SelectBackward0>)
2025-07-09 19:39:12,162 INFO: pred: 0.15222781896591187
2025-07-09 19:39:12,508 INFO: [476/1600] Train_Loss_total: 5.0959 Test_Loss_total: 1.8098 Time: 1.4002s
2025-07-09 19:39:13,724 INFO: In epoch 477, pred_score1: tensor([0.3156], device='cuda:0', grad_fn=<SelectBackward0>), pred_score2: tensor([0.1414], device='cuda:0', grad_fn=<SelectBackward0>)
2025-07-09 19:39:13,724 INFO: pred: 0.14384546875953674
2025-07-09 19:39:14,242 INFO: [477/1600] Train_Loss_total: 5.0954 Test_Loss_total: 1.7855 Time: 1.7338s
2025-07-09 19:39:15,760 INFO: In epoch 478, pred_score1: tensor([0.1543], device='cuda:0', grad_fn=<SelectBackward0>), pred_score2: tensor([0.1819], device='cuda:0', grad_fn=<SelectBackward0>)
2025-07-09 19:39:15,760 INFO: pred: 0.15635403990745544
2025-07-09 19:39:16,132 INFO: [478/1600] Train_Loss_total: 5.0952 Test_Loss_total: 1.8279 Time: 1.8895s
2025-07-09 19:39:17,211 INFO: In epoch 479, pred_score1: tensor([0.3725], device='cuda:0', grad_fn=<SelectBackward0>), pred_score2: tensor([0.1307], device='cuda:0', grad_fn=<SelectBackward0>)
2025-07-09 19:39:17,211 INFO: pred: 0.15114948153495789
2025-07-09 19:39:17,561 INFO: [479/1600] Train_Loss_total: 5.0945 Test_Loss_total: 1.8121 Time: 1.4292s
2025-07-09 19:39:18,617 INFO: In epoch 480, pred_score1: tensor([0.3124], device='cuda:0', grad_fn=<SelectBackward0>), pred_score2: tensor([0.3380], device='cuda:0', grad_fn=<SelectBackward0>)
2025-07-09 19:39:18,617 INFO: pred: 0.1692051738500595
2025-07-09 19:39:18,971 INFO: [480/1600] Train_Loss_total: 5.0941 Test_Loss_total: 1.8056 Time: 1.4094s
2025-07-09 19:39:20,037 INFO: In epoch 481, pred_score1: tensor([0.4013], device='cuda:0', grad_fn=<SelectBackward0>), pred_score2: tensor([0.2062], device='cuda:0', grad_fn=<SelectBackward0>)
2025-07-09 19:39:20,037 INFO: pred: 0.16880320012569427
2025-07-09 19:39:20,403 INFO: [481/1600] Train_Loss_total: 5.0936 Test_Loss_total: 1.825 Time: 1.4323s
2025-07-09 19:39:21,466 INFO: In epoch 482, pred_score1: tensor([0.5232], device='cuda:0', grad_fn=<SelectBackward0>), pred_score2: tensor([0.3471], device='cuda:0', grad_fn=<SelectBackward0>)
2025-07-09 19:39:21,466 INFO: pred: 0.13037285208702087
2025-07-09 19:39:21,817 INFO: [482/1600] Train_Loss_total: 5.0931 Test_Loss_total: 1.8006 Time: 1.4137s
2025-07-09 19:39:22,869 INFO: In epoch 483, pred_score1: tensor([0.5132], device='cuda:0', grad_fn=<SelectBackward0>), pred_score2: tensor([0.1060], device='cuda:0', grad_fn=<SelectBackward0>)
2025-07-09 19:39:22,869 INFO: pred: 0.09669525176286697
2025-07-09 19:39:23,239 INFO: [483/1600] Train_Loss_total: 5.0928 Test_Loss_total: 1.7903 Time: 1.4217s
2025-07-09 19:39:24,307 INFO: In epoch 484, pred_score1: tensor([0.7013], device='cuda:0', grad_fn=<SelectBackward0>), pred_score2: tensor([0.1227], device='cuda:0', grad_fn=<SelectBackward0>)
2025-07-09 19:39:24,307 INFO: pred: 0.16624757647514343
2025-07-09 19:39:24,667 INFO: [484/1600] Train_Loss_total: 5.0923 Test_Loss_total: 1.7809 Time: 1.4281s
2025-07-09 19:39:25,826 INFO: In epoch 485, pred_score1: tensor([0.2184], device='cuda:0', grad_fn=<SelectBackward0>), pred_score2: tensor([0.3137], device='cuda:0', grad_fn=<SelectBackward0>)
2025-07-09 19:39:25,827 INFO: pred: 0.1572113037109375
2025-07-09 19:39:26,369 INFO: [485/1600] Train_Loss_total: 5.0921 Test_Loss_total: 1.7958 Time: 1.7012s
2025-07-09 19:39:27,873 INFO: In epoch 486, pred_score1: tensor([0.1828], device='cuda:0', grad_fn=<SelectBackward0>), pred_score2: tensor([0.5921], device='cuda:0', grad_fn=<SelectBackward0>)
2025-07-09 19:39:27,874 INFO: pred: 0.08407846838235855
2025-07-09 19:39:28,229 INFO: [486/1600] Train_Loss_total: 5.0916 Test_Loss_total: 1.7886 Time: 1.8602s
2025-07-09 19:39:29,287 INFO: In epoch 487, pred_score1: tensor([0.2395], device='cuda:0', grad_fn=<SelectBackward0>), pred_score2: tensor([0.2672], device='cuda:0', grad_fn=<SelectBackward0>)
2025-07-09 19:39:29,287 INFO: pred: 0.16074174642562866
2025-07-09 19:39:29,658 INFO: [487/1600] Train_Loss_total: 5.091 Test_Loss_total: 1.8417 Time: 1.4285s
2025-07-09 19:39:30,713 INFO: In epoch 488, pred_score1: tensor([0.2798], device='cuda:0', grad_fn=<SelectBackward0>), pred_score2: tensor([0.2113], device='cuda:0', grad_fn=<SelectBackward0>)
2025-07-09 19:39:30,713 INFO: pred: 0.14108949899673462
2025-07-09 19:39:31,072 INFO: [488/1600] Train_Loss_total: 5.0907 Test_Loss_total: 1.7944 Time: 1.4135s
2025-07-09 19:39:32,119 INFO: In epoch 489, pred_score1: tensor([0.3161], device='cuda:0', grad_fn=<SelectBackward0>), pred_score2: tensor([0.2410], device='cuda:0', grad_fn=<SelectBackward0>)
2025-07-09 19:39:32,119 INFO: pred: 0.149297833442688
2025-07-09 19:39:32,469 INFO: [489/1600] Train_Loss_total: 5.0903 Test_Loss_total: 1.8103 Time: 1.3966s
2025-07-09 19:39:33,547 INFO: In epoch 490, pred_score1: tensor([0.3089], device='cuda:0', grad_fn=<SelectBackward0>), pred_score2: tensor([0.3364], device='cuda:0', grad_fn=<SelectBackward0>)
2025-07-09 19:39:33,547 INFO: pred: 0.16975000500679016
2025-07-09 19:39:33,929 INFO: [490/1600] Train_Loss_total: 5.0898 Test_Loss_total: 1.8191 Time: 1.4598s
2025-07-09 19:39:35,001 INFO: In epoch 491, pred_score1: tensor([0.7427], device='cuda:0', grad_fn=<SelectBackward0>), pred_score2: tensor([0.3450], device='cuda:0', grad_fn=<SelectBackward0>)
2025-07-09 19:39:35,001 INFO: pred: 0.14549294114112854
2025-07-09 19:39:35,372 INFO: [491/1600] Train_Loss_total: 5.0896 Test_Loss_total: 1.7894 Time: 1.4433s
2025-07-09 19:39:36,476 INFO: In epoch 492, pred_score1: tensor([0.2775], device='cuda:0', grad_fn=<SelectBackward0>), pred_score2: tensor([0.3102], device='cuda:0', grad_fn=<SelectBackward0>)
2025-07-09 19:39:36,476 INFO: pred: 0.1750810295343399
2025-07-09 19:39:36,899 INFO: [492/1600] Train_Loss_total: 5.0892 Test_Loss_total: 1.8035 Time: 1.5269s
2025-07-09 19:39:38,162 INFO: In epoch 493, pred_score1: tensor([0.3297], device='cuda:0', grad_fn=<SelectBackward0>), pred_score2: tensor([0.1121], device='cuda:0', grad_fn=<SelectBackward0>)
2025-07-09 19:39:38,162 INFO: pred: 0.1565483808517456
2025-07-09 19:39:38,651 INFO: [493/1600] Train_Loss_total: 5.0885 Test_Loss_total: 1.8021 Time: 1.7517s
2025-07-09 19:39:40,141 INFO: In epoch 494, pred_score1: tensor([0.2301], device='cuda:0', grad_fn=<SelectBackward0>), pred_score2: tensor([0.2401], device='cuda:0', grad_fn=<SelectBackward0>)
2025-07-09 19:39:40,141 INFO: pred: 0.16279667615890503
2025-07-09 19:39:40,496 INFO: [494/1600] Train_Loss_total: 5.0881 Test_Loss_total: 1.8347 Time: 1.8439s
2025-07-09 19:39:41,564 INFO: In epoch 495, pred_score1: tensor([0.2440], device='cuda:0', grad_fn=<SelectBackward0>), pred_score2: tensor([0.2357], device='cuda:0', grad_fn=<SelectBackward0>)
2025-07-09 19:39:41,564 INFO: pred: 0.16669505834579468
2025-07-09 19:39:41,927 INFO: [495/1600] Train_Loss_total: 5.0877 Test_Loss_total: 1.8028 Time: 1.4313s
2025-07-09 19:39:43,009 INFO: In epoch 496, pred_score1: tensor([0.4397], device='cuda:0', grad_fn=<SelectBackward0>), pred_score2: tensor([0.2989], device='cuda:0', grad_fn=<SelectBackward0>)
2025-07-09 19:39:43,009 INFO: pred: 0.14441119134426117
2025-07-09 19:39:43,389 INFO: [496/1600] Train_Loss_total: 5.0873 Test_Loss_total: 1.8095 Time: 1.4618s
2025-07-09 19:39:44,513 INFO: In epoch 497, pred_score1: tensor([0.1965], device='cuda:0', grad_fn=<SelectBackward0>), pred_score2: tensor([0.2758], device='cuda:0', grad_fn=<SelectBackward0>)
2025-07-09 19:39:44,513 INFO: pred: 0.17975586652755737
2025-07-09 19:39:44,871 INFO: [497/1600] Train_Loss_total: 5.0868 Test_Loss_total: 1.8046 Time: 1.4817s
2025-07-09 19:39:45,944 INFO: In epoch 498, pred_score1: tensor([0.2097], device='cuda:0', grad_fn=<SelectBackward0>), pred_score2: tensor([0.3373], device='cuda:0', grad_fn=<SelectBackward0>)
2025-07-09 19:39:45,944 INFO: pred: 0.16934160888195038
2025-07-09 19:39:46,320 INFO: [498/1600] Train_Loss_total: 5.0863 Test_Loss_total: 1.7908 Time: 1.4486s
2025-07-09 19:39:47,401 INFO: In epoch 499, pred_score1: tensor([0.2450], device='cuda:0', grad_fn=<SelectBackward0>), pred_score2: tensor([0.6073], device='cuda:0', grad_fn=<SelectBackward0>)
2025-07-09 19:39:47,401 INFO: pred: 0.09929556399583817
2025-07-09 19:39:47,770 INFO: [499/1600] Train_Loss_total: 5.0858 Test_Loss_total: 1.8178 Time: 1.45s
2025-07-09 19:39:48,857 INFO: In epoch 500, pred_score1: tensor([0.2073], device='cuda:0', grad_fn=<SelectBackward0>), pred_score2: tensor([0.2729], device='cuda:0', grad_fn=<SelectBackward0>)
2025-07-09 19:39:48,857 INFO: pred: 0.14407014846801758
2025-07-09 19:39:49,249 INFO: [500/1600] Train_Loss_total: 5.0855 Test_Loss_total: 1.8143 Time: 1.4787s
2025-07-09 19:39:50,527 INFO: In epoch 501, pred_score1: tensor([0.1987], device='cuda:0', grad_fn=<SelectBackward0>), pred_score2: tensor([0.1587], device='cuda:0', grad_fn=<SelectBackward0>)
2025-07-09 19:39:50,527 INFO: pred: 0.20488272607326508
2025-07-09 19:39:51,031 INFO: [501/1600] Train_Loss_total: 5.0851 Test_Loss_total: 1.8058 Time: 1.782s
2025-07-09 19:39:52,433 INFO: In epoch 502, pred_score1: tensor([0.1653], device='cuda:0', grad_fn=<SelectBackward0>), pred_score2: tensor([0.1287], device='cuda:0', grad_fn=<SelectBackward0>)
2025-07-09 19:39:52,434 INFO: pred: 0.16268675029277802
2025-07-09 19:39:52,789 INFO: [502/1600] Train_Loss_total: 5.0846 Test_Loss_total: 1.7992 Time: 1.758s
2025-07-09 19:39:53,850 INFO: In epoch 503, pred_score1: tensor([0.1594], device='cuda:0', grad_fn=<SelectBackward0>), pred_score2: tensor([0.1940], device='cuda:0', grad_fn=<SelectBackward0>)
2025-07-09 19:39:53,850 INFO: pred: 0.18386806547641754
2025-07-09 19:39:54,210 INFO: [503/1600] Train_Loss_total: 5.0842 Test_Loss_total: 1.7969 Time: 1.42s
2025-07-09 19:39:55,259 INFO: In epoch 504, pred_score1: tensor([0.1770], device='cuda:0', grad_fn=<SelectBackward0>), pred_score2: tensor([0.1973], device='cuda:0', grad_fn=<SelectBackward0>)
2025-07-09 19:39:55,259 INFO: pred: 0.1828335076570511
2025-07-09 19:39:55,631 INFO: [504/1600] Train_Loss_total: 5.0837 Test_Loss_total: 1.7849 Time: 1.421s
2025-07-09 19:39:56,706 INFO: In epoch 505, pred_score1: tensor([0.4524], device='cuda:0', grad_fn=<SelectBackward0>), pred_score2: tensor([0.1891], device='cuda:0', grad_fn=<SelectBackward0>)
2025-07-09 19:39:56,706 INFO: pred: 0.09583606570959091
2025-07-09 19:39:57,068 INFO: [505/1600] Train_Loss_total: 5.0834 Test_Loss_total: 1.7814 Time: 1.437s
2025-07-09 19:39:58,174 INFO: In epoch 506, pred_score1: tensor([0.2897], device='cuda:0', grad_fn=<SelectBackward0>), pred_score2: tensor([0.1647], device='cuda:0', grad_fn=<SelectBackward0>)
2025-07-09 19:39:58,174 INFO: pred: 0.13639108836650848
2025-07-09 19:39:58,537 INFO: [506/1600] Train_Loss_total: 5.083 Test_Loss_total: 1.8151 Time: 1.4685s
2025-07-09 19:39:59,621 INFO: In epoch 507, pred_score1: tensor([0.2791], device='cuda:0', grad_fn=<SelectBackward0>), pred_score2: tensor([0.2976], device='cuda:0', grad_fn=<SelectBackward0>)
2025-07-09 19:39:59,621 INFO: pred: 0.16251179575920105
2025-07-09 19:40:00,002 INFO: [507/1600] Train_Loss_total: 5.0825 Test_Loss_total: 1.8077 Time: 1.4649s
2025-07-09 19:40:01,149 INFO: In epoch 508, pred_score1: tensor([0.2680], device='cuda:0', grad_fn=<SelectBackward0>), pred_score2: tensor([0.3063], device='cuda:0', grad_fn=<SelectBackward0>)
2025-07-09 19:40:01,150 INFO: pred: 0.17603318393230438
2025-07-09 19:40:01,502 INFO: [508/1600] Train_Loss_total: 5.082 Test_Loss_total: 1.8132 Time: 1.4995s
2025-07-09 19:40:02,815 INFO: In epoch 509, pred_score1: tensor([0.3253], device='cuda:0', grad_fn=<SelectBackward0>), pred_score2: tensor([0.1409], device='cuda:0', grad_fn=<SelectBackward0>)
2025-07-09 19:40:02,815 INFO: pred: 0.12221868336200714
2025-07-09 19:40:03,298 INFO: [509/1600] Train_Loss_total: 5.0816 Test_Loss_total: 1.802 Time: 1.7963s
2025-07-09 19:40:04,667 INFO: In epoch 510, pred_score1: tensor([0.3158], device='cuda:0', grad_fn=<SelectBackward0>), pred_score2: tensor([0.2848], device='cuda:0', grad_fn=<SelectBackward0>)
2025-07-09 19:40:04,667 INFO: pred: 0.16580507159233093
2025-07-09 19:40:05,035 INFO: [510/1600] Train_Loss_total: 5.0811 Test_Loss_total: 1.7839 Time: 1.7366s
2025-07-09 19:40:06,103 INFO: In epoch 511, pred_score1: tensor([0.3673], device='cuda:0', grad_fn=<SelectBackward0>), pred_score2: tensor([0.2308], device='cuda:0', grad_fn=<SelectBackward0>)
2025-07-09 19:40:06,103 INFO: pred: 0.16073819994926453
2025-07-09 19:40:06,455 INFO: [511/1600] Train_Loss_total: 5.0807 Test_Loss_total: 1.8143 Time: 1.4193s
2025-07-09 19:40:07,544 INFO: In epoch 512, pred_score1: tensor([0.3240], device='cuda:0', grad_fn=<SelectBackward0>), pred_score2: tensor([0.1940], device='cuda:0', grad_fn=<SelectBackward0>)
2025-07-09 19:40:07,544 INFO: pred: 0.13545487821102142
2025-07-09 19:40:07,909 INFO: [512/1600] Train_Loss_total: 5.0804 Test_Loss_total: 1.789 Time: 1.4541s
2025-07-09 19:40:08,984 INFO: In epoch 513, pred_score1: tensor([0.2545], device='cuda:0', grad_fn=<SelectBackward0>), pred_score2: tensor([0.1955], device='cuda:0', grad_fn=<SelectBackward0>)
2025-07-09 19:40:08,984 INFO: pred: 0.16261428594589233
2025-07-09 19:40:09,337 INFO: [513/1600] Train_Loss_total: 5.08 Test_Loss_total: 1.806 Time: 1.4277s
2025-07-09 19:40:10,421 INFO: In epoch 514, pred_score1: tensor([0.1934], device='cuda:0', grad_fn=<SelectBackward0>), pred_score2: tensor([0.1576], device='cuda:0', grad_fn=<SelectBackward0>)
2025-07-09 19:40:10,421 INFO: pred: 0.20652687549591064
2025-07-09 19:40:10,775 INFO: [514/1600] Train_Loss_total: 5.0795 Test_Loss_total: 1.7933 Time: 1.4379s
2025-07-09 19:40:11,855 INFO: In epoch 515, pred_score1: tensor([0.1691], device='cuda:0', grad_fn=<SelectBackward0>), pred_score2: tensor([0.3110], device='cuda:0', grad_fn=<SelectBackward0>)
2025-07-09 19:40:11,855 INFO: pred: 0.09639120101928711
2025-07-09 19:40:12,228 INFO: [515/1600] Train_Loss_total: 5.079 Test_Loss_total: 1.8132 Time: 1.4524s
2025-07-09 19:40:13,313 INFO: In epoch 516, pred_score1: tensor([0.1706], device='cuda:0', grad_fn=<SelectBackward0>), pred_score2: tensor([0.1687], device='cuda:0', grad_fn=<SelectBackward0>)
2025-07-09 19:40:13,314 INFO: pred: 0.17991042137145996
2025-07-09 19:40:13,673 INFO: [516/1600] Train_Loss_total: 5.0788 Test_Loss_total: 1.7863 Time: 1.4444s
2025-07-09 19:40:14,973 INFO: In epoch 517, pred_score1: tensor([0.2548], device='cuda:0', grad_fn=<SelectBackward0>), pred_score2: tensor([0.2200], device='cuda:0', grad_fn=<SelectBackward0>)
2025-07-09 19:40:14,973 INFO: pred: 0.15806379914283752
2025-07-09 19:40:15,478 INFO: [517/1600] Train_Loss_total: 5.0782 Test_Loss_total: 1.8267 Time: 1.8047s
2025-07-09 19:40:16,831 INFO: In epoch 518, pred_score1: tensor([0.4905], device='cuda:0', grad_fn=<SelectBackward0>), pred_score2: tensor([0.1825], device='cuda:0', grad_fn=<SelectBackward0>)
2025-07-09 19:40:16,831 INFO: pred: 0.16828592121601105
2025-07-09 19:40:17,187 INFO: [518/1600] Train_Loss_total: 5.0779 Test_Loss_total: 1.8139 Time: 1.7089s
2025-07-09 19:40:18,268 INFO: In epoch 519, pred_score1: tensor([0.2504], device='cuda:0', grad_fn=<SelectBackward0>), pred_score2: tensor([0.2428], device='cuda:0', grad_fn=<SelectBackward0>)
2025-07-09 19:40:18,268 INFO: pred: 0.1217271164059639
2025-07-09 19:40:18,646 INFO: [519/1600] Train_Loss_total: 5.0775 Test_Loss_total: 1.8112 Time: 1.4589s
2025-07-09 19:40:19,703 INFO: In epoch 520, pred_score1: tensor([0.1909], device='cuda:0', grad_fn=<SelectBackward0>), pred_score2: tensor([0.3113], device='cuda:0', grad_fn=<SelectBackward0>)
2025-07-09 19:40:19,703 INFO: pred: 0.1739134043455124
2025-07-09 19:40:20,067 INFO: [520/1600] Train_Loss_total: 5.0768 Test_Loss_total: 1.7877 Time: 1.4204s
2025-07-09 19:40:21,160 INFO: In epoch 521, pred_score1: tensor([0.3197], device='cuda:0', grad_fn=<SelectBackward0>), pred_score2: tensor([0.1928], device='cuda:0', grad_fn=<SelectBackward0>)
2025-07-09 19:40:21,161 INFO: pred: 0.1359911859035492
2025-07-09 19:40:21,528 INFO: [521/1600] Train_Loss_total: 5.0764 Test_Loss_total: 1.8251 Time: 1.4608s
2025-07-09 19:40:22,596 INFO: In epoch 522, pred_score1: tensor([0.3193], device='cuda:0', grad_fn=<SelectBackward0>), pred_score2: tensor([0.3551], device='cuda:0', grad_fn=<SelectBackward0>)
2025-07-09 19:40:22,597 INFO: pred: 0.1454799324274063
2025-07-09 19:40:22,964 INFO: [522/1600] Train_Loss_total: 5.0762 Test_Loss_total: 1.8066 Time: 1.4365s
2025-07-09 19:40:24,035 INFO: In epoch 523, pred_score1: tensor([0.1933], device='cuda:0', grad_fn=<SelectBackward0>), pred_score2: tensor([0.1552], device='cuda:0', grad_fn=<SelectBackward0>)
2025-07-09 19:40:24,036 INFO: pred: 0.20861679315567017
2025-07-09 19:40:24,389 INFO: [523/1600] Train_Loss_total: 5.0755 Test_Loss_total: 1.7777 Time: 1.424s
2025-07-09 19:40:25,435 INFO: In epoch 524, pred_score1: tensor([0.3051], device='cuda:0', grad_fn=<SelectBackward0>), pred_score2: tensor([0.3542], device='cuda:0', grad_fn=<SelectBackward0>)
2025-07-09 19:40:25,436 INFO: pred: 0.17713598906993866
2025-07-09 19:40:25,791 INFO: [524/1600] Train_Loss_total: 5.0751 Test_Loss_total: 1.7825 Time: 1.4023s
2025-07-09 19:40:27,075 INFO: In epoch 525, pred_score1: tensor([0.5304], device='cuda:0', grad_fn=<SelectBackward0>), pred_score2: tensor([0.2410], device='cuda:0', grad_fn=<SelectBackward0>)
2025-07-09 19:40:27,076 INFO: pred: 0.13583607971668243
2025-07-09 19:40:27,566 INFO: [525/1600] Train_Loss_total: 5.0749 Test_Loss_total: 1.7963 Time: 1.7744s
2025-07-09 19:40:28,991 INFO: In epoch 526, pred_score1: tensor([0.2595], device='cuda:0', grad_fn=<SelectBackward0>), pred_score2: tensor([0.2738], device='cuda:0', grad_fn=<SelectBackward0>)
2025-07-09 19:40:28,991 INFO: pred: 0.14875903725624084
2025-07-09 19:40:29,351 INFO: [526/1600] Train_Loss_total: 5.0745 Test_Loss_total: 1.8264 Time: 1.7849s
2025-07-09 19:40:30,407 INFO: In epoch 527, pred_score1: tensor([0.2438], device='cuda:0', grad_fn=<SelectBackward0>), pred_score2: tensor([0.1081], device='cuda:0', grad_fn=<SelectBackward0>)
2025-07-09 19:40:30,407 INFO: pred: 0.18937437236309052
2025-07-09 19:40:30,780 INFO: [527/1600] Train_Loss_total: 5.074 Test_Loss_total: 1.8076 Time: 1.4281s
2025-07-09 19:40:31,841 INFO: In epoch 528, pred_score1: tensor([0.3107], device='cuda:0', grad_fn=<SelectBackward0>), pred_score2: tensor([0.2710], device='cuda:0', grad_fn=<SelectBackward0>)
2025-07-09 19:40:31,841 INFO: pred: 0.16194471716880798
2025-07-09 19:40:32,192 INFO: [528/1600] Train_Loss_total: 5.0736 Test_Loss_total: 1.7955 Time: 1.4118s
2025-07-09 19:40:33,266 INFO: In epoch 529, pred_score1: tensor([0.2711], device='cuda:0', grad_fn=<SelectBackward0>), pred_score2: tensor([0.1744], device='cuda:0', grad_fn=<SelectBackward0>)
2025-07-09 19:40:33,266 INFO: pred: 0.1796884834766388
2025-07-09 19:40:33,629 INFO: [529/1600] Train_Loss_total: 5.0731 Test_Loss_total: 1.8159 Time: 1.437s
2025-07-09 19:40:34,696 INFO: In epoch 530, pred_score1: tensor([0.2855], device='cuda:0', grad_fn=<SelectBackward0>), pred_score2: tensor([0.1613], device='cuda:0', grad_fn=<SelectBackward0>)
2025-07-09 19:40:34,696 INFO: pred: 0.13691817224025726
2025-07-09 19:40:35,072 INFO: [530/1600] Train_Loss_total: 5.0725 Test_Loss_total: 1.7892 Time: 1.4426s
2025-07-09 19:40:36,139 INFO: In epoch 531, pred_score1: tensor([0.4934], device='cuda:0', grad_fn=<SelectBackward0>), pred_score2: tensor([0.2383], device='cuda:0', grad_fn=<SelectBackward0>)
2025-07-09 19:40:36,139 INFO: pred: 0.15748240053653717
2025-07-09 19:40:36,495 INFO: [531/1600] Train_Loss_total: 5.0723 Test_Loss_total: 1.7912 Time: 1.4234s
2025-07-09 19:40:37,573 INFO: In epoch 532, pred_score1: tensor([0.2130], device='cuda:0', grad_fn=<SelectBackward0>), pred_score2: tensor([0.2669], device='cuda:0', grad_fn=<SelectBackward0>)
2025-07-09 19:40:37,574 INFO: pred: 0.12888479232788086
2025-07-09 19:40:37,974 INFO: [532/1600] Train_Loss_total: 5.0718 Test_Loss_total: 1.7969 Time: 1.4785s
2025-07-09 19:40:39,446 INFO: In epoch 533, pred_score1: tensor([0.2160], device='cuda:0', grad_fn=<SelectBackward0>), pred_score2: tensor([0.1641], device='cuda:0', grad_fn=<SelectBackward0>)
2025-07-09 19:40:39,447 INFO: pred: 0.1581224799156189
2025-07-09 19:40:39,976 INFO: [533/1600] Train_Loss_total: 5.0715 Test_Loss_total: 1.8162 Time: 2.0019s
2025-07-09 19:40:41,408 INFO: In epoch 534, pred_score1: tensor([0.1554], device='cuda:0', grad_fn=<SelectBackward0>), pred_score2: tensor([0.1921], device='cuda:0', grad_fn=<SelectBackward0>)
2025-07-09 19:40:41,408 INFO: pred: 0.18529491126537323
2025-07-09 19:40:41,785 INFO: [534/1600] Train_Loss_total: 5.0711 Test_Loss_total: 1.7924 Time: 1.8078s
2025-07-09 19:40:42,868 INFO: In epoch 535, pred_score1: tensor([0.4200], device='cuda:0', grad_fn=<SelectBackward0>), pred_score2: tensor([0.2561], device='cuda:0', grad_fn=<SelectBackward0>)
2025-07-09 19:40:42,868 INFO: pred: 0.15393580496311188
2025-07-09 19:40:43,244 INFO: [535/1600] Train_Loss_total: 5.0707 Test_Loss_total: 1.8178 Time: 1.4587s
2025-07-09 19:40:44,374 INFO: In epoch 536, pred_score1: tensor([0.3133], device='cuda:0', grad_fn=<SelectBackward0>), pred_score2: tensor([0.2029], device='cuda:0', grad_fn=<SelectBackward0>)
2025-07-09 19:40:44,374 INFO: pred: 0.1569613218307495
2025-07-09 19:40:44,743 INFO: [536/1600] Train_Loss_total: 5.0702 Test_Loss_total: 1.8147 Time: 1.499s
2025-07-09 19:40:45,875 INFO: In epoch 537, pred_score1: tensor([0.1831], device='cuda:0', grad_fn=<SelectBackward0>), pred_score2: tensor([0.1451], device='cuda:0', grad_fn=<SelectBackward0>)
2025-07-09 19:40:45,876 INFO: pred: 0.17117363214492798
2025-07-09 19:40:46,246 INFO: [537/1600] Train_Loss_total: 5.0696 Test_Loss_total: 1.8262 Time: 1.5025s
2025-07-09 19:40:47,319 INFO: In epoch 538, pred_score1: tensor([0.4139], device='cuda:0', grad_fn=<SelectBackward0>), pred_score2: tensor([0.2561], device='cuda:0', grad_fn=<SelectBackward0>)
2025-07-09 19:40:47,319 INFO: pred: 0.15418565273284912
2025-07-09 19:40:47,706 INFO: [538/1600] Train_Loss_total: 5.0693 Test_Loss_total: 1.8231 Time: 1.4604s
2025-07-09 19:40:48,816 INFO: In epoch 539, pred_score1: tensor([0.1651], device='cuda:0', grad_fn=<SelectBackward0>), pred_score2: tensor([0.2821], device='cuda:0', grad_fn=<SelectBackward0>)
2025-07-09 19:40:48,816 INFO: pred: 0.1775086522102356
2025-07-09 19:40:49,194 INFO: [539/1600] Train_Loss_total: 5.0689 Test_Loss_total: 1.7823 Time: 1.4876s
2025-07-09 19:40:50,275 INFO: In epoch 540, pred_score1: tensor([0.1893], device='cuda:0', grad_fn=<SelectBackward0>), pred_score2: tensor([0.1884], device='cuda:0', grad_fn=<SelectBackward0>)
2025-07-09 19:40:50,275 INFO: pred: 0.14594563841819763
2025-07-09 19:40:50,639 INFO: [540/1600] Train_Loss_total: 5.0687 Test_Loss_total: 1.7866 Time: 1.4445s
2025-07-09 19:40:52,082 INFO: In epoch 541, pred_score1: tensor([0.4022], device='cuda:0', grad_fn=<SelectBackward0>), pred_score2: tensor([0.2371], device='cuda:0', grad_fn=<SelectBackward0>)
2025-07-09 19:40:52,082 INFO: pred: 0.16417422890663147
2025-07-09 19:40:52,616 INFO: [541/1600] Train_Loss_total: 5.0681 Test_Loss_total: 1.7892 Time: 1.9769s
2025-07-09 19:40:53,929 INFO: In epoch 542, pred_score1: tensor([0.2742], device='cuda:0', grad_fn=<SelectBackward0>), pred_score2: tensor([0.1248], device='cuda:0', grad_fn=<SelectBackward0>)
2025-07-09 19:40:53,929 INFO: pred: 0.1723458617925644
2025-07-09 19:40:54,298 INFO: [542/1600] Train_Loss_total: 5.0675 Test_Loss_total: 1.7963 Time: 1.6821s
2025-07-09 19:40:55,413 INFO: In epoch 543, pred_score1: tensor([0.2808], device='cuda:0', grad_fn=<SelectBackward0>), pred_score2: tensor([0.1588], device='cuda:0', grad_fn=<SelectBackward0>)
2025-07-09 19:40:55,413 INFO: pred: 0.159806489944458
2025-07-09 19:40:55,790 INFO: [543/1600] Train_Loss_total: 5.0673 Test_Loss_total: 1.8061 Time: 1.4911s
2025-07-09 19:40:56,910 INFO: In epoch 544, pred_score1: tensor([0.3238], device='cuda:0', grad_fn=<SelectBackward0>), pred_score2: tensor([0.1830], device='cuda:0', grad_fn=<SelectBackward0>)
2025-07-09 19:40:56,911 INFO: pred: 0.18846553564071655
2025-07-09 19:40:57,283 INFO: [544/1600] Train_Loss_total: 5.0666 Test_Loss_total: 1.7794 Time: 1.4925s
2025-07-09 19:40:58,406 INFO: In epoch 545, pred_score1: tensor([0.2684], device='cuda:0', grad_fn=<SelectBackward0>), pred_score2: tensor([0.2259], device='cuda:0', grad_fn=<SelectBackward0>)
2025-07-09 19:40:58,406 INFO: pred: 0.1568724662065506
2025-07-09 19:40:58,777 INFO: [545/1600] Train_Loss_total: 5.0663 Test_Loss_total: 1.8441 Time: 1.4942s
2025-07-09 19:40:59,893 INFO: In epoch 546, pred_score1: tensor([0.4028], device='cuda:0', grad_fn=<SelectBackward0>), pred_score2: tensor([0.1995], device='cuda:0', grad_fn=<SelectBackward0>)
2025-07-09 19:40:59,893 INFO: pred: 0.12801475822925568
2025-07-09 19:41:00,280 INFO: [546/1600] Train_Loss_total: 5.0658 Test_Loss_total: 1.793 Time: 1.5025s
2025-07-09 19:41:01,400 INFO: In epoch 547, pred_score1: tensor([0.4155], device='cuda:0', grad_fn=<SelectBackward0>), pred_score2: tensor([0.2983], device='cuda:0', grad_fn=<SelectBackward0>)
2025-07-09 19:41:01,401 INFO: pred: 0.15878291428089142
2025-07-09 19:41:01,783 INFO: [547/1600] Train_Loss_total: 5.0656 Test_Loss_total: 1.8041 Time: 1.5028s
2025-07-09 19:41:02,850 INFO: In epoch 548, pred_score1: tensor([0.2819], device='cuda:0', grad_fn=<SelectBackward0>), pred_score2: tensor([0.2217], device='cuda:0', grad_fn=<SelectBackward0>)
2025-07-09 19:41:02,850 INFO: pred: 0.17853255569934845
2025-07-09 19:41:03,244 INFO: [548/1600] Train_Loss_total: 5.065 Test_Loss_total: 1.7936 Time: 1.4603s
2025-07-09 19:41:04,738 INFO: In epoch 549, pred_score1: tensor([0.2516], device='cuda:0', grad_fn=<SelectBackward0>), pred_score2: tensor([0.1918], device='cuda:0', grad_fn=<SelectBackward0>)
2025-07-09 19:41:04,739 INFO: pred: 0.18686001002788544
2025-07-09 19:41:05,301 INFO: [549/1600] Train_Loss_total: 5.0648 Test_Loss_total: 1.8299 Time: 2.0572s
2025-07-09 19:41:06,393 INFO: In epoch 550, pred_score1: tensor([0.2183], device='cuda:0', grad_fn=<SelectBackward0>), pred_score2: tensor([0.2956], device='cuda:0', grad_fn=<SelectBackward0>)
2025-07-09 19:41:06,393 INFO: pred: 0.1300879716873169
2025-07-09 19:41:06,754 INFO: [550/1600] Train_Loss_total: 5.0642 Test_Loss_total: 1.7991 Time: 1.4525s
2025-07-09 19:41:07,836 INFO: In epoch 551, pred_score1: tensor([0.8221], device='cuda:0', grad_fn=<SelectBackward0>), pred_score2: tensor([0.2096], device='cuda:0', grad_fn=<SelectBackward0>)
2025-07-09 19:41:07,836 INFO: pred: 0.18386445939540863
2025-07-09 19:41:08,215 INFO: [551/1600] Train_Loss_total: 5.064 Test_Loss_total: 1.786 Time: 1.4606s
2025-07-09 19:41:09,277 INFO: In epoch 552, pred_score1: tensor([0.2105], device='cuda:0', grad_fn=<SelectBackward0>), pred_score2: tensor([0.1502], device='cuda:0', grad_fn=<SelectBackward0>)
2025-07-09 19:41:09,277 INFO: pred: 0.11868992447853088
2025-07-09 19:41:09,649 INFO: [552/1600] Train_Loss_total: 5.0633 Test_Loss_total: 1.8077 Time: 1.4337s
2025-07-09 19:41:10,738 INFO: In epoch 553, pred_score1: tensor([0.8234], device='cuda:0', grad_fn=<SelectBackward0>), pred_score2: tensor([0.2148], device='cuda:0', grad_fn=<SelectBackward0>)
2025-07-09 19:41:10,738 INFO: pred: 0.15655221045017242
2025-07-09 19:41:11,104 INFO: [553/1600] Train_Loss_total: 5.0629 Test_Loss_total: 1.7853 Time: 1.4547s
2025-07-09 19:41:12,169 INFO: In epoch 554, pred_score1: tensor([0.7300], device='cuda:0', grad_fn=<SelectBackward0>), pred_score2: tensor([0.2151], device='cuda:0', grad_fn=<SelectBackward0>)
2025-07-09 19:41:12,169 INFO: pred: 0.15880344808101654
2025-07-09 19:41:12,544 INFO: [554/1600] Train_Loss_total: 5.0628 Test_Loss_total: 1.7771 Time: 1.44s
2025-07-09 19:41:13,641 INFO: In epoch 555, pred_score1: tensor([0.2447], device='cuda:0', grad_fn=<SelectBackward0>), pred_score2: tensor([0.1050], device='cuda:0', grad_fn=<SelectBackward0>)
2025-07-09 19:41:13,641 INFO: pred: 0.19168810546398163
2025-07-09 19:41:14,008 INFO: [555/1600] Train_Loss_total: 5.0621 Test_Loss_total: 1.8115 Time: 1.4636s
2025-07-09 19:41:15,195 INFO: In epoch 556, pred_score1: tensor([0.4711], device='cuda:0', grad_fn=<SelectBackward0>), pred_score2: tensor([0.0918], device='cuda:0', grad_fn=<SelectBackward0>)
2025-07-09 19:41:15,195 INFO: pred: 0.10278018563985825
2025-07-09 19:41:15,648 INFO: [556/1600] Train_Loss_total: 5.0618 Test_Loss_total: 1.7954 Time: 1.6399s
2025-07-09 19:41:17,160 INFO: In epoch 557, pred_score1: tensor([0.7983], device='cuda:0', grad_fn=<SelectBackward0>), pred_score2: tensor([0.1226], device='cuda:0', grad_fn=<SelectBackward0>)
2025-07-09 19:41:17,160 INFO: pred: 0.16303040087223053
2025-07-09 19:41:17,669 INFO: [557/1600] Train_Loss_total: 5.0612 Test_Loss_total: 1.8085 Time: 2.0208s
2025-07-09 19:41:18,748 INFO: In epoch 558, pred_score1: tensor([0.2008], device='cuda:0', grad_fn=<SelectBackward0>), pred_score2: tensor([0.2632], device='cuda:0', grad_fn=<SelectBackward0>)
2025-07-09 19:41:18,748 INFO: pred: 0.1491595059633255
2025-07-09 19:41:19,111 INFO: [558/1600] Train_Loss_total: 5.0608 Test_Loss_total: 1.7968 Time: 1.4418s
2025-07-09 19:41:20,177 INFO: In epoch 559, pred_score1: tensor([0.1611], device='cuda:0', grad_fn=<SelectBackward0>), pred_score2: tensor([0.1839], device='cuda:0', grad_fn=<SelectBackward0>)
2025-07-09 19:41:20,178 INFO: pred: 0.1873147040605545
2025-07-09 19:41:20,542 INFO: [559/1600] Train_Loss_total: 5.0603 Test_Loss_total: 1.7876 Time: 1.431s
2025-07-09 19:41:21,627 INFO: In epoch 560, pred_score1: tensor([0.3412], device='cuda:0', grad_fn=<SelectBackward0>), pred_score2: tensor([0.2342], device='cuda:0', grad_fn=<SelectBackward0>)
2025-07-09 19:41:21,627 INFO: pred: 0.15347254276275635
2025-07-09 19:41:22,022 INFO: [560/1600] Train_Loss_total: 5.0599 Test_Loss_total: 1.7902 Time: 1.479s
2025-07-09 19:41:23,108 INFO: In epoch 561, pred_score1: tensor([0.4835], device='cuda:0', grad_fn=<SelectBackward0>), pred_score2: tensor([0.2429], device='cuda:0', grad_fn=<SelectBackward0>)
2025-07-09 19:41:23,109 INFO: pred: 0.17481519281864166
2025-07-09 19:41:23,464 INFO: [561/1600] Train_Loss_total: 5.0597 Test_Loss_total: 1.8107 Time: 1.4422s
2025-07-09 19:41:24,521 INFO: In epoch 562, pred_score1: tensor([0.2502], device='cuda:0', grad_fn=<SelectBackward0>), pred_score2: tensor([0.1823], device='cuda:0', grad_fn=<SelectBackward0>)
2025-07-09 19:41:24,521 INFO: pred: 0.15529590845108032
2025-07-09 19:41:24,900 INFO: [562/1600] Train_Loss_total: 5.0592 Test_Loss_total: 1.8069 Time: 1.4356s
2025-07-09 19:41:25,972 INFO: In epoch 563, pred_score1: tensor([0.2685], device='cuda:0', grad_fn=<SelectBackward0>), pred_score2: tensor([0.3089], device='cuda:0', grad_fn=<SelectBackward0>)
2025-07-09 19:41:25,972 INFO: pred: 0.15733548998832703
2025-07-09 19:41:26,330 INFO: [563/1600] Train_Loss_total: 5.0586 Test_Loss_total: 1.7889 Time: 1.4297s
2025-07-09 19:41:27,387 INFO: In epoch 564, pred_score1: tensor([0.1508], device='cuda:0', grad_fn=<SelectBackward0>), pred_score2: tensor([0.1869], device='cuda:0', grad_fn=<SelectBackward0>)
2025-07-09 19:41:27,387 INFO: pred: 0.18743546307086945
2025-07-09 19:41:27,842 INFO: [564/1600] Train_Loss_total: 5.0583 Test_Loss_total: 1.7771 Time: 1.5113s
2025-07-09 19:41:29,345 INFO: In epoch 565, pred_score1: tensor([0.2316], device='cuda:0', grad_fn=<SelectBackward0>), pred_score2: tensor([0.6195], device='cuda:0', grad_fn=<SelectBackward0>)
2025-07-09 19:41:29,345 INFO: pred: 0.09835457801818848
2025-07-09 19:41:29,828 INFO: [565/1600] Train_Loss_total: 5.0578 Test_Loss_total: 1.8126 Time: 1.9858s
2025-07-09 19:41:30,916 INFO: In epoch 566, pred_score1: tensor([0.5061], device='cuda:0', grad_fn=<SelectBackward0>), pred_score2: tensor([0.1107], device='cuda:0', grad_fn=<SelectBackward0>)
2025-07-09 19:41:30,916 INFO: pred: 0.11554110795259476
2025-07-09 19:41:31,305 INFO: [566/1600] Train_Loss_total: 5.0575 Test_Loss_total: 1.7764 Time: 1.4767s
2025-07-09 19:41:32,372 INFO: In epoch 567, pred_score1: tensor([0.2230], device='cuda:0', grad_fn=<SelectBackward0>), pred_score2: tensor([0.1822], device='cuda:0', grad_fn=<SelectBackward0>)
2025-07-09 19:41:32,373 INFO: pred: 0.16639353334903717
2025-07-09 19:41:32,732 INFO: [567/1600] Train_Loss_total: 5.0571 Test_Loss_total: 1.8054 Time: 1.4269s
2025-07-09 19:41:33,814 INFO: In epoch 568, pred_score1: tensor([0.3507], device='cuda:0', grad_fn=<SelectBackward0>), pred_score2: tensor([0.1772], device='cuda:0', grad_fn=<SelectBackward0>)
2025-07-09 19:41:33,814 INFO: pred: 0.1619739830493927
2025-07-09 19:41:34,194 INFO: [568/1600] Train_Loss_total: 5.0568 Test_Loss_total: 1.7907 Time: 1.4618s
2025-07-09 19:41:35,262 INFO: In epoch 569, pred_score1: tensor([0.1592], device='cuda:0', grad_fn=<SelectBackward0>), pred_score2: tensor([0.1290], device='cuda:0', grad_fn=<SelectBackward0>)
2025-07-09 19:41:35,262 INFO: pred: 0.16768291592597961
2025-07-09 19:41:35,614 INFO: [569/1600] Train_Loss_total: 5.0563 Test_Loss_total: 1.7974 Time: 1.42s
2025-07-09 19:41:36,671 INFO: In epoch 570, pred_score1: tensor([0.1714], device='cuda:0', grad_fn=<SelectBackward0>), pred_score2: tensor([0.1884], device='cuda:0', grad_fn=<SelectBackward0>)
2025-07-09 19:41:36,671 INFO: pred: 0.15849275887012482
2025-07-09 19:41:37,036 INFO: [570/1600] Train_Loss_total: 5.0559 Test_Loss_total: 1.7892 Time: 1.4217s
2025-07-09 19:41:38,106 INFO: In epoch 571, pred_score1: tensor([0.1713], device='cuda:0', grad_fn=<SelectBackward0>), pred_score2: tensor([0.2114], device='cuda:0', grad_fn=<SelectBackward0>)
2025-07-09 19:41:38,106 INFO: pred: 0.1460161656141281
2025-07-09 19:41:38,470 INFO: [571/1600] Train_Loss_total: 5.0553 Test_Loss_total: 1.7938 Time: 1.4342s
2025-07-09 19:41:39,528 INFO: In epoch 572, pred_score1: tensor([0.2265], device='cuda:0', grad_fn=<SelectBackward0>), pred_score2: tensor([0.3015], device='cuda:0', grad_fn=<SelectBackward0>)
2025-07-09 19:41:39,529 INFO: pred: 0.16168442368507385
2025-07-09 19:41:40,004 INFO: [572/1600] Train_Loss_total: 5.0549 Test_Loss_total: 1.7918 Time: 1.5334s
2025-07-09 19:41:41,550 INFO: In epoch 573, pred_score1: tensor([0.1706], device='cuda:0', grad_fn=<SelectBackward0>), pred_score2: tensor([0.2563], device='cuda:0', grad_fn=<SelectBackward0>)
2025-07-09 19:41:41,550 INFO: pred: 0.1831575483083725
2025-07-09 19:41:42,046 INFO: [573/1600] Train_Loss_total: 5.0544 Test_Loss_total: 1.788 Time: 2.0414s
2025-07-09 19:41:43,131 INFO: In epoch 574, pred_score1: tensor([0.5840], device='cuda:0', grad_fn=<SelectBackward0>), pred_score2: tensor([0.3026], device='cuda:0', grad_fn=<SelectBackward0>)
2025-07-09 19:41:43,131 INFO: pred: 0.17637798190116882
2025-07-09 19:41:43,495 INFO: [574/1600] Train_Loss_total: 5.0541 Test_Loss_total: 1.7999 Time: 1.4491s
2025-07-09 19:41:44,570 INFO: In epoch 575, pred_score1: tensor([0.9622], device='cuda:0', grad_fn=<SelectBackward0>), pred_score2: tensor([0.2253], device='cuda:0', grad_fn=<SelectBackward0>)
2025-07-09 19:41:44,571 INFO: pred: 0.08016384392976761
2025-07-09 19:41:44,942 INFO: [575/1600] Train_Loss_total: 5.0537 Test_Loss_total: 1.7822 Time: 1.4462s
2025-07-09 19:41:46,002 INFO: In epoch 576, pred_score1: tensor([0.1786], device='cuda:0', grad_fn=<SelectBackward0>), pred_score2: tensor([0.3188], device='cuda:0', grad_fn=<SelectBackward0>)
2025-07-09 19:41:46,002 INFO: pred: 0.17747358977794647
2025-07-09 19:41:46,368 INFO: [576/1600] Train_Loss_total: 5.0531 Test_Loss_total: 1.8132 Time: 1.4259s
2025-07-09 19:41:47,444 INFO: In epoch 577, pred_score1: tensor([0.2673], device='cuda:0', grad_fn=<SelectBackward0>), pred_score2: tensor([0.3062], device='cuda:0', grad_fn=<SelectBackward0>)
2025-07-09 19:41:47,444 INFO: pred: 0.15747365355491638
2025-07-09 19:41:47,813 INFO: [577/1600] Train_Loss_total: 5.0529 Test_Loss_total: 1.8003 Time: 1.4448s
2025-07-09 19:41:48,880 INFO: In epoch 578, pred_score1: tensor([0.3008], device='cuda:0', grad_fn=<SelectBackward0>), pred_score2: tensor([0.0875], device='cuda:0', grad_fn=<SelectBackward0>)
2025-07-09 19:41:48,880 INFO: pred: 0.1744435578584671
2025-07-09 19:41:49,245 INFO: [578/1600] Train_Loss_total: 5.0525 Test_Loss_total: 1.7989 Time: 1.4316s
2025-07-09 19:41:50,348 INFO: In epoch 579, pred_score1: tensor([0.2495], device='cuda:0', grad_fn=<SelectBackward0>), pred_score2: tensor([0.2544], device='cuda:0', grad_fn=<SelectBackward0>)
2025-07-09 19:41:50,348 INFO: pred: 0.15382897853851318
2025-07-09 19:41:50,708 INFO: [579/1600] Train_Loss_total: 5.0518 Test_Loss_total: 1.7904 Time: 1.4636s
2025-07-09 19:41:51,772 INFO: In epoch 580, pred_score1: tensor([0.0658], device='cuda:0', grad_fn=<SelectBackward0>), pred_score2: tensor([0.1821], device='cuda:0', grad_fn=<SelectBackward0>)
2025-07-09 19:41:51,772 INFO: pred: 0.11358003318309784
2025-07-09 19:41:52,295 INFO: [580/1600] Train_Loss_total: 5.0515 Test_Loss_total: 1.7839 Time: 1.5865s
2025-07-09 19:41:53,836 INFO: In epoch 581, pred_score1: tensor([0.2813], device='cuda:0', grad_fn=<SelectBackward0>), pred_score2: tensor([0.2044], device='cuda:0', grad_fn=<SelectBackward0>)
2025-07-09 19:41:53,836 INFO: pred: 0.1627577245235443
2025-07-09 19:41:54,312 INFO: [581/1600] Train_Loss_total: 5.051 Test_Loss_total: 1.7818 Time: 2.0161s
2025-07-09 19:41:55,401 INFO: In epoch 582, pred_score1: tensor([0.7055], device='cuda:0', grad_fn=<SelectBackward0>), pred_score2: tensor([0.1072], device='cuda:0', grad_fn=<SelectBackward0>)
2025-07-09 19:41:55,401 INFO: pred: 0.1728811413049698
2025-07-09 19:41:55,766 INFO: [582/1600] Train_Loss_total: 5.0509 Test_Loss_total: 1.7811 Time: 1.4545s
2025-07-09 19:41:56,827 INFO: In epoch 583, pred_score1: tensor([0.3041], device='cuda:0', grad_fn=<SelectBackward0>), pred_score2: tensor([0.0996], device='cuda:0', grad_fn=<SelectBackward0>)
2025-07-09 19:41:56,827 INFO: pred: 0.1640983521938324
2025-07-09 19:41:57,206 INFO: [583/1600] Train_Loss_total: 5.0501 Test_Loss_total: 1.8003 Time: 1.4393s
2025-07-09 19:41:58,259 INFO: In epoch 584, pred_score1: tensor([0.1993], device='cuda:0', grad_fn=<SelectBackward0>), pred_score2: tensor([0.2607], device='cuda:0', grad_fn=<SelectBackward0>)
2025-07-09 19:41:58,259 INFO: pred: 0.12964165210723877
2025-07-09 19:41:58,625 INFO: [584/1600] Train_Loss_total: 5.0499 Test_Loss_total: 1.8112 Time: 1.4192s
2025-07-09 19:41:59,716 INFO: In epoch 585, pred_score1: tensor([0.3242], device='cuda:0', grad_fn=<SelectBackward0>), pred_score2: tensor([0.1079], device='cuda:0', grad_fn=<SelectBackward0>)
2025-07-09 19:41:59,716 INFO: pred: 0.20489242672920227
2025-07-09 19:42:00,083 INFO: [585/1600] Train_Loss_total: 5.0493 Test_Loss_total: 1.8102 Time: 1.4579s
2025-07-09 19:42:01,160 INFO: In epoch 586, pred_score1: tensor([0.2248], device='cuda:0', grad_fn=<SelectBackward0>), pred_score2: tensor([0.2370], device='cuda:0', grad_fn=<SelectBackward0>)
2025-07-09 19:42:01,161 INFO: pred: 0.16132836043834686
2025-07-09 19:42:01,527 INFO: [586/1600] Train_Loss_total: 5.0489 Test_Loss_total: 1.828 Time: 1.4437s
2025-07-09 19:42:02,601 INFO: In epoch 587, pred_score1: tensor([0.2234], device='cuda:0', grad_fn=<SelectBackward0>), pred_score2: tensor([0.3028], device='cuda:0', grad_fn=<SelectBackward0>)
2025-07-09 19:42:02,601 INFO: pred: 0.1623867303133011
2025-07-09 19:42:03,002 INFO: [587/1600] Train_Loss_total: 5.0485 Test_Loss_total: 1.8136 Time: 1.4746s
2025-07-09 19:42:04,119 INFO: In epoch 588, pred_score1: tensor([0.9774], device='cuda:0', grad_fn=<SelectBackward0>), pred_score2: tensor([0.1771], device='cuda:0', grad_fn=<SelectBackward0>)
2025-07-09 19:42:04,120 INFO: pred: 0.08249867707490921
2025-07-09 19:42:04,679 INFO: [588/1600] Train_Loss_total: 5.048 Test_Loss_total: 1.7884 Time: 1.6769s
2025-07-09 19:42:06,226 INFO: In epoch 589, pred_score1: tensor([0.2241], device='cuda:0', grad_fn=<SelectBackward0>), pred_score2: tensor([0.2061], device='cuda:0', grad_fn=<SelectBackward0>)
2025-07-09 19:42:06,227 INFO: pred: 0.1615554243326187
2025-07-09 19:42:06,598 INFO: [589/1600] Train_Loss_total: 5.0476 Test_Loss_total: 1.8509 Time: 1.9188s
2025-07-09 19:42:07,684 INFO: In epoch 590, pred_score1: tensor([0.2771], device='cuda:0', grad_fn=<SelectBackward0>), pred_score2: tensor([0.3767], device='cuda:0', grad_fn=<SelectBackward0>)
2025-07-09 19:42:07,684 INFO: pred: 0.14934515953063965
2025-07-09 19:42:08,058 INFO: [590/1600] Train_Loss_total: 5.0471 Test_Loss_total: 1.8266 Time: 1.4594s
2025-07-09 19:42:09,112 INFO: In epoch 591, pred_score1: tensor([0.2453], device='cuda:0', grad_fn=<SelectBackward0>), pred_score2: tensor([0.1973], device='cuda:0', grad_fn=<SelectBackward0>)
2025-07-09 19:42:09,112 INFO: pred: 0.1510305404663086
2025-07-09 19:42:09,471 INFO: [591/1600] Train_Loss_total: 5.0471 Test_Loss_total: 1.789 Time: 1.4127s
2025-07-09 19:42:10,575 INFO: In epoch 592, pred_score1: tensor([0.2742], device='cuda:0', grad_fn=<SelectBackward0>), pred_score2: tensor([0.1927], device='cuda:0', grad_fn=<SelectBackward0>)
2025-07-09 19:42:10,576 INFO: pred: 0.175947904586792
2025-07-09 19:42:10,945 INFO: [592/1600] Train_Loss_total: 5.0466 Test_Loss_total: 1.7853 Time: 1.4742s
2025-07-09 19:42:12,007 INFO: In epoch 593, pred_score1: tensor([0.9614], device='cuda:0', grad_fn=<SelectBackward0>), pred_score2: tensor([0.2193], device='cuda:0', grad_fn=<SelectBackward0>)
2025-07-09 19:42:12,008 INFO: pred: 0.08105403929948807
2025-07-09 19:42:12,360 INFO: [593/1600] Train_Loss_total: 5.046 Test_Loss_total: 1.7996 Time: 1.4141s
2025-07-09 19:42:13,419 INFO: In epoch 594, pred_score1: tensor([0.2675], device='cuda:0', grad_fn=<SelectBackward0>), pred_score2: tensor([0.2656], device='cuda:0', grad_fn=<SelectBackward0>)
2025-07-09 19:42:13,419 INFO: pred: 0.1684686690568924
2025-07-09 19:42:13,861 INFO: [594/1600] Train_Loss_total: 5.0457 Test_Loss_total: 1.8167 Time: 1.5011s
2025-07-09 19:42:14,957 INFO: In epoch 595, pred_score1: tensor([0.2406], device='cuda:0', grad_fn=<SelectBackward0>), pred_score2: tensor([0.1765], device='cuda:0', grad_fn=<SelectBackward0>)
2025-07-09 19:42:14,957 INFO: pred: 0.18446961045265198
2025-07-09 19:42:15,336 INFO: [595/1600] Train_Loss_total: 5.0451 Test_Loss_total: 1.7876 Time: 1.4748s
2025-07-09 19:42:16,517 INFO: In epoch 596, pred_score1: tensor([0.1812], device='cuda:0', grad_fn=<SelectBackward0>), pred_score2: tensor([0.1374], device='cuda:0', grad_fn=<SelectBackward0>)
2025-07-09 19:42:16,518 INFO: pred: 0.17519763112068176
2025-07-09 19:42:17,132 INFO: [596/1600] Train_Loss_total: 5.0448 Test_Loss_total: 1.7952 Time: 1.796s
2025-07-09 19:42:18,626 INFO: In epoch 597, pred_score1: tensor([0.1514], device='cuda:0', grad_fn=<SelectBackward0>), pred_score2: tensor([0.4069], device='cuda:0', grad_fn=<SelectBackward0>)
2025-07-09 19:42:18,626 INFO: pred: 0.17360219359397888
2025-07-09 19:42:19,021 INFO: [597/1600] Train_Loss_total: 5.0442 Test_Loss_total: 1.7945 Time: 1.8878s
2025-07-09 19:42:20,127 INFO: In epoch 598, pred_score1: tensor([0.1524], device='cuda:0', grad_fn=<SelectBackward0>), pred_score2: tensor([0.1792], device='cuda:0', grad_fn=<SelectBackward0>)
2025-07-09 19:42:20,127 INFO: pred: 0.19009238481521606
2025-07-09 19:42:20,500 INFO: [598/1600] Train_Loss_total: 5.0439 Test_Loss_total: 1.7887 Time: 1.4787s
2025-07-09 19:42:21,560 INFO: In epoch 599, pred_score1: tensor([0.3840], device='cuda:0', grad_fn=<SelectBackward0>), pred_score2: tensor([0.2086], device='cuda:0', grad_fn=<SelectBackward0>)
2025-07-09 19:42:21,560 INFO: pred: 0.1372651755809784
2025-07-09 19:42:21,913 INFO: [599/1600] Train_Loss_total: 5.0433 Test_Loss_total: 1.808 Time: 1.4135s
2025-07-09 19:42:22,981 INFO: In epoch 600, pred_score1: tensor([0.4926], device='cuda:0', grad_fn=<SelectBackward0>), pred_score2: tensor([0.2524], device='cuda:0', grad_fn=<SelectBackward0>)
2025-07-09 19:42:22,981 INFO: pred: 0.16708989441394806
2025-07-09 19:42:23,376 INFO: [600/1600] Train_Loss_total: 5.0431 Test_Loss_total: 1.8043 Time: 1.4625s
2025-07-09 19:42:24,437 INFO: In epoch 601, pred_score1: tensor([0.1809], device='cuda:0', grad_fn=<SelectBackward0>), pred_score2: tensor([0.1357], device='cuda:0', grad_fn=<SelectBackward0>)
2025-07-09 19:42:24,437 INFO: pred: 0.17563940584659576
2025-07-09 19:42:24,799 INFO: [601/1600] Train_Loss_total: 5.0426 Test_Loss_total: 1.8183 Time: 1.4225s
2025-07-09 19:42:25,882 INFO: In epoch 602, pred_score1: tensor([0.1574], device='cuda:0', grad_fn=<SelectBackward0>), pred_score2: tensor([0.1827], device='cuda:0', grad_fn=<SelectBackward0>)
2025-07-09 19:42:25,882 INFO: pred: 0.18595236539840698
2025-07-09 19:42:26,273 INFO: [602/1600] Train_Loss_total: 5.0423 Test_Loss_total: 1.7973 Time: 1.4741s
2025-07-09 19:42:27,353 INFO: In epoch 603, pred_score1: tensor([0.3125], device='cuda:0', grad_fn=<SelectBackward0>), pred_score2: tensor([0.3186], device='cuda:0', grad_fn=<SelectBackward0>)
2025-07-09 19:42:27,353 INFO: pred: 0.14235402643680573
2025-07-09 19:42:27,711 INFO: [603/1600] Train_Loss_total: 5.0418 Test_Loss_total: 1.7842 Time: 1.4378s
2025-07-09 19:42:28,972 INFO: In epoch 604, pred_score1: tensor([0.2520], device='cuda:0', grad_fn=<SelectBackward0>), pred_score2: tensor([0.2172], device='cuda:0', grad_fn=<SelectBackward0>)
2025-07-09 19:42:28,973 INFO: pred: 0.18380047380924225
2025-07-09 19:42:29,500 INFO: [604/1600] Train_Loss_total: 5.0416 Test_Loss_total: 1.7791 Time: 1.7883s
2025-07-09 19:42:30,940 INFO: In epoch 605, pred_score1: tensor([0.0638], device='cuda:0', grad_fn=<SelectBackward0>), pred_score2: tensor([0.1729], device='cuda:0', grad_fn=<SelectBackward0>)
2025-07-09 19:42:30,940 INFO: pred: 0.1207185685634613
2025-07-09 19:42:31,308 INFO: [605/1600] Train_Loss_total: 5.0409 Test_Loss_total: 1.7805 Time: 1.8078s
2025-07-09 19:42:32,375 INFO: In epoch 606, pred_score1: tensor([0.2887], device='cuda:0', grad_fn=<SelectBackward0>), pred_score2: tensor([0.9644], device='cuda:0', grad_fn=<SelectBackward0>)
2025-07-09 19:42:32,375 INFO: pred: -0.06629719585180283
2025-07-09 19:42:32,747 INFO: [606/1600] Train_Loss_total: 5.0406 Test_Loss_total: 1.7905 Time: 1.4387s
2025-07-09 19:42:33,815 INFO: In epoch 607, pred_score1: tensor([0.2564], device='cuda:0', grad_fn=<SelectBackward0>), pred_score2: tensor([0.2163], device='cuda:0', grad_fn=<SelectBackward0>)
2025-07-09 19:42:33,815 INFO: pred: 0.18375001847743988
2025-07-09 19:42:34,184 INFO: [607/1600] Train_Loss_total: 5.04 Test_Loss_total: 1.7819 Time: 1.4366s
2025-07-09 19:42:35,267 INFO: In epoch 608, pred_score1: tensor([0.2592], device='cuda:0', grad_fn=<SelectBackward0>), pred_score2: tensor([0.2232], device='cuda:0', grad_fn=<SelectBackward0>)
2025-07-09 19:42:35,268 INFO: pred: 0.16067278385162354
2025-07-09 19:42:35,643 INFO: [608/1600] Train_Loss_total: 5.0399 Test_Loss_total: 1.7834 Time: 1.4592s
2025-07-09 19:42:36,710 INFO: In epoch 609, pred_score1: tensor([0.1658], device='cuda:0', grad_fn=<SelectBackward0>), pred_score2: tensor([0.1519], device='cuda:0', grad_fn=<SelectBackward0>)
2025-07-09 19:42:36,711 INFO: pred: 0.16558563709259033
2025-07-09 19:42:37,095 INFO: [609/1600] Train_Loss_total: 5.0392 Test_Loss_total: 1.813 Time: 1.4521s
2025-07-09 19:42:38,176 INFO: In epoch 610, pred_score1: tensor([0.9686], device='cuda:0', grad_fn=<SelectBackward0>), pred_score2: tensor([0.2998], device='cuda:0', grad_fn=<SelectBackward0>)
2025-07-09 19:42:38,176 INFO: pred: 0.14005179703235626
2025-07-09 19:42:38,532 INFO: [610/1600] Train_Loss_total: 5.0387 Test_Loss_total: 1.78 Time: 1.4368s
2025-07-09 19:42:39,637 INFO: In epoch 611, pred_score1: tensor([0.3393], device='cuda:0', grad_fn=<SelectBackward0>), pred_score2: tensor([0.2488], device='cuda:0', grad_fn=<SelectBackward0>)
2025-07-09 19:42:39,637 INFO: pred: 0.16437043249607086
2025-07-09 19:42:40,009 INFO: [611/1600] Train_Loss_total: 5.0383 Test_Loss_total: 1.8091 Time: 1.4767s
2025-07-09 19:42:41,336 INFO: In epoch 612, pred_score1: tensor([0.1762], device='cuda:0', grad_fn=<SelectBackward0>), pred_score2: tensor([0.2472], device='cuda:0', grad_fn=<SelectBackward0>)
2025-07-09 19:42:41,336 INFO: pred: 0.17546918988227844
2025-07-09 19:42:41,853 INFO: [612/1600] Train_Loss_total: 5.038 Test_Loss_total: 1.8027 Time: 1.8436s
2025-07-09 19:42:43,219 INFO: In epoch 613, pred_score1: tensor([0.2074], device='cuda:0', grad_fn=<SelectBackward0>), pred_score2: tensor([0.1232], device='cuda:0', grad_fn=<SelectBackward0>)
2025-07-09 19:42:43,220 INFO: pred: 0.16844318807125092
2025-07-09 19:42:43,582 INFO: [613/1600] Train_Loss_total: 5.0374 Test_Loss_total: 1.7972 Time: 1.7291s
2025-07-09 19:42:44,697 INFO: In epoch 614, pred_score1: tensor([0.2524], device='cuda:0', grad_fn=<SelectBackward0>), pred_score2: tensor([0.1829], device='cuda:0', grad_fn=<SelectBackward0>)
2025-07-09 19:42:44,697 INFO: pred: 0.14957097172737122
2025-07-09 19:42:45,084 INFO: [614/1600] Train_Loss_total: 5.0373 Test_Loss_total: 1.7811 Time: 1.5011s
2025-07-09 19:42:46,160 INFO: In epoch 615, pred_score1: tensor([0.3671], device='cuda:0', grad_fn=<SelectBackward0>), pred_score2: tensor([0.1639], device='cuda:0', grad_fn=<SelectBackward0>)
2025-07-09 19:42:46,160 INFO: pred: 0.1430753618478775
2025-07-09 19:42:46,533 INFO: [615/1600] Train_Loss_total: 5.0367 Test_Loss_total: 1.7901 Time: 1.4487s
2025-07-09 19:42:47,642 INFO: In epoch 616, pred_score1: tensor([0.3784], device='cuda:0', grad_fn=<SelectBackward0>), pred_score2: tensor([0.2037], device='cuda:0', grad_fn=<SelectBackward0>)
2025-07-09 19:42:47,643 INFO: pred: 0.1397060602903366
2025-07-09 19:42:48,030 INFO: [616/1600] Train_Loss_total: 5.0362 Test_Loss_total: 1.7819 Time: 1.4968s
2025-07-09 19:42:49,116 INFO: In epoch 617, pred_score1: tensor([0.2374], device='cuda:0', grad_fn=<SelectBackward0>), pred_score2: tensor([0.2668], device='cuda:0', grad_fn=<SelectBackward0>)
2025-07-09 19:42:49,116 INFO: pred: 0.18378502130508423
2025-07-09 19:42:49,488 INFO: [617/1600] Train_Loss_total: 5.0358 Test_Loss_total: 1.8363 Time: 1.458s
2025-07-09 19:42:50,589 INFO: In epoch 618, pred_score1: tensor([0.2795], device='cuda:0', grad_fn=<SelectBackward0>), pred_score2: tensor([0.2502], device='cuda:0', grad_fn=<SelectBackward0>)
2025-07-09 19:42:50,589 INFO: pred: 0.15494975447654724
2025-07-09 19:42:50,961 INFO: [618/1600] Train_Loss_total: 5.0356 Test_Loss_total: 1.8134 Time: 1.4722s
2025-07-09 19:42:52,052 INFO: In epoch 619, pred_score1: tensor([0.2868], device='cuda:0', grad_fn=<SelectBackward0>), pred_score2: tensor([0.1918], device='cuda:0', grad_fn=<SelectBackward0>)
2025-07-09 19:42:52,052 INFO: pred: 0.16203296184539795
2025-07-09 19:42:52,434 INFO: [619/1600] Train_Loss_total: 5.035 Test_Loss_total: 1.8432 Time: 1.4731s
2025-07-09 19:42:53,858 INFO: In epoch 620, pred_score1: tensor([0.2544], device='cuda:0', grad_fn=<SelectBackward0>), pred_score2: tensor([0.2158], device='cuda:0', grad_fn=<SelectBackward0>)
2025-07-09 19:42:53,858 INFO: pred: 0.18519462645053864
2025-07-09 19:42:54,433 INFO: [620/1600] Train_Loss_total: 5.0349 Test_Loss_total: 1.7849 Time: 1.9989s
2025-07-09 19:42:55,685 INFO: In epoch 621, pred_score1: tensor([0.2807], device='cuda:0', grad_fn=<SelectBackward0>), pred_score2: tensor([0.1947], device='cuda:0', grad_fn=<SelectBackward0>)
2025-07-09 19:42:55,685 INFO: pred: 0.05788093060255051
2025-07-09 19:42:56,063 INFO: [621/1600] Train_Loss_total: 5.0344 Test_Loss_total: 1.8185 Time: 1.6298s
2025-07-09 19:42:57,153 INFO: In epoch 622, pred_score1: tensor([0.7470], device='cuda:0', grad_fn=<SelectBackward0>), pred_score2: tensor([0.0516], device='cuda:0', grad_fn=<SelectBackward0>)
2025-07-09 19:42:57,153 INFO: pred: 0.08370091021060944
2025-07-09 19:42:57,526 INFO: [622/1600] Train_Loss_total: 5.034 Test_Loss_total: 1.8074 Time: 1.4623s
2025-07-09 19:42:58,623 INFO: In epoch 623, pred_score1: tensor([0.5193], device='cuda:0', grad_fn=<SelectBackward0>), pred_score2: tensor([0.8167], device='cuda:0', grad_fn=<SelectBackward0>)
2025-07-09 19:42:58,623 INFO: pred: 0.17192243039608002
2025-07-09 19:42:58,989 INFO: [623/1600] Train_Loss_total: 5.0332 Test_Loss_total: 1.8242 Time: 1.4633s
2025-07-09 19:43:00,092 INFO: In epoch 624, pred_score1: tensor([0.2826], device='cuda:0', grad_fn=<SelectBackward0>), pred_score2: tensor([0.1901], device='cuda:0', grad_fn=<SelectBackward0>)
2025-07-09 19:43:00,092 INFO: pred: 0.05739568918943405
2025-07-09 19:43:00,467 INFO: [624/1600] Train_Loss_total: 5.0329 Test_Loss_total: 1.7985 Time: 1.4778s
2025-07-09 19:43:01,580 INFO: In epoch 625, pred_score1: tensor([0.2163], device='cuda:0', grad_fn=<SelectBackward0>), pred_score2: tensor([0.1969], device='cuda:0', grad_fn=<SelectBackward0>)
2025-07-09 19:43:01,580 INFO: pred: 0.14547155797481537
2025-07-09 19:43:01,958 INFO: [625/1600] Train_Loss_total: 5.0326 Test_Loss_total: 1.7852 Time: 1.4908s
2025-07-09 19:43:03,073 INFO: In epoch 626, pred_score1: tensor([0.2454], device='cuda:0', grad_fn=<SelectBackward0>), pred_score2: tensor([0.1960], device='cuda:0', grad_fn=<SelectBackward0>)
2025-07-09 19:43:03,073 INFO: pred: 0.17913107573986053
2025-07-09 19:43:03,440 INFO: [626/1600] Train_Loss_total: 5.0321 Test_Loss_total: 1.8245 Time: 1.4809s
2025-07-09 19:43:04,528 INFO: In epoch 627, pred_score1: tensor([0.2536], device='cuda:0', grad_fn=<SelectBackward0>), pred_score2: tensor([0.1464], device='cuda:0', grad_fn=<SelectBackward0>)
2025-07-09 19:43:04,528 INFO: pred: 0.1731584221124649
2025-07-09 19:43:04,924 INFO: [627/1600] Train_Loss_total: 5.0318 Test_Loss_total: 1.8209 Time: 1.4838s
2025-07-09 19:43:06,459 INFO: In epoch 628, pred_score1: tensor([0.1674], device='cuda:0', grad_fn=<SelectBackward0>), pred_score2: tensor([0.1707], device='cuda:0', grad_fn=<SelectBackward0>)
2025-07-09 19:43:06,459 INFO: pred: 0.17651744186878204
2025-07-09 19:43:07,039 INFO: [628/1600] Train_Loss_total: 5.0313 Test_Loss_total: 1.7831 Time: 2.1145s
2025-07-09 19:43:08,107 INFO: In epoch 629, pred_score1: tensor([0.1423], device='cuda:0', grad_fn=<SelectBackward0>), pred_score2: tensor([0.2050], device='cuda:0', grad_fn=<SelectBackward0>)
2025-07-09 19:43:08,107 INFO: pred: 0.18081891536712646
2025-07-09 19:43:08,475 INFO: [629/1600] Train_Loss_total: 5.0309 Test_Loss_total: 1.8193 Time: 1.4365s
2025-07-09 19:43:09,564 INFO: In epoch 630, pred_score1: tensor([0.9762], device='cuda:0', grad_fn=<SelectBackward0>), pred_score2: tensor([0.1701], device='cuda:0', grad_fn=<SelectBackward0>)
2025-07-09 19:43:09,564 INFO: pred: 0.08772802352905273
2025-07-09 19:43:09,959 INFO: [630/1600] Train_Loss_total: 5.0303 Test_Loss_total: 1.7765 Time: 1.4829s
2025-07-09 19:43:11,037 INFO: In epoch 631, pred_score1: tensor([0.1488], device='cuda:0', grad_fn=<SelectBackward0>), pred_score2: tensor([0.1256], device='cuda:0', grad_fn=<SelectBackward0>)
2025-07-09 19:43:11,037 INFO: pred: 0.17114758491516113
2025-07-09 19:43:11,409 INFO: [631/1600] Train_Loss_total: 5.0298 Test_Loss_total: 1.7787 Time: 1.4498s
2025-07-09 19:43:12,503 INFO: In epoch 632, pred_score1: tensor([0.1277], device='cuda:0', grad_fn=<SelectBackward0>), pred_score2: tensor([0.3292], device='cuda:0', grad_fn=<SelectBackward0>)
2025-07-09 19:43:12,503 INFO: pred: 0.14688245952129364
2025-07-09 19:43:12,868 INFO: [632/1600] Train_Loss_total: 5.0293 Test_Loss_total: 1.8024 Time: 1.4593s
2025-07-09 19:43:13,970 INFO: In epoch 633, pred_score1: tensor([0.2886], device='cuda:0', grad_fn=<SelectBackward0>), pred_score2: tensor([0.2919], device='cuda:0', grad_fn=<SelectBackward0>)
2025-07-09 19:43:13,971 INFO: pred: 0.16435961425304413
2025-07-09 19:43:14,378 INFO: [633/1600] Train_Loss_total: 5.0293 Test_Loss_total: 1.7847 Time: 1.5093s
2025-07-09 19:43:15,442 INFO: In epoch 634, pred_score1: tensor([0.1835], device='cuda:0', grad_fn=<SelectBackward0>), pred_score2: tensor([0.2368], device='cuda:0', grad_fn=<SelectBackward0>)
2025-07-09 19:43:15,442 INFO: pred: 0.17289631068706512
2025-07-09 19:43:15,808 INFO: [634/1600] Train_Loss_total: 5.0286 Test_Loss_total: 1.7788 Time: 1.43s
2025-07-09 19:43:16,872 INFO: In epoch 635, pred_score1: tensor([0.1441], device='cuda:0', grad_fn=<SelectBackward0>), pred_score2: tensor([0.4039], device='cuda:0', grad_fn=<SelectBackward0>)
2025-07-09 19:43:16,872 INFO: pred: 0.17436158657073975
2025-07-09 19:43:17,383 INFO: [635/1600] Train_Loss_total: 5.0284 Test_Loss_total: 1.7906 Time: 1.5752s
2025-07-09 19:43:18,924 INFO: In epoch 636, pred_score1: tensor([0.2885], device='cuda:0', grad_fn=<SelectBackward0>), pred_score2: tensor([0.2072], device='cuda:0', grad_fn=<SelectBackward0>)
2025-07-09 19:43:18,924 INFO: pred: 0.18588323891162872
2025-07-09 19:43:19,366 INFO: [636/1600] Train_Loss_total: 5.0277 Test_Loss_total: 1.7847 Time: 1.982s
2025-07-09 19:43:20,425 INFO: In epoch 637, pred_score1: tensor([0.2232], device='cuda:0', grad_fn=<SelectBackward0>), pred_score2: tensor([0.1055], device='cuda:0', grad_fn=<SelectBackward0>)
2025-07-09 19:43:20,426 INFO: pred: 0.2535320520401001
2025-07-09 19:43:20,788 INFO: [637/1600] Train_Loss_total: 5.0273 Test_Loss_total: 1.7786 Time: 1.4225s
2025-07-09 19:43:21,847 INFO: In epoch 638, pred_score1: tensor([0.6700], device='cuda:0', grad_fn=<SelectBackward0>), pred_score2: tensor([0.1142], device='cuda:0', grad_fn=<SelectBackward0>)
2025-07-09 19:43:21,847 INFO: pred: 0.18427206575870514
2025-07-09 19:43:22,214 INFO: [638/1600] Train_Loss_total: 5.027 Test_Loss_total: 1.7873 Time: 1.4253s
2025-07-09 19:43:23,288 INFO: In epoch 639, pred_score1: tensor([0.3854], device='cuda:0', grad_fn=<SelectBackward0>), pred_score2: tensor([0.2294], device='cuda:0', grad_fn=<SelectBackward0>)
2025-07-09 19:43:23,289 INFO: pred: 0.18251749873161316
2025-07-09 19:43:23,672 INFO: [639/1600] Train_Loss_total: 5.0264 Test_Loss_total: 1.8151 Time: 1.4577s
2025-07-09 19:43:24,740 INFO: In epoch 640, pred_score1: tensor([0.2592], device='cuda:0', grad_fn=<SelectBackward0>), pred_score2: tensor([0.1136], device='cuda:0', grad_fn=<SelectBackward0>)
2025-07-09 19:43:24,741 INFO: pred: 0.1758543848991394
2025-07-09 19:43:25,114 INFO: [640/1600] Train_Loss_total: 5.0263 Test_Loss_total: 1.795 Time: 1.4419s
2025-07-09 19:43:26,182 INFO: In epoch 641, pred_score1: tensor([0.1368], device='cuda:0', grad_fn=<SelectBackward0>), pred_score2: tensor([0.1829], device='cuda:0', grad_fn=<SelectBackward0>)
2025-07-09 19:43:26,182 INFO: pred: 0.1570439636707306
2025-07-09 19:43:26,562 INFO: [641/1600] Train_Loss_total: 5.0257 Test_Loss_total: 1.8032 Time: 1.4481s
2025-07-09 19:43:27,647 INFO: In epoch 642, pred_score1: tensor([0.2793], device='cuda:0', grad_fn=<SelectBackward0>), pred_score2: tensor([0.1895], device='cuda:0', grad_fn=<SelectBackward0>)
2025-07-09 19:43:27,647 INFO: pred: 0.16330061852931976
2025-07-09 19:43:28,017 INFO: [642/1600] Train_Loss_total: 5.0253 Test_Loss_total: 1.7898 Time: 1.4542s
2025-07-09 19:43:29,071 INFO: In epoch 643, pred_score1: tensor([0.2985], device='cuda:0', grad_fn=<SelectBackward0>), pred_score2: tensor([0.2252], device='cuda:0', grad_fn=<SelectBackward0>)
2025-07-09 19:43:29,072 INFO: pred: 0.12988188862800598
2025-07-09 19:43:29,618 INFO: [643/1600] Train_Loss_total: 5.0249 Test_Loss_total: 1.7817 Time: 1.6009s
2025-07-09 19:43:31,182 INFO: In epoch 644, pred_score1: tensor([0.2306], device='cuda:0', grad_fn=<SelectBackward0>), pred_score2: tensor([0.2674], device='cuda:0', grad_fn=<SelectBackward0>)
2025-07-09 19:43:31,182 INFO: pred: 0.16173185408115387
2025-07-09 19:43:31,559 INFO: [644/1600] Train_Loss_total: 5.0246 Test_Loss_total: 1.7946 Time: 1.9404s
2025-07-09 19:43:32,644 INFO: In epoch 645, pred_score1: tensor([0.2219], device='cuda:0', grad_fn=<SelectBackward0>), pred_score2: tensor([0.3597], device='cuda:0', grad_fn=<SelectBackward0>)
2025-07-09 19:43:32,644 INFO: pred: 0.15896223485469818
2025-07-09 19:43:33,027 INFO: [645/1600] Train_Loss_total: 5.0242 Test_Loss_total: 1.7863 Time: 1.4675s
2025-07-09 19:43:34,102 INFO: In epoch 646, pred_score1: tensor([0.1980], device='cuda:0', grad_fn=<SelectBackward0>), pred_score2: tensor([0.1495], device='cuda:0', grad_fn=<SelectBackward0>)
2025-07-09 19:43:34,102 INFO: pred: 0.16538691520690918
2025-07-09 19:43:34,462 INFO: [646/1600] Train_Loss_total: 5.0236 Test_Loss_total: 1.818 Time: 1.4347s
2025-07-09 19:43:35,532 INFO: In epoch 647, pred_score1: tensor([0.8272], device='cuda:0', grad_fn=<SelectBackward0>), pred_score2: tensor([0.1905], device='cuda:0', grad_fn=<SelectBackward0>)
2025-07-09 19:43:35,532 INFO: pred: 0.20247316360473633
2025-07-09 19:43:35,915 INFO: [647/1600] Train_Loss_total: 5.0232 Test_Loss_total: 1.7875 Time: 1.4527s
2025-07-09 19:43:36,986 INFO: In epoch 648, pred_score1: tensor([0.2780], device='cuda:0', grad_fn=<SelectBackward0>), pred_score2: tensor([0.2327], device='cuda:0', grad_fn=<SelectBackward0>)
2025-07-09 19:43:36,986 INFO: pred: 0.1813332885503769
2025-07-09 19:43:37,356 INFO: [648/1600] Train_Loss_total: 5.0228 Test_Loss_total: 1.8394 Time: 1.4412s
2025-07-09 19:43:38,433 INFO: In epoch 649, pred_score1: tensor([0.1495], device='cuda:0', grad_fn=<SelectBackward0>), pred_score2: tensor([0.3213], device='cuda:0', grad_fn=<SelectBackward0>)
2025-07-09 19:43:38,433 INFO: pred: 0.15143747627735138
2025-07-09 19:43:38,801 INFO: [649/1600] Train_Loss_total: 5.0223 Test_Loss_total: 1.7797 Time: 1.4447s
2025-07-09 19:43:39,902 INFO: In epoch 650, pred_score1: tensor([0.1800], device='cuda:0', grad_fn=<SelectBackward0>), pred_score2: tensor([0.2980], device='cuda:0', grad_fn=<SelectBackward0>)
2025-07-09 19:43:39,902 INFO: pred: 0.1662227362394333
2025-07-09 19:43:40,295 INFO: [650/1600] Train_Loss_total: 5.0217 Test_Loss_total: 1.8026 Time: 1.4936s
2025-07-09 19:43:41,421 INFO: In epoch 651, pred_score1: tensor([0.2680], device='cuda:0', grad_fn=<SelectBackward0>), pred_score2: tensor([0.2292], device='cuda:0', grad_fn=<SelectBackward0>)
2025-07-09 19:43:41,421 INFO: pred: 0.158339262008667
2025-07-09 19:43:41,942 INFO: [651/1600] Train_Loss_total: 5.0213 Test_Loss_total: 1.831 Time: 1.6466s
2025-07-09 19:43:43,470 INFO: In epoch 652, pred_score1: tensor([0.1718], device='cuda:0', grad_fn=<SelectBackward0>), pred_score2: tensor([0.1665], device='cuda:0', grad_fn=<SelectBackward0>)
2025-07-09 19:43:43,470 INFO: pred: 0.1784883588552475
2025-07-09 19:43:43,833 INFO: [652/1600] Train_Loss_total: 5.0213 Test_Loss_total: 1.8025 Time: 1.8913s
2025-07-09 19:43:44,941 INFO: In epoch 653, pred_score1: tensor([0.1673], device='cuda:0', grad_fn=<SelectBackward0>), pred_score2: tensor([0.2497], device='cuda:0', grad_fn=<SelectBackward0>)
2025-07-09 19:43:44,941 INFO: pred: 0.1658007651567459
2025-07-09 19:43:45,317 INFO: [653/1600] Train_Loss_total: 5.0207 Test_Loss_total: 1.8254 Time: 1.4834s
2025-07-09 19:43:46,386 INFO: In epoch 654, pred_score1: tensor([0.1614], device='cuda:0', grad_fn=<SelectBackward0>), pred_score2: tensor([0.2351], device='cuda:0', grad_fn=<SelectBackward0>)
2025-07-09 19:43:46,387 INFO: pred: 0.19019478559494019
2025-07-09 19:43:46,745 INFO: [654/1600] Train_Loss_total: 5.0202 Test_Loss_total: 1.7902 Time: 1.4279s
2025-07-09 19:43:47,806 INFO: In epoch 655, pred_score1: tensor([0.6522], device='cuda:0', grad_fn=<SelectBackward0>), pred_score2: tensor([0.1506], device='cuda:0', grad_fn=<SelectBackward0>)
2025-07-09 19:43:47,807 INFO: pred: 0.24548625946044922
2025-07-09 19:43:48,172 INFO: [655/1600] Train_Loss_total: 5.0199 Test_Loss_total: 1.7727 Time: 1.4263s
2025-07-09 19:43:49,237 INFO: In epoch 656, pred_score1: tensor([0.2351], device='cuda:0', grad_fn=<SelectBackward0>), pred_score2: tensor([0.2591], device='cuda:0', grad_fn=<SelectBackward0>)
2025-07-09 19:43:49,237 INFO: pred: 0.1620377153158188
2025-07-09 19:43:49,631 INFO: [656/1600] Train_Loss_total: 5.0192 Test_Loss_total: 1.8275 Time: 1.4588s
2025-07-09 19:43:50,708 INFO: In epoch 657, pred_score1: tensor([0.1907], device='cuda:0', grad_fn=<SelectBackward0>), pred_score2: tensor([0.1441], device='cuda:0', grad_fn=<SelectBackward0>)
2025-07-09 19:43:50,708 INFO: pred: 0.1307132989168167
2025-07-09 19:43:51,078 INFO: [657/1600] Train_Loss_total: 5.019 Test_Loss_total: 1.8007 Time: 1.4471s
2025-07-09 19:43:52,142 INFO: In epoch 658, pred_score1: tensor([0.2901], device='cuda:0', grad_fn=<SelectBackward0>), pred_score2: tensor([0.1266], device='cuda:0', grad_fn=<SelectBackward0>)
2025-07-09 19:43:52,143 INFO: pred: 0.1903453916311264
2025-07-09 19:43:52,516 INFO: [658/1600] Train_Loss_total: 5.0189 Test_Loss_total: 1.791 Time: 1.4379s
2025-07-09 19:43:53,700 INFO: In epoch 659, pred_score1: tensor([0.2138], device='cuda:0', grad_fn=<SelectBackward0>), pred_score2: tensor([0.2239], device='cuda:0', grad_fn=<SelectBackward0>)
2025-07-09 19:43:53,700 INFO: pred: 0.17956523597240448
2025-07-09 19:43:54,210 INFO: [659/1600] Train_Loss_total: 5.0181 Test_Loss_total: 1.8482 Time: 1.6938s
2025-07-09 19:43:55,679 INFO: In epoch 660, pred_score1: tensor([0.2909], device='cuda:0', grad_fn=<SelectBackward0>), pred_score2: tensor([0.9707], device='cuda:0', grad_fn=<SelectBackward0>)
2025-07-09 19:43:55,679 INFO: pred: -0.062251392751932144
2025-07-09 19:43:56,051 INFO: [660/1600] Train_Loss_total: 5.0178 Test_Loss_total: 1.7931 Time: 1.8403s
2025-07-09 19:43:57,128 INFO: In epoch 661, pred_score1: tensor([0.2142], device='cuda:0', grad_fn=<SelectBackward0>), pred_score2: tensor([0.1906], device='cuda:0', grad_fn=<SelectBackward0>)
2025-07-09 19:43:57,128 INFO: pred: 0.13505129516124725
2025-07-09 19:43:57,493 INFO: [661/1600] Train_Loss_total: 5.0172 Test_Loss_total: 1.8048 Time: 1.4422s
2025-07-09 19:43:58,572 INFO: In epoch 662, pred_score1: tensor([0.2161], device='cuda:0', grad_fn=<SelectBackward0>), pred_score2: tensor([0.1563], device='cuda:0', grad_fn=<SelectBackward0>)
2025-07-09 19:43:58,572 INFO: pred: 0.18506492674350739
2025-07-09 19:43:58,953 INFO: [662/1600] Train_Loss_total: 5.0168 Test_Loss_total: 1.7867 Time: 1.4594s
2025-07-09 19:44:00,015 INFO: In epoch 663, pred_score1: tensor([0.2647], device='cuda:0', grad_fn=<SelectBackward0>), pred_score2: tensor([0.1711], device='cuda:0', grad_fn=<SelectBackward0>)
2025-07-09 19:44:00,016 INFO: pred: 0.17345963418483734
2025-07-09 19:44:00,418 INFO: [663/1600] Train_Loss_total: 5.0163 Test_Loss_total: 1.8095 Time: 1.4644s
2025-07-09 19:44:01,630 INFO: In epoch 664, pred_score1: tensor([0.2366], device='cuda:0', grad_fn=<SelectBackward0>), pred_score2: tensor([0.2635], device='cuda:0', grad_fn=<SelectBackward0>)
2025-07-09 19:44:01,630 INFO: pred: 0.1801740974187851
2025-07-09 19:44:02,006 INFO: [664/1600] Train_Loss_total: 5.016 Test_Loss_total: 1.7988 Time: 1.5884s
2025-07-09 19:44:03,058 INFO: In epoch 665, pred_score1: tensor([0.2146], device='cuda:0', grad_fn=<SelectBackward0>), pred_score2: tensor([0.3047], device='cuda:0', grad_fn=<SelectBackward0>)
2025-07-09 19:44:03,059 INFO: pred: 0.17120346426963806
2025-07-09 19:44:03,425 INFO: [665/1600] Train_Loss_total: 5.0156 Test_Loss_total: 1.7987 Time: 1.4188s
2025-07-09 19:44:04,501 INFO: In epoch 666, pred_score1: tensor([0.5119], device='cuda:0', grad_fn=<SelectBackward0>), pred_score2: tensor([0.1705], device='cuda:0', grad_fn=<SelectBackward0>)
2025-07-09 19:44:04,502 INFO: pred: 0.1371966302394867
2025-07-09 19:44:04,860 INFO: [666/1600] Train_Loss_total: 5.0149 Test_Loss_total: 1.8041 Time: 1.435s
2025-07-09 19:44:06,157 INFO: In epoch 667, pred_score1: tensor([0.2970], device='cuda:0', grad_fn=<SelectBackward0>), pred_score2: tensor([0.1254], device='cuda:0', grad_fn=<SelectBackward0>)
2025-07-09 19:44:06,157 INFO: pred: 0.14197586476802826
2025-07-09 19:44:06,660 INFO: [667/1600] Train_Loss_total: 5.0147 Test_Loss_total: 1.807 Time: 1.7989s
2025-07-09 19:44:08,022 INFO: In epoch 668, pred_score1: tensor([0.2138], device='cuda:0', grad_fn=<SelectBackward0>), pred_score2: tensor([0.1897], device='cuda:0', grad_fn=<SelectBackward0>)
2025-07-09 19:44:08,022 INFO: pred: 0.13484400510787964
2025-07-09 19:44:08,404 INFO: [668/1600] Train_Loss_total: 5.0144 Test_Loss_total: 1.8113 Time: 1.7441s
2025-07-09 19:44:09,485 INFO: In epoch 669, pred_score1: tensor([0.2226], device='cuda:0', grad_fn=<SelectBackward0>), pred_score2: tensor([0.2087], device='cuda:0', grad_fn=<SelectBackward0>)
2025-07-09 19:44:09,485 INFO: pred: 0.18844427168369293
2025-07-09 19:44:09,853 INFO: [669/1600] Train_Loss_total: 5.0139 Test_Loss_total: 1.8346 Time: 1.4492s
2025-07-09 19:44:10,929 INFO: In epoch 670, pred_score1: tensor([0.1693], device='cuda:0', grad_fn=<SelectBackward0>), pred_score2: tensor([0.1652], device='cuda:0', grad_fn=<SelectBackward0>)
2025-07-09 19:44:10,929 INFO: pred: 0.17955657839775085
2025-07-09 19:44:11,299 INFO: [670/1600] Train_Loss_total: 5.0134 Test_Loss_total: 1.804 Time: 1.4451s
2025-07-09 19:44:12,354 INFO: In epoch 671, pred_score1: tensor([0.2770], device='cuda:0', grad_fn=<SelectBackward0>), pred_score2: tensor([0.2027], device='cuda:0', grad_fn=<SelectBackward0>)
2025-07-09 19:44:12,354 INFO: pred: 0.18291199207305908
2025-07-09 19:44:12,726 INFO: [671/1600] Train_Loss_total: 5.0128 Test_Loss_total: 1.7832 Time: 1.4267s
2025-07-09 19:44:13,794 INFO: In epoch 672, pred_score1: tensor([0.2032], device='cuda:0', grad_fn=<SelectBackward0>), pred_score2: tensor([0.3355], device='cuda:0', grad_fn=<SelectBackward0>)
2025-07-09 19:44:13,794 INFO: pred: 0.16547329723834991
2025-07-09 19:44:14,161 INFO: [672/1600] Train_Loss_total: 5.0126 Test_Loss_total: 1.7816 Time: 1.4351s
2025-07-09 19:44:15,248 INFO: In epoch 673, pred_score1: tensor([0.2088], device='cuda:0', grad_fn=<SelectBackward0>), pred_score2: tensor([0.2687], device='cuda:0', grad_fn=<SelectBackward0>)
2025-07-09 19:44:15,248 INFO: pred: 0.18136867880821228
2025-07-09 19:44:15,634 INFO: [673/1600] Train_Loss_total: 5.0121 Test_Loss_total: 1.7812 Time: 1.473s
2025-07-09 19:44:16,697 INFO: In epoch 674, pred_score1: tensor([0.1752], device='cuda:0', grad_fn=<SelectBackward0>), pred_score2: tensor([0.1665], device='cuda:0', grad_fn=<SelectBackward0>)
2025-07-09 19:44:16,697 INFO: pred: 0.1810312718153
2025-07-09 19:44:17,063 INFO: [674/1600] Train_Loss_total: 5.0116 Test_Loss_total: 1.8129 Time: 1.4288s
2025-07-09 19:44:18,396 INFO: In epoch 675, pred_score1: tensor([0.2591], device='cuda:0', grad_fn=<SelectBackward0>), pred_score2: tensor([0.1978], device='cuda:0', grad_fn=<SelectBackward0>)
2025-07-09 19:44:18,396 INFO: pred: 0.18025507032871246
2025-07-09 19:44:18,901 INFO: [675/1600] Train_Loss_total: 5.0112 Test_Loss_total: 1.8122 Time: 1.8369s
2025-07-09 19:44:20,201 INFO: In epoch 676, pred_score1: tensor([0.1206], device='cuda:0', grad_fn=<SelectBackward0>), pred_score2: tensor([0.4487], device='cuda:0', grad_fn=<SelectBackward0>)
2025-07-09 19:44:20,201 INFO: pred: 0.1332903951406479
2025-07-09 19:44:20,579 INFO: [676/1600] Train_Loss_total: 5.0108 Test_Loss_total: 1.7889 Time: 1.678s
2025-07-09 19:44:21,662 INFO: In epoch 677, pred_score1: tensor([0.2578], device='cuda:0', grad_fn=<SelectBackward0>), pred_score2: tensor([0.2735], device='cuda:0', grad_fn=<SelectBackward0>)
2025-07-09 19:44:21,662 INFO: pred: 0.140072762966156
2025-07-09 19:44:22,037 INFO: [677/1600] Train_Loss_total: 5.0102 Test_Loss_total: 1.8058 Time: 1.4575s
2025-07-09 19:44:23,108 INFO: In epoch 678, pred_score1: tensor([0.2580], device='cuda:0', grad_fn=<SelectBackward0>), pred_score2: tensor([0.1656], device='cuda:0', grad_fn=<SelectBackward0>)
2025-07-09 19:44:23,108 INFO: pred: 0.17564821243286133
2025-07-09 19:44:23,474 INFO: [678/1600] Train_Loss_total: 5.0099 Test_Loss_total: 1.8081 Time: 1.4377s
2025-07-09 19:44:24,545 INFO: In epoch 679, pred_score1: tensor([0.2226], device='cuda:0', grad_fn=<SelectBackward0>), pred_score2: tensor([0.2806], device='cuda:0', grad_fn=<SelectBackward0>)
2025-07-09 19:44:24,545 INFO: pred: 0.18913908302783966
2025-07-09 19:44:24,927 INFO: [679/1600] Train_Loss_total: 5.0096 Test_Loss_total: 1.7905 Time: 1.4521s
2025-07-09 19:44:26,000 INFO: In epoch 680, pred_score1: tensor([0.3650], device='cuda:0', grad_fn=<SelectBackward0>), pred_score2: tensor([0.1693], device='cuda:0', grad_fn=<SelectBackward0>)
2025-07-09 19:44:26,000 INFO: pred: 0.19291330873966217
2025-07-09 19:44:26,357 INFO: [680/1600] Train_Loss_total: 5.0091 Test_Loss_total: 1.8094 Time: 1.4299s
2025-07-09 19:44:27,421 INFO: In epoch 681, pred_score1: tensor([0.1858], device='cuda:0', grad_fn=<SelectBackward0>), pred_score2: tensor([0.1424], device='cuda:0', grad_fn=<SelectBackward0>)
2025-07-09 19:44:27,421 INFO: pred: 0.13127614557743073
2025-07-09 19:44:27,805 INFO: [681/1600] Train_Loss_total: 5.0088 Test_Loss_total: 1.8122 Time: 1.4478s
2025-07-09 19:44:28,862 INFO: In epoch 682, pred_score1: tensor([0.2603], device='cuda:0', grad_fn=<SelectBackward0>), pred_score2: tensor([0.0766], device='cuda:0', grad_fn=<SelectBackward0>)
2025-07-09 19:44:28,863 INFO: pred: 0.17848923802375793
2025-07-09 19:44:29,228 INFO: [682/1600] Train_Loss_total: 5.0082 Test_Loss_total: 1.7784 Time: 1.4223s
2025-07-09 19:44:30,579 INFO: In epoch 683, pred_score1: tensor([0.5294], device='cuda:0', grad_fn=<SelectBackward0>), pred_score2: tensor([0.1408], device='cuda:0', grad_fn=<SelectBackward0>)
2025-07-09 19:44:30,579 INFO: pred: 0.25925254821777344
2025-07-09 19:44:31,096 INFO: [683/1600] Train_Loss_total: 5.0079 Test_Loss_total: 1.7845 Time: 1.8677s
2025-07-09 19:44:32,348 INFO: In epoch 684, pred_score1: tensor([0.1204], device='cuda:0', grad_fn=<SelectBackward0>), pred_score2: tensor([0.2932], device='cuda:0', grad_fn=<SelectBackward0>)
2025-07-09 19:44:32,348 INFO: pred: 0.12072642147541046
2025-07-09 19:44:32,718 INFO: [684/1600] Train_Loss_total: 5.0075 Test_Loss_total: 1.7787 Time: 1.6219s
2025-07-09 19:44:33,799 INFO: In epoch 685, pred_score1: tensor([0.2503], device='cuda:0', grad_fn=<SelectBackward0>), pred_score2: tensor([0.1619], device='cuda:0', grad_fn=<SelectBackward0>)
2025-07-09 19:44:33,799 INFO: pred: 0.212046816945076
2025-07-09 19:44:34,184 INFO: [685/1600] Train_Loss_total: 5.007 Test_Loss_total: 1.789 Time: 1.466s
2025-07-09 19:44:35,237 INFO: In epoch 686, pred_score1: tensor([0.1708], device='cuda:0', grad_fn=<SelectBackward0>), pred_score2: tensor([0.2083], device='cuda:0', grad_fn=<SelectBackward0>)
2025-07-09 19:44:35,237 INFO: pred: 0.169590562582016
2025-07-09 19:44:35,606 INFO: [686/1600] Train_Loss_total: 5.0065 Test_Loss_total: 1.8187 Time: 1.4214s
2025-07-09 19:44:36,693 INFO: In epoch 687, pred_score1: tensor([0.2187], device='cuda:0', grad_fn=<SelectBackward0>), pred_score2: tensor([0.2117], device='cuda:0', grad_fn=<SelectBackward0>)
2025-07-09 19:44:36,693 INFO: pred: 0.1909504234790802
2025-07-09 19:44:37,081 INFO: [687/1600] Train_Loss_total: 5.0062 Test_Loss_total: 1.7906 Time: 1.4753s
2025-07-09 19:44:38,151 INFO: In epoch 688, pred_score1: tensor([0.7999], device='cuda:0', grad_fn=<SelectBackward0>), pred_score2: tensor([0.2014], device='cuda:0', grad_fn=<SelectBackward0>)
2025-07-09 19:44:38,152 INFO: pred: 0.1721181720495224
2025-07-09 19:44:38,515 INFO: [688/1600] Train_Loss_total: 5.0059 Test_Loss_total: 1.7851 Time: 1.4333s
2025-07-09 19:44:39,588 INFO: In epoch 689, pred_score1: tensor([0.5515], device='cuda:0', grad_fn=<SelectBackward0>), pred_score2: tensor([0.1977], device='cuda:0', grad_fn=<SelectBackward0>)
2025-07-09 19:44:39,588 INFO: pred: 0.17475880682468414
2025-07-09 19:44:39,966 INFO: [689/1600] Train_Loss_total: 5.0053 Test_Loss_total: 1.7989 Time: 1.4512s
2025-07-09 19:44:41,025 INFO: In epoch 690, pred_score1: tensor([0.1369], device='cuda:0', grad_fn=<SelectBackward0>), pred_score2: tensor([0.4036], device='cuda:0', grad_fn=<SelectBackward0>)
2025-07-09 19:44:41,025 INFO: pred: 0.17403602600097656
2025-07-09 19:44:41,403 INFO: [690/1600] Train_Loss_total: 5.0052 Test_Loss_total: 1.7874 Time: 1.4369s
2025-07-09 19:44:42,809 INFO: In epoch 691, pred_score1: tensor([0.2627], device='cuda:0', grad_fn=<SelectBackward0>), pred_score2: tensor([0.2292], device='cuda:0', grad_fn=<SelectBackward0>)
2025-07-09 19:44:42,809 INFO: pred: 0.1841624528169632
2025-07-09 19:44:43,352 INFO: [691/1600] Train_Loss_total: 5.0046 Test_Loss_total: 1.8271 Time: 1.9485s
2025-07-09 19:44:44,575 INFO: In epoch 692, pred_score1: tensor([0.1240], device='cuda:0', grad_fn=<SelectBackward0>), pred_score2: tensor([0.4461], device='cuda:0', grad_fn=<SelectBackward0>)
2025-07-09 19:44:44,575 INFO: pred: 0.1345135122537613
2025-07-09 19:44:44,963 INFO: [692/1600] Train_Loss_total: 5.0041 Test_Loss_total: 1.7972 Time: 1.6109s
2025-07-09 19:44:46,050 INFO: In epoch 693, pred_score1: tensor([0.2694], device='cuda:0', grad_fn=<SelectBackward0>), pred_score2: tensor([0.1417], device='cuda:0', grad_fn=<SelectBackward0>)
2025-07-09 19:44:46,050 INFO: pred: 0.1801948994398117
2025-07-09 19:44:46,418 INFO: [693/1600] Train_Loss_total: 5.0037 Test_Loss_total: 1.7966 Time: 1.4543s
2025-07-09 19:44:47,482 INFO: In epoch 694, pred_score1: tensor([0.2090], device='cuda:0', grad_fn=<SelectBackward0>), pred_score2: tensor([0.1902], device='cuda:0', grad_fn=<SelectBackward0>)
2025-07-09 19:44:47,483 INFO: pred: 0.19774103164672852
2025-07-09 19:44:47,848 INFO: [694/1600] Train_Loss_total: 5.0032 Test_Loss_total: 1.7796 Time: 1.4297s
2025-07-09 19:44:48,898 INFO: In epoch 695, pred_score1: tensor([0.2447], device='cuda:0', grad_fn=<SelectBackward0>), pred_score2: tensor([0.0864], device='cuda:0', grad_fn=<SelectBackward0>)
2025-07-09 19:44:48,898 INFO: pred: 0.20087948441505432
2025-07-09 19:44:49,265 INFO: [695/1600] Train_Loss_total: 5.0028 Test_Loss_total: 1.779 Time: 1.417s
2025-07-09 19:44:50,367 INFO: In epoch 696, pred_score1: tensor([0.1745], device='cuda:0', grad_fn=<SelectBackward0>), pred_score2: tensor([0.1649], device='cuda:0', grad_fn=<SelectBackward0>)
2025-07-09 19:44:50,368 INFO: pred: 0.18333369493484497
2025-07-09 19:44:50,750 INFO: [696/1600] Train_Loss_total: 5.0024 Test_Loss_total: 1.7895 Time: 1.4852s
2025-07-09 19:44:51,822 INFO: In epoch 697, pred_score1: tensor([0.1387], device='cuda:0', grad_fn=<SelectBackward0>), pred_score2: tensor([0.1526], device='cuda:0', grad_fn=<SelectBackward0>)
2025-07-09 19:44:51,822 INFO: pred: 0.19844208657741547
2025-07-09 19:44:52,194 INFO: [697/1600] Train_Loss_total: 5.0017 Test_Loss_total: 1.7877 Time: 1.4435s
2025-07-09 19:44:53,255 INFO: In epoch 698, pred_score1: tensor([0.2505], device='cuda:0', grad_fn=<SelectBackward0>), pred_score2: tensor([0.1624], device='cuda:0', grad_fn=<SelectBackward0>)
2025-07-09 19:44:53,256 INFO: pred: 0.1775401383638382
2025-07-09 19:44:53,628 INFO: [698/1600] Train_Loss_total: 5.0012 Test_Loss_total: 1.7905 Time: 1.4333s
2025-07-09 19:44:55,151 INFO: In epoch 699, pred_score1: tensor([0.1584], device='cuda:0', grad_fn=<SelectBackward0>), pred_score2: tensor([0.2767], device='cuda:0', grad_fn=<SelectBackward0>)
2025-07-09 19:44:55,151 INFO: pred: 0.10908574610948563
2025-07-09 19:44:55,715 INFO: [699/1600] Train_Loss_total: 5.0011 Test_Loss_total: 1.8143 Time: 2.087s
2025-07-09 19:44:56,778 INFO: In epoch 700, pred_score1: tensor([0.2720], device='cuda:0', grad_fn=<SelectBackward0>), pred_score2: tensor([0.1950], device='cuda:0', grad_fn=<SelectBackward0>)
2025-07-09 19:44:56,778 INFO: pred: 0.18463709950447083
2025-07-09 19:44:57,161 INFO: [700/1600] Train_Loss_total: 5.0012 Test_Loss_total: 1.7936 Time: 1.4456s
2025-07-09 19:44:58,249 INFO: In epoch 701, pred_score1: tensor([0.1362], device='cuda:0', grad_fn=<SelectBackward0>), pred_score2: tensor([0.1520], device='cuda:0', grad_fn=<SelectBackward0>)
2025-07-09 19:44:58,250 INFO: pred: 0.20081005990505219
2025-07-09 19:44:58,624 INFO: [701/1600] Train_Loss_total: 5.0002 Test_Loss_total: 1.7854 Time: 1.4625s
2025-07-09 19:44:59,690 INFO: In epoch 702, pred_score1: tensor([0.1722], device='cuda:0', grad_fn=<SelectBackward0>), pred_score2: tensor([0.1617], device='cuda:0', grad_fn=<SelectBackward0>)
2025-07-09 19:44:59,691 INFO: pred: 0.1837003529071808
2025-07-09 19:45:00,076 INFO: [702/1600] Train_Loss_total: 4.9997 Test_Loss_total: 1.785 Time: 1.4521s
2025-07-09 19:45:01,197 INFO: In epoch 703, pred_score1: tensor([0.2826], device='cuda:0', grad_fn=<SelectBackward0>), pred_score2: tensor([0.1715], device='cuda:0', grad_fn=<SelectBackward0>)
2025-07-09 19:45:01,197 INFO: pred: 0.0600069984793663
2025-07-09 19:45:01,558 INFO: [703/1600] Train_Loss_total: 4.9993 Test_Loss_total: 1.7812 Time: 1.4817s
2025-07-09 19:45:02,636 INFO: In epoch 704, pred_score1: tensor([0.1776], device='cuda:0', grad_fn=<SelectBackward0>), pred_score2: tensor([0.2276], device='cuda:0', grad_fn=<SelectBackward0>)
2025-07-09 19:45:02,636 INFO: pred: 0.17799027264118195
2025-07-09 19:45:03,002 INFO: [704/1600] Train_Loss_total: 4.999 Test_Loss_total: 1.7867 Time: 1.4436s
2025-07-09 19:45:04,072 INFO: In epoch 705, pred_score1: tensor([0.1282], device='cuda:0', grad_fn=<SelectBackward0>), pred_score2: tensor([0.8143], device='cuda:0', grad_fn=<SelectBackward0>)
2025-07-09 19:45:04,072 INFO: pred: 0.15305837988853455
2025-07-09 19:45:04,442 INFO: [705/1600] Train_Loss_total: 4.9985 Test_Loss_total: 1.8035 Time: 1.4402s
2025-07-09 19:45:05,500 INFO: In epoch 706, pred_score1: tensor([0.2091], device='cuda:0', grad_fn=<SelectBackward0>), pred_score2: tensor([0.9447], device='cuda:0', grad_fn=<SelectBackward0>)
2025-07-09 19:45:05,500 INFO: pred: -0.10024099051952362
2025-07-09 19:45:05,927 INFO: [706/1600] Train_Loss_total: 4.9981 Test_Loss_total: 1.7828 Time: 1.4847s
2025-07-09 19:45:07,483 INFO: In epoch 707, pred_score1: tensor([0.1637], device='cuda:0', grad_fn=<SelectBackward0>), pred_score2: tensor([0.2339], device='cuda:0', grad_fn=<SelectBackward0>)
2025-07-09 19:45:07,484 INFO: pred: 0.16974268853664398
2025-07-09 19:45:07,981 INFO: [707/1600] Train_Loss_total: 4.9977 Test_Loss_total: 1.8016 Time: 2.0518s
2025-07-09 19:45:09,045 INFO: In epoch 708, pred_score1: tensor([0.1816], device='cuda:0', grad_fn=<SelectBackward0>), pred_score2: tensor([0.1418], device='cuda:0', grad_fn=<SelectBackward0>)
2025-07-09 19:45:09,045 INFO: pred: 0.13174137473106384
2025-07-09 19:45:09,433 INFO: [708/1600] Train_Loss_total: 4.9975 Test_Loss_total: 1.7877 Time: 1.4519s
2025-07-09 19:45:10,521 INFO: In epoch 709, pred_score1: tensor([0.2352], device='cuda:0', grad_fn=<SelectBackward0>), pred_score2: tensor([0.2553], device='cuda:0', grad_fn=<SelectBackward0>)
2025-07-09 19:45:10,521 INFO: pred: 0.16559523344039917
2025-07-09 19:45:10,894 INFO: [709/1600] Train_Loss_total: 4.9972 Test_Loss_total: 1.8035 Time: 1.4612s
2025-07-09 19:45:11,944 INFO: In epoch 710, pred_score1: tensor([0.2123], device='cuda:0', grad_fn=<SelectBackward0>), pred_score2: tensor([0.1178], device='cuda:0', grad_fn=<SelectBackward0>)
2025-07-09 19:45:11,944 INFO: pred: 0.1571802943944931
2025-07-09 19:45:12,310 INFO: [710/1600] Train_Loss_total: 4.9969 Test_Loss_total: 1.7785 Time: 1.4151s
2025-07-09 19:45:13,394 INFO: In epoch 711, pred_score1: tensor([0.7325], device='cuda:0', grad_fn=<SelectBackward0>), pred_score2: tensor([0.0971], device='cuda:0', grad_fn=<SelectBackward0>)
2025-07-09 19:45:13,395 INFO: pred: 0.1805230975151062
2025-07-09 19:45:13,771 INFO: [711/1600] Train_Loss_total: 4.9959 Test_Loss_total: 1.7851 Time: 1.4614s
2025-07-09 19:45:14,855 INFO: In epoch 712, pred_score1: tensor([0.2324], device='cuda:0', grad_fn=<SelectBackward0>), pred_score2: tensor([0.2312], device='cuda:0', grad_fn=<SelectBackward0>)
2025-07-09 19:45:14,855 INFO: pred: 0.17572622001171112
2025-07-09 19:45:15,223 INFO: [712/1600] Train_Loss_total: 4.9955 Test_Loss_total: 1.7838 Time: 1.4518s
2025-07-09 19:45:16,290 INFO: In epoch 713, pred_score1: tensor([0.1677], device='cuda:0', grad_fn=<SelectBackward0>), pred_score2: tensor([0.1212], device='cuda:0', grad_fn=<SelectBackward0>)
2025-07-09 19:45:16,291 INFO: pred: 0.18971891701221466
2025-07-09 19:45:16,672 INFO: [713/1600] Train_Loss_total: 4.995 Test_Loss_total: 1.7792 Time: 1.4485s
2025-07-09 19:45:17,739 INFO: In epoch 714, pred_score1: tensor([0.2315], device='cuda:0', grad_fn=<SelectBackward0>), pred_score2: tensor([0.2294], device='cuda:0', grad_fn=<SelectBackward0>)
2025-07-09 19:45:17,739 INFO: pred: 0.17575432360172272
2025-07-09 19:45:18,257 INFO: [714/1600] Train_Loss_total: 4.9949 Test_Loss_total: 1.8127 Time: 1.5846s
2025-07-09 19:45:19,813 INFO: In epoch 715, pred_score1: tensor([0.2207], device='cuda:0', grad_fn=<SelectBackward0>), pred_score2: tensor([0.3810], device='cuda:0', grad_fn=<SelectBackward0>)
2025-07-09 19:45:19,813 INFO: pred: 0.15864895284175873
2025-07-09 19:45:20,204 INFO: [715/1600] Train_Loss_total: 4.9942 Test_Loss_total: 1.7989 Time: 1.9467s
2025-07-09 19:45:21,276 INFO: In epoch 716, pred_score1: tensor([0.2789], device='cuda:0', grad_fn=<SelectBackward0>), pred_score2: tensor([0.2890], device='cuda:0', grad_fn=<SelectBackward0>)
2025-07-09 19:45:21,277 INFO: pred: 0.14950156211853027
2025-07-09 19:45:21,641 INFO: [716/1600] Train_Loss_total: 4.9939 Test_Loss_total: 1.7825 Time: 1.4368s
2025-07-09 19:45:22,721 INFO: In epoch 717, pred_score1: tensor([0.2538], device='cuda:0', grad_fn=<SelectBackward0>), pred_score2: tensor([0.1944], device='cuda:0', grad_fn=<SelectBackward0>)
2025-07-09 19:45:22,722 INFO: pred: 0.17529048025608063
2025-07-09 19:45:23,110 INFO: [717/1600] Train_Loss_total: 4.9934 Test_Loss_total: 1.8126 Time: 1.4691s
2025-07-09 19:45:24,169 INFO: In epoch 718, pred_score1: tensor([0.3865], device='cuda:0', grad_fn=<SelectBackward0>), pred_score2: tensor([0.2107], device='cuda:0', grad_fn=<SelectBackward0>)
2025-07-09 19:45:24,169 INFO: pred: 0.1825123131275177
2025-07-09 19:45:24,540 INFO: [718/1600] Train_Loss_total: 4.9932 Test_Loss_total: 1.7797 Time: 1.4291s
2025-07-09 19:45:25,616 INFO: In epoch 719, pred_score1: tensor([0.7941], device='cuda:0', grad_fn=<SelectBackward0>), pred_score2: tensor([0.1328], device='cuda:0', grad_fn=<SelectBackward0>)
2025-07-09 19:45:25,616 INFO: pred: 0.17564529180526733
2025-07-09 19:45:26,015 INFO: [719/1600] Train_Loss_total: 4.9931 Test_Loss_total: 1.8044 Time: 1.4751s
2025-07-09 19:45:27,084 INFO: In epoch 720, pred_score1: tensor([0.1892], device='cuda:0', grad_fn=<SelectBackward0>), pred_score2: tensor([0.1295], device='cuda:0', grad_fn=<SelectBackward0>)
2025-07-09 19:45:27,085 INFO: pred: 0.21176777780056
2025-07-09 19:45:27,454 INFO: [720/1600] Train_Loss_total: 4.9924 Test_Loss_total: 1.7797 Time: 1.4393s
2025-07-09 19:45:28,536 INFO: In epoch 721, pred_score1: tensor([0.8257], device='cuda:0', grad_fn=<SelectBackward0>), pred_score2: tensor([0.1846], device='cuda:0', grad_fn=<SelectBackward0>)
2025-07-09 19:45:28,537 INFO: pred: 0.2022363394498825
2025-07-09 19:45:28,910 INFO: [721/1600] Train_Loss_total: 4.9922 Test_Loss_total: 1.7837 Time: 1.4558s
2025-07-09 19:45:30,044 INFO: In epoch 722, pred_score1: tensor([0.9731], device='cuda:0', grad_fn=<SelectBackward0>), pred_score2: tensor([0.1636], device='cuda:0', grad_fn=<SelectBackward0>)
2025-07-09 19:45:30,044 INFO: pred: 0.10358526557683945
2025-07-09 19:45:30,578 INFO: [722/1600] Train_Loss_total: 4.9917 Test_Loss_total: 1.7818 Time: 1.6672s
2025-07-09 19:45:32,055 INFO: In epoch 723, pred_score1: tensor([0.1317], device='cuda:0', grad_fn=<SelectBackward0>), pred_score2: tensor([0.1581], device='cuda:0', grad_fn=<SelectBackward0>)
2025-07-09 19:45:32,055 INFO: pred: 0.15376320481300354
2025-07-09 19:45:32,441 INFO: [723/1600] Train_Loss_total: 4.9913 Test_Loss_total: 1.7998 Time: 1.8626s
2025-07-09 19:45:33,516 INFO: In epoch 724, pred_score1: tensor([0.2593], device='cuda:0', grad_fn=<SelectBackward0>), pred_score2: tensor([0.1460], device='cuda:0', grad_fn=<SelectBackward0>)
2025-07-09 19:45:33,516 INFO: pred: 0.21440736949443817
2025-07-09 19:45:33,887 INFO: [724/1600] Train_Loss_total: 4.9912 Test_Loss_total: 1.781 Time: 1.4455s
2025-07-09 19:45:34,963 INFO: In epoch 725, pred_score1: tensor([0.2819], device='cuda:0', grad_fn=<SelectBackward0>), pred_score2: tensor([0.1712], device='cuda:0', grad_fn=<SelectBackward0>)
2025-07-09 19:45:34,963 INFO: pred: 0.06141246482729912
2025-07-09 19:45:35,347 INFO: [725/1600] Train_Loss_total: 4.9901 Test_Loss_total: 1.8111 Time: 1.4606s
2025-07-09 19:45:36,425 INFO: In epoch 726, pred_score1: tensor([0.2408], device='cuda:0', grad_fn=<SelectBackward0>), pred_score2: tensor([0.0841], device='cuda:0', grad_fn=<SelectBackward0>)
2025-07-09 19:45:36,425 INFO: pred: 0.20233234763145447
2025-07-09 19:45:36,797 INFO: [726/1600] Train_Loss_total: 4.9897 Test_Loss_total: 1.7829 Time: 1.4495s
2025-07-09 19:45:37,891 INFO: In epoch 727, pred_score1: tensor([0.2278], device='cuda:0', grad_fn=<SelectBackward0>), pred_score2: tensor([0.2261], device='cuda:0', grad_fn=<SelectBackward0>)
2025-07-09 19:45:37,891 INFO: pred: 0.17545370757579803
2025-07-09 19:45:38,263 INFO: [727/1600] Train_Loss_total: 4.9894 Test_Loss_total: 1.7868 Time: 1.4654s
2025-07-09 19:45:39,317 INFO: In epoch 728, pred_score1: tensor([0.2720], device='cuda:0', grad_fn=<SelectBackward0>), pred_score2: tensor([0.2611], device='cuda:0', grad_fn=<SelectBackward0>)
2025-07-09 19:45:39,317 INFO: pred: 0.15953586995601654
2025-07-09 19:45:39,708 INFO: [728/1600] Train_Loss_total: 4.9891 Test_Loss_total: 1.776 Time: 1.4447s
2025-07-09 19:45:40,787 INFO: In epoch 729, pred_score1: tensor([0.2622], device='cuda:0', grad_fn=<SelectBackward0>), pred_score2: tensor([0.1959], device='cuda:0', grad_fn=<SelectBackward0>)
2025-07-09 19:45:40,787 INFO: pred: 0.1749170422554016
2025-07-09 19:45:41,161 INFO: [729/1600] Train_Loss_total: 4.9886 Test_Loss_total: 1.7864 Time: 1.4526s
2025-07-09 19:45:42,387 INFO: In epoch 730, pred_score1: tensor([0.1321], device='cuda:0', grad_fn=<SelectBackward0>), pred_score2: tensor([0.4402], device='cuda:0', grad_fn=<SelectBackward0>)
2025-07-09 19:45:42,387 INFO: pred: 0.1358342170715332
2025-07-09 19:45:42,914 INFO: [730/1600] Train_Loss_total: 4.9878 Test_Loss_total: 1.7817 Time: 1.7535s
2025-07-09 19:45:44,325 INFO: In epoch 731, pred_score1: tensor([0.3026], device='cuda:0', grad_fn=<SelectBackward0>), pred_score2: tensor([0.1943], device='cuda:0', grad_fn=<SelectBackward0>)
2025-07-09 19:45:44,325 INFO: pred: 0.16414260864257812
2025-07-09 19:45:44,740 INFO: [731/1600] Train_Loss_total: 4.9882 Test_Loss_total: 1.7867 Time: 1.8251s
2025-07-09 19:45:45,822 INFO: In epoch 732, pred_score1: tensor([0.2528], device='cuda:0', grad_fn=<SelectBackward0>), pred_score2: tensor([0.1886], device='cuda:0', grad_fn=<SelectBackward0>)
2025-07-09 19:45:45,822 INFO: pred: 0.19291169941425323
2025-07-09 19:45:46,205 INFO: [732/1600] Train_Loss_total: 4.9873 Test_Loss_total: 1.7895 Time: 1.4646s
2025-07-09 19:45:47,276 INFO: In epoch 733, pred_score1: tensor([0.0552], device='cuda:0', grad_fn=<SelectBackward0>), pred_score2: tensor([0.1453], device='cuda:0', grad_fn=<SelectBackward0>)
2025-07-09 19:45:47,277 INFO: pred: 0.15391266345977783
2025-07-09 19:45:47,644 INFO: [733/1600] Train_Loss_total: 4.9867 Test_Loss_total: 1.777 Time: 1.4388s
2025-07-09 19:45:48,708 INFO: In epoch 734, pred_score1: tensor([0.2283], device='cuda:0', grad_fn=<SelectBackward0>), pred_score2: tensor([0.3697], device='cuda:0', grad_fn=<SelectBackward0>)
2025-07-09 19:45:48,709 INFO: pred: 0.16099737584590912
2025-07-09 19:45:49,098 INFO: [734/1600] Train_Loss_total: 4.9864 Test_Loss_total: 1.8238 Time: 1.4538s
2025-07-09 19:45:50,210 INFO: In epoch 735, pred_score1: tensor([0.1487], device='cuda:0', grad_fn=<SelectBackward0>), pred_score2: tensor([0.2039], device='cuda:0', grad_fn=<SelectBackward0>)
2025-07-09 19:45:50,210 INFO: pred: 0.18446965515613556
2025-07-09 19:45:50,566 INFO: [735/1600] Train_Loss_total: 4.9861 Test_Loss_total: 1.8035 Time: 1.4675s
2025-07-09 19:45:51,629 INFO: In epoch 736, pred_score1: tensor([0.3852], device='cuda:0', grad_fn=<SelectBackward0>), pred_score2: tensor([0.2072], device='cuda:0', grad_fn=<SelectBackward0>)
2025-07-09 19:45:51,629 INFO: pred: 0.183738574385643
2025-07-09 19:45:52,021 INFO: [736/1600] Train_Loss_total: 4.9856 Test_Loss_total: 1.7999 Time: 1.455s
2025-07-09 19:45:53,095 INFO: In epoch 737, pred_score1: tensor([0.2441], device='cuda:0', grad_fn=<SelectBackward0>), pred_score2: tensor([0.2325], device='cuda:0', grad_fn=<SelectBackward0>)
2025-07-09 19:45:53,095 INFO: pred: 0.18704916536808014
2025-07-09 19:45:53,465 INFO: [737/1600] Train_Loss_total: 4.9852 Test_Loss_total: 1.8194 Time: 1.4441s
2025-07-09 19:45:54,793 INFO: In epoch 738, pred_score1: tensor([0.8260], device='cuda:0', grad_fn=<SelectBackward0>), pred_score2: tensor([0.1790], device='cuda:0', grad_fn=<SelectBackward0>)
2025-07-09 19:45:54,793 INFO: pred: 0.20320653915405273
2025-07-09 19:45:55,323 INFO: [738/1600] Train_Loss_total: 4.9846 Test_Loss_total: 1.7798 Time: 1.8578s
2025-07-09 19:45:56,660 INFO: In epoch 739, pred_score1: tensor([0.2387], device='cuda:0', grad_fn=<SelectBackward0>), pred_score2: tensor([0.1563], device='cuda:0', grad_fn=<SelectBackward0>)
2025-07-09 19:45:56,660 INFO: pred: 0.18142683804035187
2025-07-09 19:45:57,038 INFO: [739/1600] Train_Loss_total: 4.9841 Test_Loss_total: 1.8003 Time: 1.7144s
2025-07-09 19:45:58,098 INFO: In epoch 740, pred_score1: tensor([0.2961], device='cuda:0', grad_fn=<SelectBackward0>), pred_score2: tensor([0.2386], device='cuda:0', grad_fn=<SelectBackward0>)
2025-07-09 19:45:58,098 INFO: pred: 0.18358802795410156
2025-07-09 19:45:58,482 INFO: [740/1600] Train_Loss_total: 4.984 Test_Loss_total: 1.8594 Time: 1.4433s
2025-07-09 19:45:59,547 INFO: In epoch 741, pred_score1: tensor([0.4498], device='cuda:0', grad_fn=<SelectBackward0>), pred_score2: tensor([0.1848], device='cuda:0', grad_fn=<SelectBackward0>)
2025-07-09 19:45:59,547 INFO: pred: 0.1717783510684967
2025-07-09 19:45:59,918 INFO: [741/1600] Train_Loss_total: 4.9841 Test_Loss_total: 1.7798 Time: 1.4366s
2025-07-09 19:46:01,000 INFO: In epoch 742, pred_score1: tensor([0.1274], device='cuda:0', grad_fn=<SelectBackward0>), pred_score2: tensor([0.2599], device='cuda:0', grad_fn=<SelectBackward0>)
2025-07-09 19:46:01,001 INFO: pred: 0.12383824586868286
2025-07-09 19:46:01,393 INFO: [742/1600] Train_Loss_total: 4.9833 Test_Loss_total: 1.7772 Time: 1.4739s
2025-07-09 19:46:02,464 INFO: In epoch 743, pred_score1: tensor([0.4580], device='cuda:0', grad_fn=<SelectBackward0>), pred_score2: tensor([0.1684], device='cuda:0', grad_fn=<SelectBackward0>)
2025-07-09 19:46:02,464 INFO: pred: 0.1523948311805725
2025-07-09 19:46:02,835 INFO: [743/1600] Train_Loss_total: 4.9828 Test_Loss_total: 1.7858 Time: 1.4427s
2025-07-09 19:46:03,904 INFO: In epoch 744, pred_score1: tensor([0.1340], device='cuda:0', grad_fn=<SelectBackward0>), pred_score2: tensor([0.1485], device='cuda:0', grad_fn=<SelectBackward0>)
2025-07-09 19:46:03,904 INFO: pred: 0.2019454389810562
2025-07-09 19:46:04,279 INFO: [744/1600] Train_Loss_total: 4.9824 Test_Loss_total: 1.7832 Time: 1.4434s
2025-07-09 19:46:05,355 INFO: In epoch 745, pred_score1: tensor([0.4228], device='cuda:0', grad_fn=<SelectBackward0>), pred_score2: tensor([0.0828], device='cuda:0', grad_fn=<SelectBackward0>)
2025-07-09 19:46:05,355 INFO: pred: 0.12708522379398346
2025-07-09 19:46:05,736 INFO: [745/1600] Train_Loss_total: 4.9817 Test_Loss_total: 1.7926 Time: 1.4568s
2025-07-09 19:46:07,155 INFO: In epoch 746, pred_score1: tensor([0.1166], device='cuda:0', grad_fn=<SelectBackward0>), pred_score2: tensor([0.1682], device='cuda:0', grad_fn=<SelectBackward0>)
2025-07-09 19:46:07,155 INFO: pred: 0.14044338464736938
2025-07-09 19:46:07,715 INFO: [746/1600] Train_Loss_total: 4.9816 Test_Loss_total: 1.7842 Time: 1.9782s
2025-07-09 19:46:08,928 INFO: In epoch 747, pred_score1: tensor([0.1935], device='cuda:0', grad_fn=<SelectBackward0>), pred_score2: tensor([0.1330], device='cuda:0', grad_fn=<SelectBackward0>)
2025-07-09 19:46:08,928 INFO: pred: 0.17688289284706116
2025-07-09 19:46:09,304 INFO: [747/1600] Train_Loss_total: 4.9814 Test_Loss_total: 1.7817 Time: 1.5887s
2025-07-09 19:46:10,361 INFO: In epoch 748, pred_score1: tensor([0.1454], device='cuda:0', grad_fn=<SelectBackward0>), pred_score2: tensor([0.1460], device='cuda:0', grad_fn=<SelectBackward0>)
2025-07-09 19:46:10,361 INFO: pred: 0.20165768265724182
2025-07-09 19:46:10,742 INFO: [748/1600] Train_Loss_total: 4.9805 Test_Loss_total: 1.7829 Time: 1.4379s
2025-07-09 19:46:11,798 INFO: In epoch 749, pred_score1: tensor([0.2193], device='cuda:0', grad_fn=<SelectBackward0>), pred_score2: tensor([0.2198], device='cuda:0', grad_fn=<SelectBackward0>)
2025-07-09 19:46:11,798 INFO: pred: 0.17652830481529236
2025-07-09 19:46:12,178 INFO: [749/1600] Train_Loss_total: 4.9804 Test_Loss_total: 1.7806 Time: 1.4356s
2025-07-09 19:46:13,231 INFO: In epoch 750, pred_score1: tensor([0.2584], device='cuda:0', grad_fn=<SelectBackward0>), pred_score2: tensor([0.1530], device='cuda:0', grad_fn=<SelectBackward0>)
2025-07-09 19:46:13,232 INFO: pred: 0.2039109617471695
2025-07-09 19:46:13,596 INFO: [750/1600] Train_Loss_total: 4.9799 Test_Loss_total: 1.7963 Time: 1.4177s
2025-07-09 19:46:14,679 INFO: In epoch 751, pred_score1: tensor([0.2064], device='cuda:0', grad_fn=<SelectBackward0>), pred_score2: tensor([0.2665], device='cuda:0', grad_fn=<SelectBackward0>)
2025-07-09 19:46:14,680 INFO: pred: 0.1927628517150879
2025-07-09 19:46:15,075 INFO: [751/1600] Train_Loss_total: 4.9794 Test_Loss_total: 1.8152 Time: 1.4795s
2025-07-09 19:46:16,123 INFO: In epoch 752, pred_score1: tensor([0.2864], device='cuda:0', grad_fn=<SelectBackward0>), pred_score2: tensor([0.1896], device='cuda:0', grad_fn=<SelectBackward0>)
2025-07-09 19:46:16,123 INFO: pred: 0.16641511023044586
2025-07-09 19:46:16,482 INFO: [752/1600] Train_Loss_total: 4.9791 Test_Loss_total: 1.7876 Time: 1.4064s
2025-07-09 19:46:17,537 INFO: In epoch 753, pred_score1: tensor([0.2087], device='cuda:0', grad_fn=<SelectBackward0>), pred_score2: tensor([0.2197], device='cuda:0', grad_fn=<SelectBackward0>)
2025-07-09 19:46:17,537 INFO: pred: 0.14172996580600739
2025-07-09 19:46:17,927 INFO: [753/1600] Train_Loss_total: 4.9787 Test_Loss_total: 1.7853 Time: 1.4448s
2025-07-09 19:46:19,358 INFO: In epoch 754, pred_score1: tensor([0.2745], device='cuda:0', grad_fn=<SelectBackward0>), pred_score2: tensor([0.2701], device='cuda:0', grad_fn=<SelectBackward0>)
2025-07-09 19:46:19,358 INFO: pred: 0.17059189081192017
2025-07-09 19:46:19,929 INFO: [754/1600] Train_Loss_total: 4.9784 Test_Loss_total: 1.8032 Time: 2.0021s
2025-07-09 19:46:21,090 INFO: In epoch 755, pred_score1: tensor([0.2625], device='cuda:0', grad_fn=<SelectBackward0>), pred_score2: tensor([0.5125], device='cuda:0', grad_fn=<SelectBackward0>)
2025-07-09 19:46:21,090 INFO: pred: 0.12835977971553802
2025-07-09 19:46:21,458 INFO: [755/1600] Train_Loss_total: 4.9775 Test_Loss_total: 1.7956 Time: 1.528s
2025-07-09 19:46:22,512 INFO: In epoch 756, pred_score1: tensor([0.1592], device='cuda:0', grad_fn=<SelectBackward0>), pred_score2: tensor([0.2515], device='cuda:0', grad_fn=<SelectBackward0>)
2025-07-09 19:46:22,512 INFO: pred: 0.1859944760799408
2025-07-09 19:46:22,884 INFO: [756/1600] Train_Loss_total: 4.9773 Test_Loss_total: 1.7844 Time: 1.4263s
2025-07-09 19:46:23,949 INFO: In epoch 757, pred_score1: tensor([0.2796], device='cuda:0', grad_fn=<SelectBackward0>), pred_score2: tensor([0.3604], device='cuda:0', grad_fn=<SelectBackward0>)
2025-07-09 19:46:23,949 INFO: pred: 0.15993048250675201
2025-07-09 19:46:24,320 INFO: [757/1600] Train_Loss_total: 4.9769 Test_Loss_total: 1.7889 Time: 1.4359s
2025-07-09 19:46:25,363 INFO: In epoch 758, pred_score1: tensor([0.1973], device='cuda:0', grad_fn=<SelectBackward0>), pred_score2: tensor([0.1962], device='cuda:0', grad_fn=<SelectBackward0>)
2025-07-09 19:46:25,364 INFO: pred: 0.17152665555477142
2025-07-09 19:46:25,738 INFO: [758/1600] Train_Loss_total: 4.9766 Test_Loss_total: 1.8204 Time: 1.4178s
2025-07-09 19:46:26,803 INFO: In epoch 759, pred_score1: tensor([0.6213], device='cuda:0', grad_fn=<SelectBackward0>), pred_score2: tensor([0.1155], device='cuda:0', grad_fn=<SelectBackward0>)
2025-07-09 19:46:26,803 INFO: pred: 0.19417977333068848
2025-07-09 19:46:27,183 INFO: [759/1600] Train_Loss_total: 4.9758 Test_Loss_total: 1.7778 Time: 1.4448s
2025-07-09 19:46:28,235 INFO: In epoch 760, pred_score1: tensor([0.4518], device='cuda:0', grad_fn=<SelectBackward0>), pred_score2: tensor([0.1019], device='cuda:0', grad_fn=<SelectBackward0>)
2025-07-09 19:46:28,235 INFO: pred: 0.2583414912223816
2025-07-09 19:46:28,618 INFO: [760/1600] Train_Loss_total: 4.9756 Test_Loss_total: 1.7761 Time: 1.4341s
2025-07-09 19:46:29,694 INFO: In epoch 761, pred_score1: tensor([0.1570], device='cuda:0', grad_fn=<SelectBackward0>), pred_score2: tensor([0.2560], device='cuda:0', grad_fn=<SelectBackward0>)
2025-07-09 19:46:29,694 INFO: pred: 0.18777640163898468
2025-07-09 19:46:30,073 INFO: [761/1600] Train_Loss_total: 4.9752 Test_Loss_total: 1.7837 Time: 1.4544s
2025-07-09 19:46:31,532 INFO: In epoch 762, pred_score1: tensor([0.1891], device='cuda:0', grad_fn=<SelectBackward0>), pred_score2: tensor([0.3068], device='cuda:0', grad_fn=<SelectBackward0>)
2025-07-09 19:46:31,532 INFO: pred: 0.1680455207824707
2025-07-09 19:46:32,119 INFO: [762/1600] Train_Loss_total: 4.9748 Test_Loss_total: 1.7785 Time: 2.0458s
2025-07-09 19:46:33,225 INFO: In epoch 763, pred_score1: tensor([0.2080], device='cuda:0', grad_fn=<SelectBackward0>), pred_score2: tensor([0.1715], device='cuda:0', grad_fn=<SelectBackward0>)
2025-07-09 19:46:33,225 INFO: pred: 0.19946332275867462
2025-07-09 19:46:33,610 INFO: [763/1600] Train_Loss_total: 4.9743 Test_Loss_total: 1.7804 Time: 1.4911s
2025-07-09 19:46:34,686 INFO: In epoch 764, pred_score1: tensor([0.2204], device='cuda:0', grad_fn=<SelectBackward0>), pred_score2: tensor([0.2049], device='cuda:0', grad_fn=<SelectBackward0>)
2025-07-09 19:46:34,686 INFO: pred: 0.17020867764949799
2025-07-09 19:46:35,070 INFO: [764/1600] Train_Loss_total: 4.9741 Test_Loss_total: 1.805 Time: 1.4595s
2025-07-09 19:46:36,137 INFO: In epoch 765, pred_score1: tensor([0.2592], device='cuda:0', grad_fn=<SelectBackward0>), pred_score2: tensor([0.3317], device='cuda:0', grad_fn=<SelectBackward0>)
2025-07-09 19:46:36,138 INFO: pred: 0.16983625292778015
2025-07-09 19:46:36,497 INFO: [765/1600] Train_Loss_total: 4.9737 Test_Loss_total: 1.7833 Time: 1.4266s
2025-07-09 19:46:37,566 INFO: In epoch 766, pred_score1: tensor([0.7154], device='cuda:0', grad_fn=<SelectBackward0>), pred_score2: tensor([0.1639], device='cuda:0', grad_fn=<SelectBackward0>)
2025-07-09 19:46:37,566 INFO: pred: 0.1706467568874359
2025-07-09 19:46:37,954 INFO: [766/1600] Train_Loss_total: 4.9732 Test_Loss_total: 1.7817 Time: 1.4571s
2025-07-09 19:46:39,036 INFO: In epoch 767, pred_score1: tensor([0.1321], device='cuda:0', grad_fn=<SelectBackward0>), pred_score2: tensor([0.1753], device='cuda:0', grad_fn=<SelectBackward0>)
2025-07-09 19:46:39,036 INFO: pred: 0.16777843236923218
2025-07-09 19:46:39,409 INFO: [767/1600] Train_Loss_total: 4.9728 Test_Loss_total: 1.7792 Time: 1.455s
2025-07-09 19:46:40,475 INFO: In epoch 768, pred_score1: tensor([0.1963], device='cuda:0', grad_fn=<SelectBackward0>), pred_score2: tensor([0.1946], device='cuda:0', grad_fn=<SelectBackward0>)
2025-07-09 19:46:40,475 INFO: pred: 0.17504088580608368
2025-07-09 19:46:40,858 INFO: [768/1600] Train_Loss_total: 4.9725 Test_Loss_total: 1.7793 Time: 1.4484s
2025-07-09 19:46:41,945 INFO: In epoch 769, pred_score1: tensor([0.3066], device='cuda:0', grad_fn=<SelectBackward0>), pred_score2: tensor([0.2201], device='cuda:0', grad_fn=<SelectBackward0>)
2025-07-09 19:46:41,946 INFO: pred: 0.16911950707435608
2025-07-09 19:46:42,415 INFO: [769/1600] Train_Loss_total: 4.9727 Test_Loss_total: 1.8105 Time: 1.5564s
2025-07-09 19:46:43,897 INFO: In epoch 770, pred_score1: tensor([0.2219], device='cuda:0', grad_fn=<SelectBackward0>), pred_score2: tensor([0.1008], device='cuda:0', grad_fn=<SelectBackward0>)
2025-07-09 19:46:43,897 INFO: pred: 0.2574552595615387
2025-07-09 19:46:44,417 INFO: [770/1600] Train_Loss_total: 4.9714 Test_Loss_total: 1.7796 Time: 2.0017s
2025-07-09 19:46:45,507 INFO: In epoch 771, pred_score1: tensor([0.1299], device='cuda:0', grad_fn=<SelectBackward0>), pred_score2: tensor([0.3209], device='cuda:0', grad_fn=<SelectBackward0>)
2025-07-09 19:46:45,507 INFO: pred: 0.16086682677268982
2025-07-09 19:46:45,878 INFO: [771/1600] Train_Loss_total: 4.9711 Test_Loss_total: 1.7752 Time: 1.4612s
2025-07-09 19:46:46,935 INFO: In epoch 772, pred_score1: tensor([0.3435], device='cuda:0', grad_fn=<SelectBackward0>), pred_score2: tensor([0.2704], device='cuda:0', grad_fn=<SelectBackward0>)
2025-07-09 19:46:46,935 INFO: pred: 0.16140441596508026
2025-07-09 19:46:47,326 INFO: [772/1600] Train_Loss_total: 4.9706 Test_Loss_total: 1.7973 Time: 1.4483s
2025-07-09 19:46:48,402 INFO: In epoch 773, pred_score1: tensor([0.2031], device='cuda:0', grad_fn=<SelectBackward0>), pred_score2: tensor([0.2262], device='cuda:0', grad_fn=<SelectBackward0>)
2025-07-09 19:46:48,402 INFO: pred: 0.18066929280757904
2025-07-09 19:46:48,768 INFO: [773/1600] Train_Loss_total: 4.9702 Test_Loss_total: 1.7954 Time: 1.4416s
2025-07-09 19:46:49,860 INFO: In epoch 774, pred_score1: tensor([0.1831], device='cuda:0', grad_fn=<SelectBackward0>), pred_score2: tensor([0.1583], device='cuda:0', grad_fn=<SelectBackward0>)
2025-07-09 19:46:49,860 INFO: pred: 0.19059982895851135
2025-07-09 19:46:50,265 INFO: [774/1600] Train_Loss_total: 4.9702 Test_Loss_total: 1.8049 Time: 1.4967s
2025-07-09 19:46:51,338 INFO: In epoch 775, pred_score1: tensor([0.2229], device='cuda:0', grad_fn=<SelectBackward0>), pred_score2: tensor([0.2502], device='cuda:0', grad_fn=<SelectBackward0>)
2025-07-09 19:46:51,339 INFO: pred: 0.16862867772579193
2025-07-09 19:46:51,711 INFO: [775/1600] Train_Loss_total: 4.9695 Test_Loss_total: 1.7862 Time: 1.4456s
2025-07-09 19:46:52,793 INFO: In epoch 776, pred_score1: tensor([0.1052], device='cuda:0', grad_fn=<SelectBackward0>), pred_score2: tensor([0.2827], device='cuda:0', grad_fn=<SelectBackward0>)
2025-07-09 19:46:52,793 INFO: pred: 0.15879970788955688
2025-07-09 19:46:53,175 INFO: [776/1600] Train_Loss_total: 4.9691 Test_Loss_total: 1.7742 Time: 1.4634s
2025-07-09 19:46:54,261 INFO: In epoch 777, pred_score1: tensor([0.2747], device='cuda:0', grad_fn=<SelectBackward0>), pred_score2: tensor([0.2546], device='cuda:0', grad_fn=<SelectBackward0>)
2025-07-09 19:46:54,261 INFO: pred: 0.1836043745279312
2025-07-09 19:46:54,973 INFO: [777/1600] Train_Loss_total: 4.9685 Test_Loss_total: 1.7839 Time: 1.7982s
2025-07-09 19:46:56,479 INFO: In epoch 778, pred_score1: tensor([0.1648], device='cuda:0', grad_fn=<SelectBackward0>), pred_score2: tensor([0.2680], device='cuda:0', grad_fn=<SelectBackward0>)
2025-07-09 19:46:56,479 INFO: pred: 0.17363028228282928
2025-07-09 19:46:56,862 INFO: [778/1600] Train_Loss_total: 4.9685 Test_Loss_total: 1.7825 Time: 1.8887s
2025-07-09 19:46:57,939 INFO: In epoch 779, pred_score1: tensor([0.2136], device='cuda:0', grad_fn=<SelectBackward0>), pred_score2: tensor([0.2117], device='cuda:0', grad_fn=<SelectBackward0>)
2025-07-09 19:46:57,939 INFO: pred: 0.1910831779241562
2025-07-09 19:46:58,319 INFO: [779/1600] Train_Loss_total: 4.9681 Test_Loss_total: 1.7806 Time: 1.4564s
2025-07-09 19:46:59,377 INFO: In epoch 780, pred_score1: tensor([0.2170], device='cuda:0', grad_fn=<SelectBackward0>), pred_score2: tensor([0.2159], device='cuda:0', grad_fn=<SelectBackward0>)
2025-07-09 19:46:59,377 INFO: pred: 0.18190106749534607
2025-07-09 19:46:59,763 INFO: [780/1600] Train_Loss_total: 4.9674 Test_Loss_total: 1.7956 Time: 1.4438s
2025-07-09 19:47:00,819 INFO: In epoch 781, pred_score1: tensor([0.1718], device='cuda:0', grad_fn=<SelectBackward0>), pred_score2: tensor([0.1480], device='cuda:0', grad_fn=<SelectBackward0>)
2025-07-09 19:47:00,819 INFO: pred: 0.1397981196641922
2025-07-09 19:47:01,199 INFO: [781/1600] Train_Loss_total: 4.9672 Test_Loss_total: 1.7964 Time: 1.4354s
2025-07-09 19:47:02,269 INFO: In epoch 782, pred_score1: tensor([0.2477], device='cuda:0', grad_fn=<SelectBackward0>), pred_score2: tensor([0.2354], device='cuda:0', grad_fn=<SelectBackward0>)
2025-07-09 19:47:02,269 INFO: pred: 0.1665358990430832
2025-07-09 19:47:02,656 INFO: [782/1600] Train_Loss_total: 4.9669 Test_Loss_total: 1.779 Time: 1.4572s
2025-07-09 19:47:03,740 INFO: In epoch 783, pred_score1: tensor([0.2071], device='cuda:0', grad_fn=<SelectBackward0>), pred_score2: tensor([0.1439], device='cuda:0', grad_fn=<SelectBackward0>)
2025-07-09 19:47:03,740 INFO: pred: 0.1674339771270752
2025-07-09 19:47:04,120 INFO: [783/1600] Train_Loss_total: 4.9664 Test_Loss_total: 1.7897 Time: 1.4636s
2025-07-09 19:47:05,198 INFO: In epoch 784, pred_score1: tensor([0.2343], device='cuda:0', grad_fn=<SelectBackward0>), pred_score2: tensor([0.1482], device='cuda:0', grad_fn=<SelectBackward0>)
2025-07-09 19:47:05,198 INFO: pred: 0.14376837015151978
2025-07-09 19:47:05,570 INFO: [784/1600] Train_Loss_total: 4.9658 Test_Loss_total: 1.7862 Time: 1.4497s
2025-07-09 19:47:06,834 INFO: In epoch 785, pred_score1: tensor([0.6198], device='cuda:0', grad_fn=<SelectBackward0>), pred_score2: tensor([0.1055], device='cuda:0', grad_fn=<SelectBackward0>)
2025-07-09 19:47:06,834 INFO: pred: 0.25485527515411377
2025-07-09 19:47:07,382 INFO: [785/1600] Train_Loss_total: 4.9653 Test_Loss_total: 1.7854 Time: 1.8119s
2025-07-09 19:47:08,758 INFO: In epoch 786, pred_score1: tensor([0.1713], device='cuda:0', grad_fn=<SelectBackward0>), pred_score2: tensor([0.6497], device='cuda:0', grad_fn=<SelectBackward0>)
2025-07-09 19:47:08,758 INFO: pred: 0.16760726273059845
2025-07-09 19:47:09,147 INFO: [786/1600] Train_Loss_total: 4.9648 Test_Loss_total: 1.7902 Time: 1.7648s
2025-07-09 19:47:10,227 INFO: In epoch 787, pred_score1: tensor([0.1833], device='cuda:0', grad_fn=<SelectBackward0>), pred_score2: tensor([0.1490], device='cuda:0', grad_fn=<SelectBackward0>)
2025-07-09 19:47:10,227 INFO: pred: 0.1897379457950592
2025-07-09 19:47:10,587 INFO: [787/1600] Train_Loss_total: 4.9646 Test_Loss_total: 1.7895 Time: 1.4398s
2025-07-09 19:47:11,650 INFO: In epoch 788, pred_score1: tensor([0.4089], device='cuda:0', grad_fn=<SelectBackward0>), pred_score2: tensor([0.1756], device='cuda:0', grad_fn=<SelectBackward0>)
2025-07-09 19:47:11,650 INFO: pred: 0.19949160516262054
2025-07-09 19:47:12,040 INFO: [788/1600] Train_Loss_total: 4.9645 Test_Loss_total: 1.7855 Time: 1.4528s
2025-07-09 19:47:13,086 INFO: In epoch 789, pred_score1: tensor([0.1788], device='cuda:0', grad_fn=<SelectBackward0>), pred_score2: tensor([0.2046], device='cuda:0', grad_fn=<SelectBackward0>)
2025-07-09 19:47:13,087 INFO: pred: 0.18624600768089294
2025-07-09 19:47:13,457 INFO: [789/1600] Train_Loss_total: 4.9638 Test_Loss_total: 1.8382 Time: 1.4167s
2025-07-09 19:47:14,542 INFO: In epoch 790, pred_score1: tensor([0.1467], device='cuda:0', grad_fn=<SelectBackward0>), pred_score2: tensor([0.2080], device='cuda:0', grad_fn=<SelectBackward0>)
2025-07-09 19:47:14,542 INFO: pred: 0.1997917890548706
2025-07-09 19:47:14,961 INFO: [790/1600] Train_Loss_total: 4.9637 Test_Loss_total: 1.7943 Time: 1.5032s
2025-07-09 19:47:16,044 INFO: In epoch 791, pred_score1: tensor([0.1492], device='cuda:0', grad_fn=<SelectBackward0>), pred_score2: tensor([0.2847], device='cuda:0', grad_fn=<SelectBackward0>)
2025-07-09 19:47:16,044 INFO: pred: 0.18089395761489868
2025-07-09 19:47:16,418 INFO: [791/1600] Train_Loss_total: 4.9631 Test_Loss_total: 1.7758 Time: 1.4575s
2025-07-09 19:47:17,479 INFO: In epoch 792, pred_score1: tensor([0.1728], device='cuda:0', grad_fn=<SelectBackward0>), pred_score2: tensor([0.2099], device='cuda:0', grad_fn=<SelectBackward0>)
2025-07-09 19:47:17,479 INFO: pred: 0.18326400220394135
2025-07-09 19:47:17,851 INFO: [792/1600] Train_Loss_total: 4.963 Test_Loss_total: 1.7834 Time: 1.4325s
2025-07-09 19:47:19,207 INFO: In epoch 793, pred_score1: tensor([0.1001], device='cuda:0', grad_fn=<SelectBackward0>), pred_score2: tensor([0.2762], device='cuda:0', grad_fn=<SelectBackward0>)
2025-07-09 19:47:19,207 INFO: pred: 0.1602231115102768
2025-07-09 19:47:19,725 INFO: [793/1600] Train_Loss_total: 4.9625 Test_Loss_total: 1.7983 Time: 1.8737s
2025-07-09 19:47:21,019 INFO: In epoch 794, pred_score1: tensor([0.1817], device='cuda:0', grad_fn=<SelectBackward0>), pred_score2: tensor([0.1990], device='cuda:0', grad_fn=<SelectBackward0>)
2025-07-09 19:47:21,020 INFO: pred: 0.1999046951532364
2025-07-09 19:47:21,397 INFO: [794/1600] Train_Loss_total: 4.9621 Test_Loss_total: 1.7874 Time: 1.6713s
2025-07-09 19:47:22,467 INFO: In epoch 795, pred_score1: tensor([0.2434], device='cuda:0', grad_fn=<SelectBackward0>), pred_score2: tensor([0.1574], device='cuda:0', grad_fn=<SelectBackward0>)
2025-07-09 19:47:22,468 INFO: pred: 0.20677201449871063
2025-07-09 19:47:22,848 INFO: [795/1600] Train_Loss_total: 4.9614 Test_Loss_total: 1.7943 Time: 1.4515s
2025-07-09 19:47:23,931 INFO: In epoch 796, pred_score1: tensor([0.1837], device='cuda:0', grad_fn=<SelectBackward0>), pred_score2: tensor([0.2003], device='cuda:0', grad_fn=<SelectBackward0>)
2025-07-09 19:47:23,931 INFO: pred: 0.19949498772621155
2025-07-09 19:47:24,305 INFO: [796/1600] Train_Loss_total: 4.9613 Test_Loss_total: 1.7817 Time: 1.4566s
2025-07-09 19:47:25,393 INFO: In epoch 797, pred_score1: tensor([0.2177], device='cuda:0', grad_fn=<SelectBackward0>), pred_score2: tensor([0.1306], device='cuda:0', grad_fn=<SelectBackward0>)
2025-07-09 19:47:25,393 INFO: pred: 0.17352084815502167
2025-07-09 19:47:25,763 INFO: [797/1600] Train_Loss_total: 4.9605 Test_Loss_total: 1.8127 Time: 1.457s
2025-07-09 19:47:26,839 INFO: In epoch 798, pred_score1: tensor([0.1088], device='cuda:0', grad_fn=<SelectBackward0>), pred_score2: tensor([0.7397], device='cuda:0', grad_fn=<SelectBackward0>)
2025-07-09 19:47:26,839 INFO: pred: 0.16652292013168335
2025-07-09 19:47:27,218 INFO: [798/1600] Train_Loss_total: 4.9602 Test_Loss_total: 1.7771 Time: 1.4551s
2025-07-09 19:47:28,278 INFO: In epoch 799, pred_score1: tensor([0.2192], device='cuda:0', grad_fn=<SelectBackward0>), pred_score2: tensor([0.0905], device='cuda:0', grad_fn=<SelectBackward0>)
2025-07-09 19:47:28,279 INFO: pred: 0.2567760944366455
2025-07-09 19:47:28,662 INFO: [799/1600] Train_Loss_total: 4.9597 Test_Loss_total: 1.7803 Time: 1.4435s
2025-07-09 19:47:29,725 INFO: In epoch 800, pred_score1: tensor([0.9190], device='cuda:0', grad_fn=<SelectBackward0>), pred_score2: tensor([0.1528], device='cuda:0', grad_fn=<SelectBackward0>)
2025-07-09 19:47:29,726 INFO: pred: 0.09314308315515518
2025-07-09 19:47:30,107 INFO: [800/1600] Train_Loss_total: 4.9592 Test_Loss_total: 1.7806 Time: 1.4455s
2025-07-09 19:47:31,516 INFO: In epoch 801, pred_score1: tensor([0.1276], device='cuda:0', grad_fn=<SelectBackward0>), pred_score2: tensor([0.1417], device='cuda:0', grad_fn=<SelectBackward0>)
2025-07-09 19:47:31,516 INFO: pred: 0.2100556194782257
2025-07-09 19:47:32,075 INFO: [801/1600] Train_Loss_total: 4.959 Test_Loss_total: 1.7788 Time: 1.9678s
2025-07-09 19:47:33,266 INFO: In epoch 802, pred_score1: tensor([0.1893], device='cuda:0', grad_fn=<SelectBackward0>), pred_score2: tensor([0.1811], device='cuda:0', grad_fn=<SelectBackward0>)
2025-07-09 19:47:33,267 INFO: pred: 0.2037988156080246
2025-07-09 19:47:33,637 INFO: [802/1600] Train_Loss_total: 4.9585 Test_Loss_total: 1.7877 Time: 1.5602s
2025-07-09 19:47:34,702 INFO: In epoch 803, pred_score1: tensor([0.1852], device='cuda:0', grad_fn=<SelectBackward0>), pred_score2: tensor([0.9475], device='cuda:0', grad_fn=<SelectBackward0>)
2025-07-09 19:47:34,702 INFO: pred: -0.09754335135221481
2025-07-09 19:47:35,091 INFO: [803/1600] Train_Loss_total: 4.9581 Test_Loss_total: 1.781 Time: 1.454s
2025-07-09 19:47:36,169 INFO: In epoch 804, pred_score1: tensor([0.1123], device='cuda:0', grad_fn=<SelectBackward0>), pred_score2: tensor([0.4355], device='cuda:0', grad_fn=<SelectBackward0>)
2025-07-09 19:47:36,169 INFO: pred: 0.13808207213878632
2025-07-09 19:47:36,542 INFO: [804/1600] Train_Loss_total: 4.9578 Test_Loss_total: 1.8014 Time: 1.4509s
2025-07-09 19:47:37,629 INFO: In epoch 805, pred_score1: tensor([0.1403], device='cuda:0', grad_fn=<SelectBackward0>), pred_score2: tensor([0.2402], device='cuda:0', grad_fn=<SelectBackward0>)
2025-07-09 19:47:37,629 INFO: pred: 0.18845000863075256
2025-07-09 19:47:38,014 INFO: [805/1600] Train_Loss_total: 4.9574 Test_Loss_total: 1.7968 Time: 1.4714s
2025-07-09 19:47:39,104 INFO: In epoch 806, pred_score1: tensor([0.2806], device='cuda:0', grad_fn=<SelectBackward0>), pred_score2: tensor([0.1864], device='cuda:0', grad_fn=<SelectBackward0>)
2025-07-09 19:47:39,104 INFO: pred: 0.17606297135353088
2025-07-09 19:47:39,473 INFO: [806/1600] Train_Loss_total: 4.957 Test_Loss_total: 1.7932 Time: 1.4592s
2025-07-09 19:47:40,553 INFO: In epoch 807, pred_score1: tensor([0.1319], device='cuda:0', grad_fn=<SelectBackward0>), pred_score2: tensor([0.2131], device='cuda:0', grad_fn=<SelectBackward0>)
2025-07-09 19:47:40,554 INFO: pred: 0.1346937119960785
2025-07-09 19:47:40,925 INFO: [807/1600] Train_Loss_total: 4.9567 Test_Loss_total: 1.7789 Time: 1.4514s
2025-07-09 19:47:42,001 INFO: In epoch 808, pred_score1: tensor([0.1951], device='cuda:0', grad_fn=<SelectBackward0>), pred_score2: tensor([0.2221], device='cuda:0', grad_fn=<SelectBackward0>)
2025-07-09 19:47:42,001 INFO: pred: 0.18411129713058472
2025-07-09 19:47:42,418 INFO: [808/1600] Train_Loss_total: 4.9565 Test_Loss_total: 1.7795 Time: 1.4933s
2025-07-09 19:47:43,950 INFO: In epoch 809, pred_score1: tensor([0.2168], device='cuda:0', grad_fn=<SelectBackward0>), pred_score2: tensor([0.2067], device='cuda:0', grad_fn=<SelectBackward0>)
2025-07-09 19:47:43,950 INFO: pred: 0.1731746941804886
2025-07-09 19:47:44,497 INFO: [809/1600] Train_Loss_total: 4.9558 Test_Loss_total: 1.8002 Time: 2.0787s
2025-07-09 19:47:45,603 INFO: In epoch 810, pred_score1: tensor([0.2760], device='cuda:0', grad_fn=<SelectBackward0>), pred_score2: tensor([0.2845], device='cuda:0', grad_fn=<SelectBackward0>)
2025-07-09 19:47:45,603 INFO: pred: 0.17475175857543945
2025-07-09 19:47:45,985 INFO: [810/1600] Train_Loss_total: 4.9557 Test_Loss_total: 1.796 Time: 1.487s
2025-07-09 19:47:47,045 INFO: In epoch 811, pred_score1: tensor([0.2855], device='cuda:0', grad_fn=<SelectBackward0>), pred_score2: tensor([0.1910], device='cuda:0', grad_fn=<SelectBackward0>)
2025-07-09 19:47:47,045 INFO: pred: 0.18371275067329407
2025-07-09 19:47:47,432 INFO: [811/1600] Train_Loss_total: 4.9557 Test_Loss_total: 1.7986 Time: 1.447s
2025-07-09 19:47:48,662 INFO: In epoch 812, pred_score1: tensor([0.4075], device='cuda:0', grad_fn=<SelectBackward0>), pred_score2: tensor([0.1333], device='cuda:0', grad_fn=<SelectBackward0>)
2025-07-09 19:47:48,662 INFO: pred: 0.1939639151096344
2025-07-09 19:47:49,040 INFO: [812/1600] Train_Loss_total: 4.9555 Test_Loss_total: 1.7939 Time: 1.6073s
2025-07-09 19:47:50,121 INFO: In epoch 813, pred_score1: tensor([0.4534], device='cuda:0', grad_fn=<SelectBackward0>), pred_score2: tensor([0.1290], device='cuda:0', grad_fn=<SelectBackward0>)
2025-07-09 19:47:50,121 INFO: pred: 0.2717483341693878
2025-07-09 19:47:50,518 INFO: [813/1600] Train_Loss_total: 4.9545 Test_Loss_total: 1.7911 Time: 1.4781s
2025-07-09 19:47:51,624 INFO: In epoch 814, pred_score1: tensor([0.1826], device='cuda:0', grad_fn=<SelectBackward0>), pred_score2: tensor([0.1986], device='cuda:0', grad_fn=<SelectBackward0>)
2025-07-09 19:47:51,624 INFO: pred: 0.20123831927776337
2025-07-09 19:47:52,009 INFO: [814/1600] Train_Loss_total: 4.9539 Test_Loss_total: 1.7842 Time: 1.4906s
2025-07-09 19:47:53,090 INFO: In epoch 815, pred_score1: tensor([0.1862], device='cuda:0', grad_fn=<SelectBackward0>), pred_score2: tensor([0.2139], device='cuda:0', grad_fn=<SelectBackward0>)
2025-07-09 19:47:53,090 INFO: pred: 0.13929860293865204
2025-07-09 19:47:53,481 INFO: [815/1600] Train_Loss_total: 4.9537 Test_Loss_total: 1.7768 Time: 1.4723s
2025-07-09 19:47:54,642 INFO: In epoch 816, pred_score1: tensor([0.2251], device='cuda:0', grad_fn=<SelectBackward0>), pred_score2: tensor([0.2333], device='cuda:0', grad_fn=<SelectBackward0>)
2025-07-09 19:47:54,642 INFO: pred: 0.16032260656356812
2025-07-09 19:47:55,182 INFO: [816/1600] Train_Loss_total: 4.9534 Test_Loss_total: 1.7865 Time: 1.7005s
2025-07-09 19:47:56,725 INFO: In epoch 817, pred_score1: tensor([0.2128], device='cuda:0', grad_fn=<SelectBackward0>), pred_score2: tensor([0.1309], device='cuda:0', grad_fn=<SelectBackward0>)
2025-07-09 19:47:56,725 INFO: pred: 0.1863274872303009
2025-07-09 19:47:57,110 INFO: [817/1600] Train_Loss_total: 4.953 Test_Loss_total: 1.7814 Time: 1.9271s
2025-07-09 19:47:58,202 INFO: In epoch 818, pred_score1: tensor([0.2412], device='cuda:0', grad_fn=<SelectBackward0>), pred_score2: tensor([0.1943], device='cuda:0', grad_fn=<SelectBackward0>)
2025-07-09 19:47:58,202 INFO: pred: 0.17618438601493835
2025-07-09 19:47:58,581 INFO: [818/1600] Train_Loss_total: 4.9525 Test_Loss_total: 1.8294 Time: 1.4709s
2025-07-09 19:47:59,666 INFO: In epoch 819, pred_score1: tensor([0.7044], device='cuda:0', grad_fn=<SelectBackward0>), pred_score2: tensor([0.1944], device='cuda:0', grad_fn=<SelectBackward0>)
2025-07-09 19:47:59,666 INFO: pred: 0.18360014259815216
2025-07-09 19:48:00,053 INFO: [819/1600] Train_Loss_total: 4.9525 Test_Loss_total: 1.7826 Time: 1.4722s
2025-07-09 19:48:01,164 INFO: In epoch 820, pred_score1: tensor([0.1804], device='cuda:0', grad_fn=<SelectBackward0>), pred_score2: tensor([0.1282], device='cuda:0', grad_fn=<SelectBackward0>)
2025-07-09 19:48:01,164 INFO: pred: 0.17483574151992798
2025-07-09 19:48:01,541 INFO: [820/1600] Train_Loss_total: 4.9517 Test_Loss_total: 1.7863 Time: 1.4875s
2025-07-09 19:48:02,637 INFO: In epoch 821, pred_score1: tensor([0.1093], device='cuda:0', grad_fn=<SelectBackward0>), pred_score2: tensor([0.4257], device='cuda:0', grad_fn=<SelectBackward0>)
2025-07-09 19:48:02,637 INFO: pred: 0.14029644429683685
2025-07-09 19:48:03,051 INFO: [821/1600] Train_Loss_total: 4.951 Test_Loss_total: 1.8047 Time: 1.5097s
2025-07-09 19:48:04,157 INFO: In epoch 822, pred_score1: tensor([0.3222], device='cuda:0', grad_fn=<SelectBackward0>), pred_score2: tensor([0.1891], device='cuda:0', grad_fn=<SelectBackward0>)
2025-07-09 19:48:04,157 INFO: pred: 0.1692396104335785
2025-07-09 19:48:04,516 INFO: [822/1600] Train_Loss_total: 4.9507 Test_Loss_total: 1.7865 Time: 1.4645s
2025-07-09 19:48:05,598 INFO: In epoch 823, pred_score1: tensor([0.1427], device='cuda:0', grad_fn=<SelectBackward0>), pred_score2: tensor([0.2039], device='cuda:0', grad_fn=<SelectBackward0>)
2025-07-09 19:48:05,598 INFO: pred: 0.20254144072532654
2025-07-09 19:48:05,985 INFO: [823/1600] Train_Loss_total: 4.9505 Test_Loss_total: 1.7852 Time: 1.4686s
2025-07-09 19:48:07,288 INFO: In epoch 824, pred_score1: tensor([0.2805], device='cuda:0', grad_fn=<SelectBackward0>), pred_score2: tensor([0.1213], device='cuda:0', grad_fn=<SelectBackward0>)
2025-07-09 19:48:07,288 INFO: pred: 0.17009934782981873
2025-07-09 19:48:07,800 INFO: [824/1600] Train_Loss_total: 4.9498 Test_Loss_total: 1.7917 Time: 1.8152s
2025-07-09 19:48:09,191 INFO: In epoch 825, pred_score1: tensor([0.1886], device='cuda:0', grad_fn=<SelectBackward0>), pred_score2: tensor([0.1837], device='cuda:0', grad_fn=<SelectBackward0>)
2025-07-09 19:48:09,191 INFO: pred: 0.20694781839847565
2025-07-09 19:48:09,566 INFO: [825/1600] Train_Loss_total: 4.9493 Test_Loss_total: 1.7784 Time: 1.7659s
2025-07-09 19:48:10,669 INFO: In epoch 826, pred_score1: tensor([0.1961], device='cuda:0', grad_fn=<SelectBackward0>), pred_score2: tensor([0.2222], device='cuda:0', grad_fn=<SelectBackward0>)
2025-07-09 19:48:10,669 INFO: pred: 0.1787853240966797
2025-07-09 19:48:11,043 INFO: [826/1600] Train_Loss_total: 4.9491 Test_Loss_total: 1.842 Time: 1.4767s
2025-07-09 19:48:12,116 INFO: In epoch 827, pred_score1: tensor([0.0981], device='cuda:0', grad_fn=<SelectBackward0>), pred_score2: tensor([0.2642], device='cuda:0', grad_fn=<SelectBackward0>)
2025-07-09 19:48:12,116 INFO: pred: 0.19139541685581207
2025-07-09 19:48:12,495 INFO: [827/1600] Train_Loss_total: 4.9486 Test_Loss_total: 1.7807 Time: 1.4513s
2025-07-09 19:48:13,586 INFO: In epoch 828, pred_score1: tensor([0.1880], device='cuda:0', grad_fn=<SelectBackward0>), pred_score2: tensor([0.1814], device='cuda:0', grad_fn=<SelectBackward0>)
2025-07-09 19:48:13,586 INFO: pred: 0.20757782459259033
2025-07-09 19:48:13,971 INFO: [828/1600] Train_Loss_total: 4.9481 Test_Loss_total: 1.7886 Time: 1.4755s
2025-07-09 19:48:15,087 INFO: In epoch 829, pred_score1: tensor([0.3761], device='cuda:0', grad_fn=<SelectBackward0>), pred_score2: tensor([0.6063], device='cuda:0', grad_fn=<SelectBackward0>)
2025-07-09 19:48:15,087 INFO: pred: 0.19370171427726746
2025-07-09 19:48:15,480 INFO: [829/1600] Train_Loss_total: 4.9483 Test_Loss_total: 1.8208 Time: 1.5096s
2025-07-09 19:48:16,581 INFO: In epoch 830, pred_score1: tensor([0.1774], device='cuda:0', grad_fn=<SelectBackward0>), pred_score2: tensor([0.1991], device='cuda:0', grad_fn=<SelectBackward0>)
2025-07-09 19:48:16,582 INFO: pred: 0.20207548141479492
2025-07-09 19:48:16,963 INFO: [830/1600] Train_Loss_total: 4.9475 Test_Loss_total: 1.7817 Time: 1.482s
2025-07-09 19:48:18,049 INFO: In epoch 831, pred_score1: tensor([0.2822], device='cuda:0', grad_fn=<SelectBackward0>), pred_score2: tensor([0.2008], device='cuda:0', grad_fn=<SelectBackward0>)
2025-07-09 19:48:18,049 INFO: pred: 0.18172158300876617
2025-07-09 19:48:18,427 INFO: [831/1600] Train_Loss_total: 4.9473 Test_Loss_total: 1.7952 Time: 1.4638s
2025-07-09 19:48:19,864 INFO: In epoch 832, pred_score1: tensor([0.2304], device='cuda:0', grad_fn=<SelectBackward0>), pred_score2: tensor([0.2092], device='cuda:0', grad_fn=<SelectBackward0>)
2025-07-09 19:48:19,864 INFO: pred: 0.1672196239233017
2025-07-09 19:48:20,421 INFO: [832/1600] Train_Loss_total: 4.9468 Test_Loss_total: 1.7842 Time: 1.9936s
2025-07-09 19:48:21,629 INFO: In epoch 833, pred_score1: tensor([0.1151], device='cuda:0', grad_fn=<SelectBackward0>), pred_score2: tensor([0.4291], device='cuda:0', grad_fn=<SelectBackward0>)
2025-07-09 19:48:21,629 INFO: pred: 0.14118315279483795
2025-07-09 19:48:22,006 INFO: [833/1600] Train_Loss_total: 4.9461 Test_Loss_total: 1.8216 Time: 1.5847s
2025-07-09 19:48:23,064 INFO: In epoch 834, pred_score1: tensor([0.2349], device='cuda:0', grad_fn=<SelectBackward0>), pred_score2: tensor([0.1248], device='cuda:0', grad_fn=<SelectBackward0>)
2025-07-09 19:48:23,065 INFO: pred: 0.2059750109910965
2025-07-09 19:48:23,433 INFO: [834/1600] Train_Loss_total: 4.9456 Test_Loss_total: 1.7821 Time: 1.4267s
2025-07-09 19:48:24,524 INFO: In epoch 835, pred_score1: tensor([0.2172], device='cuda:0', grad_fn=<SelectBackward0>), pred_score2: tensor([0.1451], device='cuda:0', grad_fn=<SelectBackward0>)
2025-07-09 19:48:24,524 INFO: pred: 0.18776720762252808
2025-07-09 19:48:24,917 INFO: [835/1600] Train_Loss_total: 4.9458 Test_Loss_total: 1.8159 Time: 1.4837s
2025-07-09 19:48:26,006 INFO: In epoch 836, pred_score1: tensor([0.2306], device='cuda:0', grad_fn=<SelectBackward0>), pred_score2: tensor([0.1530], device='cuda:0', grad_fn=<SelectBackward0>)
2025-07-09 19:48:26,007 INFO: pred: 0.17204385995864868
2025-07-09 19:48:26,363 INFO: [836/1600] Train_Loss_total: 4.9455 Test_Loss_total: 1.7814 Time: 1.4456s
2025-07-09 19:48:27,439 INFO: In epoch 837, pred_score1: tensor([0.2733], device='cuda:0', grad_fn=<SelectBackward0>), pred_score2: tensor([0.1219], device='cuda:0', grad_fn=<SelectBackward0>)
2025-07-09 19:48:27,439 INFO: pred: 0.17024894058704376
2025-07-09 19:48:27,822 INFO: [837/1600] Train_Loss_total: 4.9453 Test_Loss_total: 1.794 Time: 1.4595s
2025-07-09 19:48:28,916 INFO: In epoch 838, pred_score1: tensor([0.2220], device='cuda:0', grad_fn=<SelectBackward0>), pred_score2: tensor([0.0996], device='cuda:0', grad_fn=<SelectBackward0>)
2025-07-09 19:48:28,916 INFO: pred: 0.15444467961788177
2025-07-09 19:48:29,282 INFO: [838/1600] Train_Loss_total: 4.9443 Test_Loss_total: 1.8058 Time: 1.4595s
2025-07-09 19:48:30,353 INFO: In epoch 839, pred_score1: tensor([0.0991], device='cuda:0', grad_fn=<SelectBackward0>), pred_score2: tensor([0.2579], device='cuda:0', grad_fn=<SelectBackward0>)
2025-07-09 19:48:30,353 INFO: pred: 0.19194360077381134
2025-07-09 19:48:30,730 INFO: [839/1600] Train_Loss_total: 4.944 Test_Loss_total: 1.777 Time: 1.4479s
2025-07-09 19:48:32,295 INFO: In epoch 840, pred_score1: tensor([0.2251], device='cuda:0', grad_fn=<SelectBackward0>), pred_score2: tensor([0.1928], device='cuda:0', grad_fn=<SelectBackward0>)
2025-07-09 19:48:32,295 INFO: pred: 0.17151691019535065
2025-07-09 19:48:32,858 INFO: [840/1600] Train_Loss_total: 4.9443 Test_Loss_total: 1.8041 Time: 2.1278s
2025-07-09 19:48:33,936 INFO: In epoch 841, pred_score1: tensor([0.1327], device='cuda:0', grad_fn=<SelectBackward0>), pred_score2: tensor([0.2150], device='cuda:0', grad_fn=<SelectBackward0>)
2025-07-09 19:48:33,936 INFO: pred: 0.1700715720653534
2025-07-09 19:48:34,326 INFO: [841/1600] Train_Loss_total: 4.9433 Test_Loss_total: 1.7794 Time: 1.4678s
2025-07-09 19:48:35,423 INFO: In epoch 842, pred_score1: tensor([0.2084], device='cuda:0', grad_fn=<SelectBackward0>), pred_score2: tensor([0.1660], device='cuda:0', grad_fn=<SelectBackward0>)
2025-07-09 19:48:35,424 INFO: pred: 0.14779464900493622
2025-07-09 19:48:35,799 INFO: [842/1600] Train_Loss_total: 4.9425 Test_Loss_total: 1.7812 Time: 1.4722s
2025-07-09 19:48:36,903 INFO: In epoch 843, pred_score1: tensor([0.2766], device='cuda:0', grad_fn=<SelectBackward0>), pred_score2: tensor([0.2314], device='cuda:0', grad_fn=<SelectBackward0>)
2025-07-09 19:48:36,903 INFO: pred: 0.18585853278636932
2025-07-09 19:48:37,287 INFO: [843/1600] Train_Loss_total: 4.9423 Test_Loss_total: 1.8037 Time: 1.4878s
2025-07-09 19:48:38,382 INFO: In epoch 844, pred_score1: tensor([0.5420], device='cuda:0', grad_fn=<SelectBackward0>), pred_score2: tensor([0.2592], device='cuda:0', grad_fn=<SelectBackward0>)
2025-07-09 19:48:38,383 INFO: pred: 0.18354791402816772
2025-07-09 19:48:38,760 INFO: [844/1600] Train_Loss_total: 4.942 Test_Loss_total: 1.7883 Time: 1.4729s
2025-07-09 19:48:39,842 INFO: In epoch 845, pred_score1: tensor([0.0948], device='cuda:0', grad_fn=<SelectBackward0>), pred_score2: tensor([0.2584], device='cuda:0', grad_fn=<SelectBackward0>)
2025-07-09 19:48:39,842 INFO: pred: 0.19207294285297394
2025-07-09 19:48:40,236 INFO: [845/1600] Train_Loss_total: 4.9418 Test_Loss_total: 1.7804 Time: 1.4755s
2025-07-09 19:48:41,339 INFO: In epoch 846, pred_score1: tensor([0.1772], device='cuda:0', grad_fn=<SelectBackward0>), pred_score2: tensor([0.1260], device='cuda:0', grad_fn=<SelectBackward0>)
2025-07-09 19:48:41,339 INFO: pred: 0.17683008313179016
2025-07-09 19:48:41,707 INFO: [846/1600] Train_Loss_total: 4.9413 Test_Loss_total: 1.8288 Time: 1.4713s
2025-07-09 19:48:42,801 INFO: In epoch 847, pred_score1: tensor([0.0958], device='cuda:0', grad_fn=<SelectBackward0>), pred_score2: tensor([0.1110], device='cuda:0', grad_fn=<SelectBackward0>)
2025-07-09 19:48:42,801 INFO: pred: 0.18117040395736694
2025-07-09 19:48:43,345 INFO: [847/1600] Train_Loss_total: 4.9414 Test_Loss_total: 1.7767 Time: 1.637s
2025-07-09 19:48:44,906 INFO: In epoch 848, pred_score1: tensor([0.1871], device='cuda:0', grad_fn=<SelectBackward0>), pred_score2: tensor([0.1138], device='cuda:0', grad_fn=<SelectBackward0>)
2025-07-09 19:48:44,906 INFO: pred: 0.17998743057250977
2025-07-09 19:48:45,300 INFO: [848/1600] Train_Loss_total: 4.9402 Test_Loss_total: 1.7949 Time: 1.9549s
2025-07-09 19:48:46,384 INFO: In epoch 849, pred_score1: tensor([0.3973], device='cuda:0', grad_fn=<SelectBackward0>), pred_score2: tensor([0.1765], device='cuda:0', grad_fn=<SelectBackward0>)
2025-07-09 19:48:46,384 INFO: pred: 0.2021283358335495
2025-07-09 19:48:46,759 INFO: [849/1600] Train_Loss_total: 4.9402 Test_Loss_total: 1.8035 Time: 1.4585s
2025-07-09 19:48:47,830 INFO: In epoch 850, pred_score1: tensor([0.2432], device='cuda:0', grad_fn=<SelectBackward0>), pred_score2: tensor([0.1629], device='cuda:0', grad_fn=<SelectBackward0>)
2025-07-09 19:48:47,830 INFO: pred: 0.17480631172657013
2025-07-09 19:48:48,206 INFO: [850/1600] Train_Loss_total: 4.9398 Test_Loss_total: 1.8347 Time: 1.447s
2025-07-09 19:48:49,301 INFO: In epoch 851, pred_score1: tensor([0.3161], device='cuda:0', grad_fn=<SelectBackward0>), pred_score2: tensor([0.1434], device='cuda:0', grad_fn=<SelectBackward0>)
2025-07-09 19:48:49,301 INFO: pred: 0.1744532436132431
2025-07-09 19:48:49,681 INFO: [851/1600] Train_Loss_total: 4.9399 Test_Loss_total: 1.7996 Time: 1.4742s
2025-07-09 19:48:50,763 INFO: In epoch 852, pred_score1: tensor([0.2433], device='cuda:0', grad_fn=<SelectBackward0>), pred_score2: tensor([0.3140], device='cuda:0', grad_fn=<SelectBackward0>)
2025-07-09 19:48:50,763 INFO: pred: 0.17480739951133728
2025-07-09 19:48:51,137 INFO: [852/1600] Train_Loss_total: 4.9392 Test_Loss_total: 1.7801 Time: 1.4563s
2025-07-09 19:48:52,223 INFO: In epoch 853, pred_score1: tensor([0.2176], device='cuda:0', grad_fn=<SelectBackward0>), pred_score2: tensor([0.1322], device='cuda:0', grad_fn=<SelectBackward0>)
2025-07-09 19:48:52,223 INFO: pred: 0.1480032354593277
2025-07-09 19:48:52,586 INFO: [853/1600] Train_Loss_total: 4.9385 Test_Loss_total: 1.7913 Time: 1.4485s
2025-07-09 19:48:53,679 INFO: In epoch 854, pred_score1: tensor([0.3166], device='cuda:0', grad_fn=<SelectBackward0>), pred_score2: tensor([0.1086], device='cuda:0', grad_fn=<SelectBackward0>)
2025-07-09 19:48:53,679 INFO: pred: 0.17573325335979462
2025-07-09 19:48:54,066 INFO: [854/1600] Train_Loss_total: 4.9378 Test_Loss_total: 1.7778 Time: 1.4797s
2025-07-09 19:48:55,292 INFO: In epoch 855, pred_score1: tensor([0.3661], device='cuda:0', grad_fn=<SelectBackward0>), pred_score2: tensor([0.1849], device='cuda:0', grad_fn=<SelectBackward0>)
2025-07-09 19:48:55,292 INFO: pred: 0.1942603588104248
2025-07-09 19:48:55,832 INFO: [855/1600] Train_Loss_total: 4.9378 Test_Loss_total: 1.8026 Time: 1.7657s
2025-07-09 19:48:57,269 INFO: In epoch 856, pred_score1: tensor([0.1448], device='cuda:0', grad_fn=<SelectBackward0>), pred_score2: tensor([0.1117], device='cuda:0', grad_fn=<SelectBackward0>)
2025-07-09 19:48:57,269 INFO: pred: 0.17121341824531555
2025-07-09 19:48:57,642 INFO: [856/1600] Train_Loss_total: 4.9381 Test_Loss_total: 1.786 Time: 1.8098s
2025-07-09 19:48:58,741 INFO: In epoch 857, pred_score1: tensor([0.1749], device='cuda:0', grad_fn=<SelectBackward0>), pred_score2: tensor([0.1989], device='cuda:0', grad_fn=<SelectBackward0>)
2025-07-09 19:48:58,741 INFO: pred: 0.18684464693069458
2025-07-09 19:48:59,130 INFO: [857/1600] Train_Loss_total: 4.937 Test_Loss_total: 1.8074 Time: 1.488s
2025-07-09 19:49:00,221 INFO: In epoch 858, pred_score1: tensor([0.1447], device='cuda:0', grad_fn=<SelectBackward0>), pred_score2: tensor([0.2822], device='cuda:0', grad_fn=<SelectBackward0>)
2025-07-09 19:49:00,221 INFO: pred: 0.1809743195772171
2025-07-09 19:49:00,581 INFO: [858/1600] Train_Loss_total: 4.9369 Test_Loss_total: 1.7829 Time: 1.4505s
2025-07-09 19:49:01,677 INFO: In epoch 859, pred_score1: tensor([0.2445], device='cuda:0', grad_fn=<SelectBackward0>), pred_score2: tensor([0.1605], device='cuda:0', grad_fn=<SelectBackward0>)
2025-07-09 19:49:01,677 INFO: pred: 0.17537365853786469
2025-07-09 19:49:02,065 INFO: [859/1600] Train_Loss_total: 4.9361 Test_Loss_total: 1.8376 Time: 1.4833s
2025-07-09 19:49:03,137 INFO: In epoch 860, pred_score1: tensor([0.1189], device='cuda:0', grad_fn=<SelectBackward0>), pred_score2: tensor([0.1299], device='cuda:0', grad_fn=<SelectBackward0>)
2025-07-09 19:49:03,138 INFO: pred: 0.18452051281929016
2025-07-09 19:49:03,505 INFO: [860/1600] Train_Loss_total: 4.9359 Test_Loss_total: 1.7817 Time: 1.4399s
2025-07-09 19:49:04,591 INFO: In epoch 861, pred_score1: tensor([0.1710], device='cuda:0', grad_fn=<SelectBackward0>), pred_score2: tensor([0.5929], device='cuda:0', grad_fn=<SelectBackward0>)
2025-07-09 19:49:04,591 INFO: pred: 0.13473914563655853
2025-07-09 19:49:04,963 INFO: [861/1600] Train_Loss_total: 4.9354 Test_Loss_total: 1.7826 Time: 1.4579s
2025-07-09 19:49:06,032 INFO: In epoch 862, pred_score1: tensor([0.0527], device='cuda:0', grad_fn=<SelectBackward0>), pred_score2: tensor([0.2074], device='cuda:0', grad_fn=<SelectBackward0>)
2025-07-09 19:49:06,033 INFO: pred: 0.20563320815563202
2025-07-09 19:49:06,412 INFO: [862/1600] Train_Loss_total: 4.9352 Test_Loss_total: 1.782 Time: 1.4494s
2025-07-09 19:49:07,758 INFO: In epoch 863, pred_score1: tensor([0.5790], device='cuda:0', grad_fn=<SelectBackward0>), pred_score2: tensor([0.0883], device='cuda:0', grad_fn=<SelectBackward0>)
2025-07-09 19:49:07,758 INFO: pred: 0.2610318064689636
2025-07-09 19:49:08,284 INFO: [863/1600] Train_Loss_total: 4.9349 Test_Loss_total: 1.7885 Time: 1.8711s
2025-07-09 19:49:09,591 INFO: In epoch 864, pred_score1: tensor([0.2047], device='cuda:0', grad_fn=<SelectBackward0>), pred_score2: tensor([0.0677], device='cuda:0', grad_fn=<SelectBackward0>)
2025-07-09 19:49:09,592 INFO: pred: 0.12745119631290436
2025-07-09 19:49:09,971 INFO: [864/1600] Train_Loss_total: 4.9337 Test_Loss_total: 1.7814 Time: 1.6869s
2025-07-09 19:49:11,049 INFO: In epoch 865, pred_score1: tensor([0.3616], device='cuda:0', grad_fn=<SelectBackward0>), pred_score2: tensor([0.1846], device='cuda:0', grad_fn=<SelectBackward0>)
2025-07-09 19:49:11,050 INFO: pred: 0.19524751603603363
2025-07-09 19:49:11,417 INFO: [865/1600] Train_Loss_total: 4.9337 Test_Loss_total: 1.7955 Time: 1.4462s
2025-07-09 19:49:12,476 INFO: In epoch 866, pred_score1: tensor([0.1390], device='cuda:0', grad_fn=<SelectBackward0>), pred_score2: tensor([0.1627], device='cuda:0', grad_fn=<SelectBackward0>)
2025-07-09 19:49:12,476 INFO: pred: 0.1648719757795334
2025-07-09 19:49:12,841 INFO: [866/1600] Train_Loss_total: 4.9334 Test_Loss_total: 1.8027 Time: 1.4231s
2025-07-09 19:49:13,911 INFO: In epoch 867, pred_score1: tensor([0.3955], device='cuda:0', grad_fn=<SelectBackward0>), pred_score2: tensor([0.2270], device='cuda:0', grad_fn=<SelectBackward0>)
2025-07-09 19:49:13,911 INFO: pred: 0.1999008059501648
2025-07-09 19:49:14,279 INFO: [867/1600] Train_Loss_total: 4.9334 Test_Loss_total: 1.7941 Time: 1.4374s
2025-07-09 19:49:15,374 INFO: In epoch 868, pred_score1: tensor([0.1163], device='cuda:0', grad_fn=<SelectBackward0>), pred_score2: tensor([0.2122], device='cuda:0', grad_fn=<SelectBackward0>)
2025-07-09 19:49:15,374 INFO: pred: 0.18186694383621216
2025-07-09 19:49:15,755 INFO: [868/1600] Train_Loss_total: 4.9324 Test_Loss_total: 1.7914 Time: 1.4759s
2025-07-09 19:49:16,837 INFO: In epoch 869, pred_score1: tensor([0.2820], device='cuda:0', grad_fn=<SelectBackward0>), pred_score2: tensor([0.1610], device='cuda:0', grad_fn=<SelectBackward0>)
2025-07-09 19:49:16,837 INFO: pred: 0.22234199941158295
2025-07-09 19:49:17,208 INFO: [869/1600] Train_Loss_total: 4.9326 Test_Loss_total: 1.7833 Time: 1.4531s
2025-07-09 19:49:18,274 INFO: In epoch 870, pred_score1: tensor([0.2593], device='cuda:0', grad_fn=<SelectBackward0>), pred_score2: tensor([0.0907], device='cuda:0', grad_fn=<SelectBackward0>)
2025-07-09 19:49:18,274 INFO: pred: 0.18520106375217438
2025-07-09 19:49:18,651 INFO: [870/1600] Train_Loss_total: 4.932 Test_Loss_total: 1.778 Time: 1.4426s
2025-07-09 19:49:20,065 INFO: In epoch 871, pred_score1: tensor([0.2178], device='cuda:0', grad_fn=<SelectBackward0>), pred_score2: tensor([0.0916], device='cuda:0', grad_fn=<SelectBackward0>)
2025-07-09 19:49:20,065 INFO: pred: 0.15743106603622437
2025-07-09 19:49:20,595 INFO: [871/1600] Train_Loss_total: 4.9312 Test_Loss_total: 1.7829 Time: 1.9437s
2025-07-09 19:49:21,822 INFO: In epoch 872, pred_score1: tensor([0.1697], device='cuda:0', grad_fn=<SelectBackward0>), pred_score2: tensor([0.6224], device='cuda:0', grad_fn=<SelectBackward0>)
2025-07-09 19:49:21,822 INFO: pred: 0.15774065256118774
2025-07-09 19:49:22,196 INFO: [872/1600] Train_Loss_total: 4.9318 Test_Loss_total: 1.7776 Time: 1.6012s
2025-07-09 19:49:23,262 INFO: In epoch 873, pred_score1: tensor([0.2629], device='cuda:0', grad_fn=<SelectBackward0>), pred_score2: tensor([0.2289], device='cuda:0', grad_fn=<SelectBackward0>)
2025-07-09 19:49:23,262 INFO: pred: 0.17857539653778076
2025-07-09 19:49:23,647 INFO: [873/1600] Train_Loss_total: 4.9305 Test_Loss_total: 1.803 Time: 1.45s
2025-07-09 19:49:24,713 INFO: In epoch 874, pred_score1: tensor([0.2791], device='cuda:0', grad_fn=<SelectBackward0>), pred_score2: tensor([0.2505], device='cuda:0', grad_fn=<SelectBackward0>)
2025-07-09 19:49:24,713 INFO: pred: 0.17855016887187958
2025-07-09 19:49:25,097 INFO: [874/1600] Train_Loss_total: 4.9309 Test_Loss_total: 1.7907 Time: 1.4503s
2025-07-09 19:49:26,179 INFO: In epoch 875, pred_score1: tensor([0.1209], device='cuda:0', grad_fn=<SelectBackward0>), pred_score2: tensor([0.4011], device='cuda:0', grad_fn=<SelectBackward0>)
2025-07-09 19:49:26,180 INFO: pred: 0.16996772587299347
2025-07-09 19:49:26,545 INFO: [875/1600] Train_Loss_total: 4.9302 Test_Loss_total: 1.7837 Time: 1.4477s
2025-07-09 19:49:27,616 INFO: In epoch 876, pred_score1: tensor([0.9322], device='cuda:0', grad_fn=<SelectBackward0>), pred_score2: tensor([0.4681], device='cuda:0', grad_fn=<SelectBackward0>)
2025-07-09 19:49:27,616 INFO: pred: 0.1270151138305664
2025-07-09 19:49:27,991 INFO: [876/1600] Train_Loss_total: 4.9297 Test_Loss_total: 1.7847 Time: 1.4461s
2025-07-09 19:49:29,074 INFO: In epoch 877, pred_score1: tensor([0.1476], device='cuda:0', grad_fn=<SelectBackward0>), pred_score2: tensor([0.1040], device='cuda:0', grad_fn=<SelectBackward0>)
2025-07-09 19:49:29,074 INFO: pred: 0.18643347918987274
2025-07-09 19:49:29,440 INFO: [877/1600] Train_Loss_total: 4.9288 Test_Loss_total: 1.7991 Time: 1.4487s
2025-07-09 19:49:30,510 INFO: In epoch 878, pred_score1: tensor([0.2276], device='cuda:0', grad_fn=<SelectBackward0>), pred_score2: tensor([0.2272], device='cuda:0', grad_fn=<SelectBackward0>)
2025-07-09 19:49:30,510 INFO: pred: 0.16191856563091278
2025-07-09 19:49:30,873 INFO: [878/1600] Train_Loss_total: 4.9285 Test_Loss_total: 1.7821 Time: 1.4325s
2025-07-09 19:49:32,401 INFO: In epoch 879, pred_score1: tensor([0.5274], device='cuda:0', grad_fn=<SelectBackward0>), pred_score2: tensor([0.0802], device='cuda:0', grad_fn=<SelectBackward0>)
2025-07-09 19:49:32,401 INFO: pred: 0.10156529396772385
2025-07-09 19:49:32,957 INFO: [879/1600] Train_Loss_total: 4.9284 Test_Loss_total: 1.7812 Time: 2.0834s
2025-07-09 19:49:34,042 INFO: In epoch 880, pred_score1: tensor([0.0889], device='cuda:0', grad_fn=<SelectBackward0>), pred_score2: tensor([0.1611], device='cuda:0', grad_fn=<SelectBackward0>)
2025-07-09 19:49:34,043 INFO: pred: 0.1625363528728485
2025-07-09 19:49:34,431 INFO: [880/1600] Train_Loss_total: 4.9278 Test_Loss_total: 1.7708 Time: 1.474s
2025-07-09 19:49:35,522 INFO: In epoch 881, pred_score1: tensor([0.1143], device='cuda:0', grad_fn=<SelectBackward0>), pred_score2: tensor([0.2406], device='cuda:0', grad_fn=<SelectBackward0>)
2025-07-09 19:49:35,522 INFO: pred: 0.18798573315143585
2025-07-09 19:49:35,886 INFO: [881/1600] Train_Loss_total: 4.9279 Test_Loss_total: 1.8002 Time: 1.4543s
2025-07-09 19:49:36,959 INFO: In epoch 882, pred_score1: tensor([0.1258], device='cuda:0', grad_fn=<SelectBackward0>), pred_score2: tensor([0.4121], device='cuda:0', grad_fn=<SelectBackward0>)
2025-07-09 19:49:36,959 INFO: pred: 0.14434297382831573
2025-07-09 19:49:37,325 INFO: [882/1600] Train_Loss_total: 4.9269 Test_Loss_total: 1.7935 Time: 1.4389s
2025-07-09 19:49:38,391 INFO: In epoch 883, pred_score1: tensor([0.1752], device='cuda:0', grad_fn=<SelectBackward0>), pred_score2: tensor([0.1158], device='cuda:0', grad_fn=<SelectBackward0>)
2025-07-09 19:49:38,391 INFO: pred: 0.17836789786815643
2025-07-09 19:49:38,767 INFO: [883/1600] Train_Loss_total: 4.9271 Test_Loss_total: 1.7812 Time: 1.442s
2025-07-09 19:49:39,834 INFO: In epoch 884, pred_score1: tensor([0.1922], device='cuda:0', grad_fn=<SelectBackward0>), pred_score2: tensor([0.2149], device='cuda:0', grad_fn=<SelectBackward0>)
2025-07-09 19:49:39,835 INFO: pred: 0.15504403412342072
2025-07-09 19:49:40,207 INFO: [884/1600] Train_Loss_total: 4.9264 Test_Loss_total: 1.7774 Time: 1.4397s
2025-07-09 19:49:41,296 INFO: In epoch 885, pred_score1: tensor([0.1177], device='cuda:0', grad_fn=<SelectBackward0>), pred_score2: tensor([0.1436], device='cuda:0', grad_fn=<SelectBackward0>)
2025-07-09 19:49:41,296 INFO: pred: 0.21959513425827026
2025-07-09 19:49:41,677 INFO: [885/1600] Train_Loss_total: 4.9264 Test_Loss_total: 1.7902 Time: 1.4693s
2025-07-09 19:49:42,737 INFO: In epoch 886, pred_score1: tensor([0.2307], device='cuda:0', grad_fn=<SelectBackward0>), pred_score2: tensor([0.2464], device='cuda:0', grad_fn=<SelectBackward0>)
2025-07-09 19:49:42,737 INFO: pred: 0.1037941426038742
2025-07-09 19:49:43,156 INFO: [886/1600] Train_Loss_total: 4.9258 Test_Loss_total: 1.7898 Time: 1.479s
2025-07-09 19:49:44,650 INFO: In epoch 887, pred_score1: tensor([0.1797], device='cuda:0', grad_fn=<SelectBackward0>), pred_score2: tensor([0.1765], device='cuda:0', grad_fn=<SelectBackward0>)
2025-07-09 19:49:44,651 INFO: pred: 0.14323368668556213
2025-07-09 19:49:45,190 INFO: [887/1600] Train_Loss_total: 4.925 Test_Loss_total: 1.7801 Time: 2.034s
2025-07-09 19:49:46,320 INFO: In epoch 888, pred_score1: tensor([0.8437], device='cuda:0', grad_fn=<SelectBackward0>), pred_score2: tensor([0.1765], device='cuda:0', grad_fn=<SelectBackward0>)
2025-07-09 19:49:46,320 INFO: pred: 0.20464470982551575
2025-07-09 19:49:46,693 INFO: [888/1600] Train_Loss_total: 4.9254 Test_Loss_total: 1.7753 Time: 1.5024s
2025-07-09 19:49:47,751 INFO: In epoch 889, pred_score1: tensor([0.1711], device='cuda:0', grad_fn=<SelectBackward0>), pred_score2: tensor([0.1390], device='cuda:0', grad_fn=<SelectBackward0>)
2025-07-09 19:49:47,751 INFO: pred: 0.19717979431152344
2025-07-09 19:49:48,130 INFO: [889/1600] Train_Loss_total: 4.9252 Test_Loss_total: 1.7764 Time: 1.4371s
2025-07-09 19:49:49,166 INFO: In epoch 890, pred_score1: tensor([0.1953], device='cuda:0', grad_fn=<SelectBackward0>), pred_score2: tensor([0.2980], device='cuda:0', grad_fn=<SelectBackward0>)
2025-07-09 19:49:49,166 INFO: pred: 0.16418270766735077
2025-07-09 19:49:49,532 INFO: [890/1600] Train_Loss_total: 4.9248 Test_Loss_total: 1.7823 Time: 1.402s
2025-07-09 19:49:50,644 INFO: In epoch 891, pred_score1: tensor([0.2250], device='cuda:0', grad_fn=<SelectBackward0>), pred_score2: tensor([0.1559], device='cuda:0', grad_fn=<SelectBackward0>)
2025-07-09 19:49:50,645 INFO: pred: 0.20363956689834595
2025-07-09 19:49:51,165 INFO: [891/1600] Train_Loss_total: 4.9245 Test_Loss_total: 1.7793 Time: 1.6324s
2025-07-09 19:49:52,222 INFO: In epoch 892, pred_score1: tensor([0.2708], device='cuda:0', grad_fn=<SelectBackward0>), pred_score2: tensor([0.1087], device='cuda:0', grad_fn=<SelectBackward0>)
2025-07-09 19:49:52,222 INFO: pred: 0.20203226804733276
2025-07-09 19:49:52,585 INFO: [892/1600] Train_Loss_total: 4.9235 Test_Loss_total: 1.8117 Time: 1.4195s
2025-07-09 19:49:53,662 INFO: In epoch 893, pred_score1: tensor([0.2187], device='cuda:0', grad_fn=<SelectBackward0>), pred_score2: tensor([0.2207], device='cuda:0', grad_fn=<SelectBackward0>)
2025-07-09 19:49:53,662 INFO: pred: 0.19019311666488647
2025-07-09 19:49:54,036 INFO: [893/1600] Train_Loss_total: 4.9233 Test_Loss_total: 1.8181 Time: 1.4505s
2025-07-09 19:49:55,138 INFO: In epoch 894, pred_score1: tensor([0.8475], device='cuda:0', grad_fn=<SelectBackward0>), pred_score2: tensor([0.1724], device='cuda:0', grad_fn=<SelectBackward0>)
2025-07-09 19:49:55,138 INFO: pred: 0.2050957828760147
2025-07-09 19:49:55,689 INFO: [894/1600] Train_Loss_total: 4.9226 Test_Loss_total: 1.7919 Time: 1.6535s
2025-07-09 19:49:57,267 INFO: In epoch 895, pred_score1: tensor([0.2403], device='cuda:0', grad_fn=<SelectBackward0>), pred_score2: tensor([0.1568], device='cuda:0', grad_fn=<SelectBackward0>)
2025-07-09 19:49:57,268 INFO: pred: 0.1722393035888672
2025-07-09 19:49:57,641 INFO: [895/1600] Train_Loss_total: 4.9227 Test_Loss_total: 1.797 Time: 1.9515s
2025-07-09 19:49:58,719 INFO: In epoch 896, pred_score1: tensor([0.1651], device='cuda:0', grad_fn=<SelectBackward0>), pred_score2: tensor([0.1027], device='cuda:0', grad_fn=<SelectBackward0>)
2025-07-09 19:49:58,719 INFO: pred: 0.17707209289073944
2025-07-09 19:49:59,091 INFO: [896/1600] Train_Loss_total: 4.9221 Test_Loss_total: 1.7797 Time: 1.4492s
2025-07-09 19:50:00,168 INFO: In epoch 897, pred_score1: tensor([0.8288], device='cuda:0', grad_fn=<SelectBackward0>), pred_score2: tensor([0.1974], device='cuda:0', grad_fn=<SelectBackward0>)
2025-07-09 19:50:00,168 INFO: pred: 0.146110400557518
2025-07-09 19:50:00,558 INFO: [897/1600] Train_Loss_total: 4.9218 Test_Loss_total: 1.7936 Time: 1.4674s
2025-07-09 19:50:01,635 INFO: In epoch 898, pred_score1: tensor([0.1532], device='cuda:0', grad_fn=<SelectBackward0>), pred_score2: tensor([0.1998], device='cuda:0', grad_fn=<SelectBackward0>)
2025-07-09 19:50:01,635 INFO: pred: 0.20633532106876373
2025-07-09 19:50:02,014 INFO: [898/1600] Train_Loss_total: 4.9214 Test_Loss_total: 1.7853 Time: 1.4553s
2025-07-09 19:50:03,098 INFO: In epoch 899, pred_score1: tensor([0.0871], device='cuda:0', grad_fn=<SelectBackward0>), pred_score2: tensor([0.1008], device='cuda:0', grad_fn=<SelectBackward0>)
2025-07-09 19:50:03,099 INFO: pred: 0.1850300282239914
2025-07-09 19:50:03,477 INFO: [899/1600] Train_Loss_total: 4.9208 Test_Loss_total: 1.7777 Time: 1.4627s
2025-07-09 19:50:04,549 INFO: In epoch 900, pred_score1: tensor([0.1196], device='cuda:0', grad_fn=<SelectBackward0>), pred_score2: tensor([0.5240], device='cuda:0', grad_fn=<SelectBackward0>)
2025-07-09 19:50:04,549 INFO: pred: 0.10489817708730698
2025-07-09 19:50:04,934 INFO: [900/1600] Train_Loss_total: 4.9211 Test_Loss_total: 1.7766 Time: 1.4565s
2025-07-09 19:50:06,037 INFO: In epoch 901, pred_score1: tensor([0.1995], device='cuda:0', grad_fn=<SelectBackward0>), pred_score2: tensor([0.2545], device='cuda:0', grad_fn=<SelectBackward0>)
2025-07-09 19:50:06,037 INFO: pred: 0.15946020185947418
2025-07-09 19:50:06,403 INFO: [901/1600] Train_Loss_total: 4.9204 Test_Loss_total: 1.7932 Time: 1.4691s
2025-07-09 19:50:07,646 INFO: In epoch 902, pred_score1: tensor([0.4535], device='cuda:0', grad_fn=<SelectBackward0>), pred_score2: tensor([0.1603], device='cuda:0', grad_fn=<SelectBackward0>)
2025-07-09 19:50:07,646 INFO: pred: 0.1340915560722351
2025-07-09 19:50:08,178 INFO: [902/1600] Train_Loss_total: 4.9195 Test_Loss_total: 1.7816 Time: 1.7752s
2025-07-09 19:50:09,604 INFO: In epoch 903, pred_score1: tensor([0.1631], device='cuda:0', grad_fn=<SelectBackward0>), pred_score2: tensor([0.1054], device='cuda:0', grad_fn=<SelectBackward0>)
2025-07-09 19:50:09,605 INFO: pred: 0.17703767120838165
2025-07-09 19:50:09,991 INFO: [903/1600] Train_Loss_total: 4.9195 Test_Loss_total: 1.7787 Time: 1.8121s
2025-07-09 19:50:11,061 INFO: In epoch 904, pred_score1: tensor([0.2250], device='cuda:0', grad_fn=<SelectBackward0>), pred_score2: tensor([0.0952], device='cuda:0', grad_fn=<SelectBackward0>)
2025-07-09 19:50:11,062 INFO: pred: 0.16316966712474823
2025-07-09 19:50:11,429 INFO: [904/1600] Train_Loss_total: 4.9194 Test_Loss_total: 1.7952 Time: 1.4381s
2025-07-09 19:50:12,505 INFO: In epoch 905, pred_score1: tensor([0.1693], device='cuda:0', grad_fn=<SelectBackward0>), pred_score2: tensor([0.2873], device='cuda:0', grad_fn=<SelectBackward0>)
2025-07-09 19:50:12,505 INFO: pred: 0.17486397922039032
2025-07-09 19:50:12,875 INFO: [905/1600] Train_Loss_total: 4.9185 Test_Loss_total: 1.7717 Time: 1.4453s
2025-07-09 19:50:13,934 INFO: In epoch 906, pred_score1: tensor([0.1150], device='cuda:0', grad_fn=<SelectBackward0>), pred_score2: tensor([0.1397], device='cuda:0', grad_fn=<SelectBackward0>)
2025-07-09 19:50:13,934 INFO: pred: 0.21995268762111664
2025-07-09 19:50:14,315 INFO: [906/1600] Train_Loss_total: 4.9183 Test_Loss_total: 1.8158 Time: 1.4395s
2025-07-09 19:50:15,392 INFO: In epoch 907, pred_score1: tensor([0.0866], device='cuda:0', grad_fn=<SelectBackward0>), pred_score2: tensor([0.2313], device='cuda:0', grad_fn=<SelectBackward0>)
2025-07-09 19:50:15,392 INFO: pred: 0.1722080260515213
2025-07-09 19:50:15,787 INFO: [907/1600] Train_Loss_total: 4.9176 Test_Loss_total: 1.777 Time: 1.4725s
2025-07-09 19:50:16,841 INFO: In epoch 908, pred_score1: tensor([0.1364], device='cuda:0', grad_fn=<SelectBackward0>), pred_score2: tensor([0.2271], device='cuda:0', grad_fn=<SelectBackward0>)
2025-07-09 19:50:16,841 INFO: pred: 0.12907449901103973
2025-07-09 19:50:17,231 INFO: [908/1600] Train_Loss_total: 4.9178 Test_Loss_total: 1.781 Time: 1.443s
2025-07-09 19:50:18,302 INFO: In epoch 909, pred_score1: tensor([0.1387], device='cuda:0', grad_fn=<SelectBackward0>), pred_score2: tensor([0.2062], device='cuda:0', grad_fn=<SelectBackward0>)
2025-07-09 19:50:18,302 INFO: pred: 0.1523927003145218
2025-07-09 19:50:18,661 INFO: [909/1600] Train_Loss_total: 4.9171 Test_Loss_total: 1.7893 Time: 1.4306s
2025-07-09 19:50:19,941 INFO: In epoch 910, pred_score1: tensor([0.0841], device='cuda:0', grad_fn=<SelectBackward0>), pred_score2: tensor([0.2306], device='cuda:0', grad_fn=<SelectBackward0>)
2025-07-09 19:50:19,941 INFO: pred: 0.17151495814323425
2025-07-09 19:50:20,469 INFO: [910/1600] Train_Loss_total: 4.917 Test_Loss_total: 1.7776 Time: 1.807s
2025-07-09 19:50:21,812 INFO: In epoch 911, pred_score1: tensor([0.1645], device='cuda:0', grad_fn=<SelectBackward0>), pred_score2: tensor([0.6337], device='cuda:0', grad_fn=<SelectBackward0>)
2025-07-09 19:50:21,813 INFO: pred: 0.1374203860759735
2025-07-09 19:50:22,189 INFO: [911/1600] Train_Loss_total: 4.9166 Test_Loss_total: 1.7998 Time: 1.7206s
2025-07-09 19:50:23,269 INFO: In epoch 912, pred_score1: tensor([0.0960], device='cuda:0', grad_fn=<SelectBackward0>), pred_score2: tensor([0.5303], device='cuda:0', grad_fn=<SelectBackward0>)
2025-07-09 19:50:23,269 INFO: pred: 0.1857738196849823
2025-07-09 19:50:23,673 INFO: [912/1600] Train_Loss_total: 4.9165 Test_Loss_total: 1.7882 Time: 1.4837s
2025-07-09 19:50:24,754 INFO: In epoch 913, pred_score1: tensor([0.1252], device='cuda:0', grad_fn=<SelectBackward0>), pred_score2: tensor([0.4045], device='cuda:0', grad_fn=<SelectBackward0>)
2025-07-09 19:50:24,755 INFO: pred: 0.14618417620658875
2025-07-09 19:50:25,127 INFO: [913/1600] Train_Loss_total: 4.9159 Test_Loss_total: 1.7904 Time: 1.453s
2025-07-09 19:50:26,205 INFO: In epoch 914, pred_score1: tensor([0.2141], device='cuda:0', grad_fn=<SelectBackward0>), pred_score2: tensor([0.1983], device='cuda:0', grad_fn=<SelectBackward0>)
2025-07-09 19:50:26,205 INFO: pred: 0.18903321027755737
2025-07-09 19:50:26,578 INFO: [914/1600] Train_Loss_total: 4.9162 Test_Loss_total: 1.7772 Time: 1.4515s
2025-07-09 19:50:27,649 INFO: In epoch 915, pred_score1: tensor([0.1888], device='cuda:0', grad_fn=<SelectBackward0>), pred_score2: tensor([0.2300], device='cuda:0', grad_fn=<SelectBackward0>)
2025-07-09 19:50:27,649 INFO: pred: 0.19338689744472504
2025-07-09 19:50:28,028 INFO: [915/1600] Train_Loss_total: 4.9148 Test_Loss_total: 1.7881 Time: 1.449s
2025-07-09 19:50:29,093 INFO: In epoch 916, pred_score1: tensor([0.8517], device='cuda:0', grad_fn=<SelectBackward0>), pred_score2: tensor([0.1898], device='cuda:0', grad_fn=<SelectBackward0>)
2025-07-09 19:50:29,094 INFO: pred: 0.2046435922384262
2025-07-09 19:50:29,654 INFO: [916/1600] Train_Loss_total: 4.9144 Test_Loss_total: 1.7872 Time: 1.6257s
2025-07-09 19:50:30,711 INFO: In epoch 917, pred_score1: tensor([0.0841], device='cuda:0', grad_fn=<SelectBackward0>), pred_score2: tensor([0.2281], device='cuda:0', grad_fn=<SelectBackward0>)
2025-07-09 19:50:30,711 INFO: pred: 0.17316901683807373
2025-07-09 19:50:31,073 INFO: [917/1600] Train_Loss_total: 4.9138 Test_Loss_total: 1.7775 Time: 1.4192s
2025-07-09 19:50:32,508 INFO: In epoch 918, pred_score1: tensor([0.1856], device='cuda:0', grad_fn=<SelectBackward0>), pred_score2: tensor([0.1520], device='cuda:0', grad_fn=<SelectBackward0>)
2025-07-09 19:50:32,508 INFO: pred: 0.17702068388462067
2025-07-09 19:50:33,097 INFO: [918/1600] Train_Loss_total: 4.9138 Test_Loss_total: 1.7767 Time: 2.0232s
2025-07-09 19:50:34,271 INFO: In epoch 919, pred_score1: tensor([0.1272], device='cuda:0', grad_fn=<SelectBackward0>), pred_score2: tensor([0.1828], device='cuda:0', grad_fn=<SelectBackward0>)
2025-07-09 19:50:34,271 INFO: pred: 0.18001778423786163
2025-07-09 19:50:34,640 INFO: [919/1600] Train_Loss_total: 4.9137 Test_Loss_total: 1.7791 Time: 1.5429s
2025-07-09 19:50:35,730 INFO: In epoch 920, pred_score1: tensor([0.3414], device='cuda:0', grad_fn=<SelectBackward0>), pred_score2: tensor([0.2364], device='cuda:0', grad_fn=<SelectBackward0>)
2025-07-09 19:50:35,730 INFO: pred: 0.15328218042850494
2025-07-09 19:50:36,128 INFO: [920/1600] Train_Loss_total: 4.9135 Test_Loss_total: 1.7847 Time: 1.4877s
2025-07-09 19:50:37,224 INFO: In epoch 921, pred_score1: tensor([0.9345], device='cuda:0', grad_fn=<SelectBackward0>), pred_score2: tensor([0.4465], device='cuda:0', grad_fn=<SelectBackward0>)
2025-07-09 19:50:37,224 INFO: pred: 0.1305111199617386
2025-07-09 19:50:37,593 INFO: [921/1600] Train_Loss_total: 4.9136 Test_Loss_total: 1.7775 Time: 1.4652s
2025-07-09 19:50:38,662 INFO: In epoch 922, pred_score1: tensor([0.1815], device='cuda:0', grad_fn=<SelectBackward0>), pred_score2: tensor([0.2082], device='cuda:0', grad_fn=<SelectBackward0>)
2025-07-09 19:50:38,662 INFO: pred: 0.20168516039848328
2025-07-09 19:50:39,042 INFO: [922/1600] Train_Loss_total: 4.9123 Test_Loss_total: 1.7812 Time: 1.4481s
2025-07-09 19:50:40,118 INFO: In epoch 923, pred_score1: tensor([0.1651], device='cuda:0', grad_fn=<SelectBackward0>), pred_score2: tensor([0.1402], device='cuda:0', grad_fn=<SelectBackward0>)
2025-07-09 19:50:40,118 INFO: pred: 0.17650048434734344
2025-07-09 19:50:40,479 INFO: [923/1600] Train_Loss_total: 4.913 Test_Loss_total: 1.7824 Time: 1.4369s
2025-07-09 19:50:41,571 INFO: In epoch 924, pred_score1: tensor([0.2103], device='cuda:0', grad_fn=<SelectBackward0>), pred_score2: tensor([0.1467], device='cuda:0', grad_fn=<SelectBackward0>)
2025-07-09 19:50:41,571 INFO: pred: 0.18794800341129303
2025-07-09 19:50:41,957 INFO: [924/1600] Train_Loss_total: 4.9118 Test_Loss_total: 1.7867 Time: 1.4776s
2025-07-09 19:50:43,050 INFO: In epoch 925, pred_score1: tensor([0.4621], device='cuda:0', grad_fn=<SelectBackward0>), pred_score2: tensor([0.2720], device='cuda:0', grad_fn=<SelectBackward0>)
2025-07-09 19:50:43,050 INFO: pred: 0.17080187797546387
2025-07-09 19:50:43,448 INFO: [925/1600] Train_Loss_total: 4.9117 Test_Loss_total: 1.7835 Time: 1.4907s
2025-07-09 19:50:44,965 INFO: In epoch 926, pred_score1: tensor([0.1716], device='cuda:0', grad_fn=<SelectBackward0>), pred_score2: tensor([0.1374], device='cuda:0', grad_fn=<SelectBackward0>)
2025-07-09 19:50:44,965 INFO: pred: 0.1973470002412796
2025-07-09 19:50:45,505 INFO: [926/1600] Train_Loss_total: 4.9108 Test_Loss_total: 1.7745 Time: 2.0567s
2025-07-09 19:50:46,606 INFO: In epoch 927, pred_score1: tensor([0.2339], device='cuda:0', grad_fn=<SelectBackward0>), pred_score2: tensor([0.1794], device='cuda:0', grad_fn=<SelectBackward0>)
2025-07-09 19:50:46,607 INFO: pred: 0.18535305559635162
2025-07-09 19:50:46,970 INFO: [927/1600] Train_Loss_total: 4.9124 Test_Loss_total: 1.7907 Time: 1.4645s
2025-07-09 19:50:48,049 INFO: In epoch 928, pred_score1: tensor([0.2444], device='cuda:0', grad_fn=<SelectBackward0>), pred_score2: tensor([0.1988], device='cuda:0', grad_fn=<SelectBackward0>)
2025-07-09 19:50:48,050 INFO: pred: 0.17451372742652893
2025-07-09 19:50:48,432 INFO: [928/1600] Train_Loss_total: 4.9101 Test_Loss_total: 1.7794 Time: 1.4621s
2025-07-09 19:50:49,515 INFO: In epoch 929, pred_score1: tensor([0.4242], device='cuda:0', grad_fn=<SelectBackward0>), pred_score2: tensor([0.1728], device='cuda:0', grad_fn=<SelectBackward0>)
2025-07-09 19:50:49,516 INFO: pred: 0.13466593623161316
2025-07-09 19:50:49,888 INFO: [929/1600] Train_Loss_total: 4.91 Test_Loss_total: 1.778 Time: 1.4556s
2025-07-09 19:50:50,979 INFO: In epoch 930, pred_score1: tensor([0.4037], device='cuda:0', grad_fn=<SelectBackward0>), pred_score2: tensor([0.1802], device='cuda:0', grad_fn=<SelectBackward0>)
2025-07-09 19:50:50,979 INFO: pred: 0.19885317981243134
2025-07-09 19:50:51,360 INFO: [930/1600] Train_Loss_total: 4.9098 Test_Loss_total: 1.8065 Time: 1.4715s
2025-07-09 19:50:52,419 INFO: In epoch 931, pred_score1: tensor([0.2016], device='cuda:0', grad_fn=<SelectBackward0>), pred_score2: tensor([0.1890], device='cuda:0', grad_fn=<SelectBackward0>)
2025-07-09 19:50:52,419 INFO: pred: 0.1804480403661728
2025-07-09 19:50:52,781 INFO: [931/1600] Train_Loss_total: 4.9097 Test_Loss_total: 1.804 Time: 1.4214s
2025-07-09 19:50:53,862 INFO: In epoch 932, pred_score1: tensor([0.5223], device='cuda:0', grad_fn=<SelectBackward0>), pred_score2: tensor([0.1219], device='cuda:0', grad_fn=<SelectBackward0>)
2025-07-09 19:50:53,863 INFO: pred: 0.28418755531311035
2025-07-09 19:50:54,231 INFO: [932/1600] Train_Loss_total: 4.9094 Test_Loss_total: 1.7794 Time: 1.4496s
2025-07-09 19:50:55,288 INFO: In epoch 933, pred_score1: tensor([0.2324], device='cuda:0', grad_fn=<SelectBackward0>), pred_score2: tensor([0.2414], device='cuda:0', grad_fn=<SelectBackward0>)
2025-07-09 19:50:55,288 INFO: pred: 0.160603865981102
2025-07-09 19:50:55,771 INFO: [933/1600] Train_Loss_total: 4.9089 Test_Loss_total: 1.7747 Time: 1.54s
2025-07-09 19:50:57,319 INFO: In epoch 934, pred_score1: tensor([0.2326], device='cuda:0', grad_fn=<SelectBackward0>), pred_score2: tensor([0.1567], device='cuda:0', grad_fn=<SelectBackward0>)
2025-07-09 19:50:57,319 INFO: pred: 0.17778511345386505
2025-07-09 19:50:57,785 INFO: [934/1600] Train_Loss_total: 4.9081 Test_Loss_total: 1.7879 Time: 2.0128s
2025-07-09 19:50:58,858 INFO: In epoch 935, pred_score1: tensor([0.9337], device='cuda:0', grad_fn=<SelectBackward0>), pred_score2: tensor([0.4609], device='cuda:0', grad_fn=<SelectBackward0>)
2025-07-09 19:50:58,859 INFO: pred: 0.12802092730998993
2025-07-09 19:50:59,230 INFO: [935/1600] Train_Loss_total: 4.908 Test_Loss_total: 1.7858 Time: 1.4448s
2025-07-09 19:51:00,305 INFO: In epoch 936, pred_score1: tensor([0.1929], device='cuda:0', grad_fn=<SelectBackward0>), pred_score2: tensor([0.2474], device='cuda:0', grad_fn=<SelectBackward0>)
2025-07-09 19:51:00,305 INFO: pred: 0.1614522784948349
2025-07-09 19:51:00,678 INFO: [936/1600] Train_Loss_total: 4.9074 Test_Loss_total: 1.7901 Time: 1.4478s
2025-07-09 19:51:01,734 INFO: In epoch 937, pred_score1: tensor([0.2462], device='cuda:0', grad_fn=<SelectBackward0>), pred_score2: tensor([0.2936], device='cuda:0', grad_fn=<SelectBackward0>)
2025-07-09 19:51:01,735 INFO: pred: 0.17579598724842072
2025-07-09 19:51:02,103 INFO: [937/1600] Train_Loss_total: 4.9078 Test_Loss_total: 1.7811 Time: 1.4253s
2025-07-09 19:51:03,189 INFO: In epoch 938, pred_score1: tensor([0.1573], device='cuda:0', grad_fn=<SelectBackward0>), pred_score2: tensor([0.0601], device='cuda:0', grad_fn=<SelectBackward0>)
2025-07-09 19:51:03,190 INFO: pred: 0.12238922715187073
2025-07-09 19:51:03,554 INFO: [938/1600] Train_Loss_total: 4.9067 Test_Loss_total: 1.776 Time: 1.4508s
2025-07-09 19:51:04,626 INFO: In epoch 939, pred_score1: tensor([0.4345], device='cuda:0', grad_fn=<SelectBackward0>), pred_score2: tensor([0.1234], device='cuda:0', grad_fn=<SelectBackward0>)
2025-07-09 19:51:04,626 INFO: pred: 0.2828024625778198
2025-07-09 19:51:05,005 INFO: [939/1600] Train_Loss_total: 4.9064 Test_Loss_total: 1.8327 Time: 1.4504s
2025-07-09 19:51:06,080 INFO: In epoch 940, pred_score1: tensor([0.1122], device='cuda:0', grad_fn=<SelectBackward0>), pred_score2: tensor([0.4010], device='cuda:0', grad_fn=<SelectBackward0>)
2025-07-09 19:51:06,080 INFO: pred: 0.14851579070091248
2025-07-09 19:51:06,450 INFO: [940/1600] Train_Loss_total: 4.9059 Test_Loss_total: 1.8155 Time: 1.4452s
2025-07-09 19:51:07,574 INFO: In epoch 941, pred_score1: tensor([0.1177], device='cuda:0', grad_fn=<SelectBackward0>), pred_score2: tensor([0.3694], device='cuda:0', grad_fn=<SelectBackward0>)
2025-07-09 19:51:07,574 INFO: pred: 0.20708507299423218
2025-07-09 19:51:08,355 INFO: [941/1600] Train_Loss_total: 4.9061 Test_Loss_total: 1.8095 Time: 1.904s
2025-07-09 19:51:09,825 INFO: In epoch 942, pred_score1: tensor([0.6119], device='cuda:0', grad_fn=<SelectBackward0>), pred_score2: tensor([0.1302], device='cuda:0', grad_fn=<SelectBackward0>)
2025-07-09 19:51:09,825 INFO: pred: 0.18225784599781036
2025-07-09 19:51:10,212 INFO: [942/1600] Train_Loss_total: 4.9057 Test_Loss_total: 1.7808 Time: 1.857s
2025-07-09 19:51:11,285 INFO: In epoch 943, pred_score1: tensor([0.4504], device='cuda:0', grad_fn=<SelectBackward0>), pred_score2: tensor([0.1188], device='cuda:0', grad_fn=<SelectBackward0>)
2025-07-09 19:51:11,286 INFO: pred: 0.2833097577095032
2025-07-09 19:51:11,667 INFO: [943/1600] Train_Loss_total: 4.9048 Test_Loss_total: 1.8281 Time: 1.4544s
2025-07-09 19:51:12,742 INFO: In epoch 944, pred_score1: tensor([0.2030], device='cuda:0', grad_fn=<SelectBackward0>), pred_score2: tensor([0.1081], device='cuda:0', grad_fn=<SelectBackward0>)
2025-07-09 19:51:12,742 INFO: pred: 0.19355261325836182
2025-07-09 19:51:13,128 INFO: [944/1600] Train_Loss_total: 4.9046 Test_Loss_total: 1.8072 Time: 1.4613s
2025-07-09 19:51:14,211 INFO: In epoch 945, pred_score1: tensor([0.2816], device='cuda:0', grad_fn=<SelectBackward0>), pred_score2: tensor([0.0676], device='cuda:0', grad_fn=<SelectBackward0>)
2025-07-09 19:51:14,211 INFO: pred: 0.26933369040489197
2025-07-09 19:51:14,580 INFO: [945/1600] Train_Loss_total: 4.9047 Test_Loss_total: 1.813 Time: 1.4518s
2025-07-09 19:51:15,681 INFO: In epoch 946, pred_score1: tensor([0.2116], device='cuda:0', grad_fn=<SelectBackward0>), pred_score2: tensor([0.1315], device='cuda:0', grad_fn=<SelectBackward0>)
2025-07-09 19:51:15,681 INFO: pred: 0.19492124021053314
2025-07-09 19:51:16,065 INFO: [946/1600] Train_Loss_total: 4.9042 Test_Loss_total: 1.8166 Time: 1.4846s
2025-07-09 19:51:17,129 INFO: In epoch 947, pred_score1: tensor([0.2024], device='cuda:0', grad_fn=<SelectBackward0>), pred_score2: tensor([0.1775], device='cuda:0', grad_fn=<SelectBackward0>)
2025-07-09 19:51:17,129 INFO: pred: 0.1941034197807312
2025-07-09 19:51:17,512 INFO: [947/1600] Train_Loss_total: 4.904 Test_Loss_total: 1.7777 Time: 1.4463s
2025-07-09 19:51:18,606 INFO: In epoch 948, pred_score1: tensor([0.1307], device='cuda:0', grad_fn=<SelectBackward0>), pred_score2: tensor([0.1559], device='cuda:0', grad_fn=<SelectBackward0>)
2025-07-09 19:51:18,606 INFO: pred: 0.025118529796600342
2025-07-09 19:51:18,981 INFO: [948/1600] Train_Loss_total: 4.903 Test_Loss_total: 1.7792 Time: 1.4687s
2025-07-09 19:51:20,269 INFO: In epoch 949, pred_score1: tensor([0.2962], device='cuda:0', grad_fn=<SelectBackward0>), pred_score2: tensor([0.1486], device='cuda:0', grad_fn=<SelectBackward0>)
2025-07-09 19:51:20,270 INFO: pred: 0.18716765940189362
2025-07-09 19:51:20,771 INFO: [949/1600] Train_Loss_total: 4.903 Test_Loss_total: 1.8344 Time: 1.7905s
2025-07-09 19:51:22,148 INFO: In epoch 950, pred_score1: tensor([0.0876], device='cuda:0', grad_fn=<SelectBackward0>), pred_score2: tensor([0.4712], device='cuda:0', grad_fn=<SelectBackward0>)
2025-07-09 19:51:22,148 INFO: pred: 0.19042366743087769
2025-07-09 19:51:22,527 INFO: [950/1600] Train_Loss_total: 4.9026 Test_Loss_total: 1.7776 Time: 1.7557s
2025-07-09 19:51:23,604 INFO: In epoch 951, pred_score1: tensor([0.1420], device='cuda:0', grad_fn=<SelectBackward0>), pred_score2: tensor([0.2284], device='cuda:0', grad_fn=<SelectBackward0>)
2025-07-09 19:51:23,604 INFO: pred: 0.16280010342597961
2025-07-09 19:51:23,981 INFO: [951/1600] Train_Loss_total: 4.9023 Test_Loss_total: 1.7843 Time: 1.453s
2025-07-09 19:51:25,054 INFO: In epoch 952, pred_score1: tensor([0.2694], device='cuda:0', grad_fn=<SelectBackward0>), pred_score2: tensor([0.1916], device='cuda:0', grad_fn=<SelectBackward0>)
2025-07-09 19:51:25,054 INFO: pred: 0.22905749082565308
2025-07-09 19:51:25,421 INFO: [952/1600] Train_Loss_total: 4.9026 Test_Loss_total: 1.7888 Time: 1.4397s
2025-07-09 19:51:26,495 INFO: In epoch 953, pred_score1: tensor([0.2690], device='cuda:0', grad_fn=<SelectBackward0>), pred_score2: tensor([0.2258], device='cuda:0', grad_fn=<SelectBackward0>)
2025-07-09 19:51:26,495 INFO: pred: 0.18316002190113068
2025-07-09 19:51:26,881 INFO: [953/1600] Train_Loss_total: 4.9019 Test_Loss_total: 1.8361 Time: 1.4599s
2025-07-09 19:51:27,946 INFO: In epoch 954, pred_score1: tensor([0.1148], device='cuda:0', grad_fn=<SelectBackward0>), pred_score2: tensor([0.1210], device='cuda:0', grad_fn=<SelectBackward0>)
2025-07-09 19:51:27,947 INFO: pred: 0.18844984471797943
2025-07-09 19:51:28,322 INFO: [954/1600] Train_Loss_total: 4.9013 Test_Loss_total: 1.7851 Time: 1.4409s
2025-07-09 19:51:29,404 INFO: In epoch 955, pred_score1: tensor([0.1930], device='cuda:0', grad_fn=<SelectBackward0>), pred_score2: tensor([0.1926], device='cuda:0', grad_fn=<SelectBackward0>)
2025-07-09 19:51:29,404 INFO: pred: 0.18804170191287994
2025-07-09 19:51:29,786 INFO: [955/1600] Train_Loss_total: 4.901 Test_Loss_total: 1.8169 Time: 1.4642s
2025-07-09 19:51:30,884 INFO: In epoch 956, pred_score1: tensor([0.1644], device='cuda:0', grad_fn=<SelectBackward0>), pred_score2: tensor([0.2850], device='cuda:0', grad_fn=<SelectBackward0>)
2025-07-09 19:51:30,884 INFO: pred: 0.17639745771884918
2025-07-09 19:51:31,254 INFO: [956/1600] Train_Loss_total: 4.9011 Test_Loss_total: 1.7819 Time: 1.4671s
2025-07-09 19:51:32,593 INFO: In epoch 957, pred_score1: tensor([0.2633], device='cuda:0', grad_fn=<SelectBackward0>), pred_score2: tensor([0.1630], device='cuda:0', grad_fn=<SelectBackward0>)
2025-07-09 19:51:32,593 INFO: pred: 0.17739680409431458
2025-07-09 19:51:33,143 INFO: [957/1600] Train_Loss_total: 4.9007 Test_Loss_total: 1.8029 Time: 1.8885s
2025-07-09 19:51:34,390 INFO: In epoch 958, pred_score1: tensor([0.1628], device='cuda:0', grad_fn=<SelectBackward0>), pred_score2: tensor([0.1362], device='cuda:0', grad_fn=<SelectBackward0>)
2025-07-09 19:51:34,390 INFO: pred: 0.19924607872962952
2025-07-09 19:51:34,769 INFO: [958/1600] Train_Loss_total: 4.8999 Test_Loss_total: 1.7782 Time: 1.6264s
2025-07-09 19:51:35,832 INFO: In epoch 959, pred_score1: tensor([0.4485], device='cuda:0', grad_fn=<SelectBackward0>), pred_score2: tensor([0.1247], device='cuda:0', grad_fn=<SelectBackward0>)
2025-07-09 19:51:35,832 INFO: pred: 0.2839704751968384
2025-07-09 19:51:36,216 INFO: [959/1600] Train_Loss_total: 4.8996 Test_Loss_total: 1.7793 Time: 1.4465s
2025-07-09 19:51:37,300 INFO: In epoch 960, pred_score1: tensor([0.4184], device='cuda:0', grad_fn=<SelectBackward0>), pred_score2: tensor([0.1234], device='cuda:0', grad_fn=<SelectBackward0>)
2025-07-09 19:51:37,300 INFO: pred: 0.1861559897661209
2025-07-09 19:51:37,679 INFO: [960/1600] Train_Loss_total: 4.8998 Test_Loss_total: 1.8524 Time: 1.4625s
2025-07-09 19:51:38,751 INFO: In epoch 961, pred_score1: tensor([0.6841], device='cuda:0', grad_fn=<SelectBackward0>), pred_score2: tensor([0.0730], device='cuda:0', grad_fn=<SelectBackward0>)
2025-07-09 19:51:38,751 INFO: pred: 0.160238578915596
2025-07-09 19:51:39,137 INFO: [961/1600] Train_Loss_total: 4.8992 Test_Loss_total: 1.7838 Time: 1.458s
2025-07-09 19:51:40,226 INFO: In epoch 962, pred_score1: tensor([0.3327], device='cuda:0', grad_fn=<SelectBackward0>), pred_score2: tensor([0.1586], device='cuda:0', grad_fn=<SelectBackward0>)
2025-07-09 19:51:40,227 INFO: pred: 0.1897374391555786
2025-07-09 19:51:40,601 INFO: [962/1600] Train_Loss_total: 4.8996 Test_Loss_total: 1.7771 Time: 1.4634s
2025-07-09 19:51:41,670 INFO: In epoch 963, pred_score1: tensor([0.4948], device='cuda:0', grad_fn=<SelectBackward0>), pred_score2: tensor([0.1140], device='cuda:0', grad_fn=<SelectBackward0>)
2025-07-09 19:51:41,671 INFO: pred: 0.20134685933589935
2025-07-09 19:51:42,043 INFO: [963/1600] Train_Loss_total: 4.8988 Test_Loss_total: 1.7799 Time: 1.442s
2025-07-09 19:51:43,127 INFO: In epoch 964, pred_score1: tensor([0.8977], device='cuda:0', grad_fn=<SelectBackward0>), pred_score2: tensor([0.1557], device='cuda:0', grad_fn=<SelectBackward0>)
2025-07-09 19:51:43,127 INFO: pred: 0.1807069033384323
2025-07-09 19:51:43,517 INFO: [964/1600] Train_Loss_total: 4.8981 Test_Loss_total: 1.7754 Time: 1.4737s
2025-07-09 19:51:44,971 INFO: In epoch 965, pred_score1: tensor([0.2087], device='cuda:0', grad_fn=<SelectBackward0>), pred_score2: tensor([0.1046], device='cuda:0', grad_fn=<SelectBackward0>)
2025-07-09 19:51:44,971 INFO: pred: 0.15342167019844055
2025-07-09 19:51:45,532 INFO: [965/1600] Train_Loss_total: 4.8976 Test_Loss_total: 1.7737 Time: 2.0148s
2025-07-09 19:51:46,744 INFO: In epoch 966, pred_score1: tensor([0.5313], device='cuda:0', grad_fn=<SelectBackward0>), pred_score2: tensor([0.1110], device='cuda:0', grad_fn=<SelectBackward0>)
2025-07-09 19:51:46,744 INFO: pred: 0.2862741947174072
2025-07-09 19:51:47,307 INFO: [966/1600] Train_Loss_total: 4.8976 Test_Loss_total: 1.7809 Time: 1.7742s
2025-07-09 19:51:48,370 INFO: In epoch 967, pred_score1: tensor([0.8983], device='cuda:0', grad_fn=<SelectBackward0>), pred_score2: tensor([0.1586], device='cuda:0', grad_fn=<SelectBackward0>)
2025-07-09 19:51:48,371 INFO: pred: 0.17731539905071259
2025-07-09 19:51:48,755 INFO: [967/1600] Train_Loss_total: 4.8972 Test_Loss_total: 1.811 Time: 1.4482s
2025-07-09 19:51:49,822 INFO: In epoch 968, pred_score1: tensor([0.2652], device='cuda:0', grad_fn=<SelectBackward0>), pred_score2: tensor([0.2597], device='cuda:0', grad_fn=<SelectBackward0>)
2025-07-09 19:51:49,822 INFO: pred: 0.18397431075572968
2025-07-09 19:51:50,200 INFO: [968/1600] Train_Loss_total: 4.8968 Test_Loss_total: 1.7795 Time: 1.4442s
2025-07-09 19:51:51,306 INFO: In epoch 969, pred_score1: tensor([0.1607], device='cuda:0', grad_fn=<SelectBackward0>), pred_score2: tensor([0.5491], device='cuda:0', grad_fn=<SelectBackward0>)
2025-07-09 19:51:51,306 INFO: pred: 0.1668885499238968
2025-07-09 19:51:51,701 INFO: [969/1600] Train_Loss_total: 4.8961 Test_Loss_total: 1.8006 Time: 1.5013s
2025-07-09 19:51:52,783 INFO: In epoch 970, pred_score1: tensor([0.3237], device='cuda:0', grad_fn=<SelectBackward0>), pred_score2: tensor([0.1630], device='cuda:0', grad_fn=<SelectBackward0>)
2025-07-09 19:51:52,783 INFO: pred: 0.20225517451763153
2025-07-09 19:51:53,159 INFO: [970/1600] Train_Loss_total: 4.8968 Test_Loss_total: 1.7829 Time: 1.4581s
2025-07-09 19:51:54,217 INFO: In epoch 971, pred_score1: tensor([0.3328], device='cuda:0', grad_fn=<SelectBackward0>), pred_score2: tensor([0.1592], device='cuda:0', grad_fn=<SelectBackward0>)
2025-07-09 19:51:54,218 INFO: pred: 0.18952450156211853
2025-07-09 19:51:54,585 INFO: [971/1600] Train_Loss_total: 4.8958 Test_Loss_total: 1.7848 Time: 1.4251s
2025-07-09 19:51:55,665 INFO: In epoch 972, pred_score1: tensor([0.1646], device='cuda:0', grad_fn=<SelectBackward0>), pred_score2: tensor([0.2053], device='cuda:0', grad_fn=<SelectBackward0>)
2025-07-09 19:51:55,665 INFO: pred: 0.19481733441352844
2025-07-09 19:51:56,146 INFO: [972/1600] Train_Loss_total: 4.8957 Test_Loss_total: 1.7756 Time: 1.561s
2025-07-09 19:51:57,662 INFO: In epoch 973, pred_score1: tensor([0.2179], device='cuda:0', grad_fn=<SelectBackward0>), pred_score2: tensor([0.4708], device='cuda:0', grad_fn=<SelectBackward0>)
2025-07-09 19:51:57,662 INFO: pred: 0.1294039487838745
2025-07-09 19:51:58,156 INFO: [973/1600] Train_Loss_total: 4.8951 Test_Loss_total: 1.8004 Time: 2.0094s
2025-07-09 19:51:59,225 INFO: In epoch 974, pred_score1: tensor([0.1504], device='cuda:0', grad_fn=<SelectBackward0>), pred_score2: tensor([0.1941], device='cuda:0', grad_fn=<SelectBackward0>)
2025-07-09 19:51:59,225 INFO: pred: 0.1783505529165268
2025-07-09 19:51:59,589 INFO: [974/1600] Train_Loss_total: 4.8945 Test_Loss_total: 1.7757 Time: 1.4325s
2025-07-09 19:52:00,703 INFO: In epoch 975, pred_score1: tensor([0.2032], device='cuda:0', grad_fn=<SelectBackward0>), pred_score2: tensor([0.1413], device='cuda:0', grad_fn=<SelectBackward0>)
2025-07-09 19:52:00,704 INFO: pred: 0.19038720428943634
2025-07-09 19:52:01,093 INFO: [975/1600] Train_Loss_total: 4.8943 Test_Loss_total: 1.7721 Time: 1.5036s
2025-07-09 19:52:02,162 INFO: In epoch 976, pred_score1: tensor([0.3006], device='cuda:0', grad_fn=<SelectBackward0>), pred_score2: tensor([0.2106], device='cuda:0', grad_fn=<SelectBackward0>)
2025-07-09 19:52:02,162 INFO: pred: 0.20463770627975464
2025-07-09 19:52:02,526 INFO: [976/1600] Train_Loss_total: 4.8941 Test_Loss_total: 1.7843 Time: 1.433s
2025-07-09 19:52:03,598 INFO: In epoch 977, pred_score1: tensor([0.5194], device='cuda:0', grad_fn=<SelectBackward0>), pred_score2: tensor([0.1121], device='cuda:0', grad_fn=<SelectBackward0>)
2025-07-09 19:52:03,598 INFO: pred: 0.28677091002464294
2025-07-09 19:52:03,984 INFO: [977/1600] Train_Loss_total: 4.8938 Test_Loss_total: 1.7867 Time: 1.4581s
2025-07-09 19:52:05,061 INFO: In epoch 978, pred_score1: tensor([0.2087], device='cuda:0', grad_fn=<SelectBackward0>), pred_score2: tensor([0.1113], device='cuda:0', grad_fn=<SelectBackward0>)
2025-07-09 19:52:05,061 INFO: pred: 0.22908009588718414
2025-07-09 19:52:05,429 INFO: [978/1600] Train_Loss_total: 4.8943 Test_Loss_total: 1.7744 Time: 1.4446s
2025-07-09 19:52:06,491 INFO: In epoch 979, pred_score1: tensor([0.2288], device='cuda:0', grad_fn=<SelectBackward0>), pred_score2: tensor([0.2229], device='cuda:0', grad_fn=<SelectBackward0>)
2025-07-09 19:52:06,491 INFO: pred: 0.1883646845817566
2025-07-09 19:52:06,865 INFO: [979/1600] Train_Loss_total: 4.8937 Test_Loss_total: 1.7724 Time: 1.4357s
2025-07-09 19:52:07,946 INFO: In epoch 980, pred_score1: tensor([0.1035], device='cuda:0', grad_fn=<SelectBackward0>), pred_score2: tensor([0.2243], device='cuda:0', grad_fn=<SelectBackward0>)
2025-07-09 19:52:07,946 INFO: pred: 0.19277921319007874
2025-07-09 19:52:08,496 INFO: [980/1600] Train_Loss_total: 4.8937 Test_Loss_total: 1.7772 Time: 1.6306s
2025-07-09 19:52:10,047 INFO: In epoch 981, pred_score1: tensor([0.1224], device='cuda:0', grad_fn=<SelectBackward0>), pred_score2: tensor([0.2217], device='cuda:0', grad_fn=<SelectBackward0>)
2025-07-09 19:52:10,047 INFO: pred: 0.1318942755460739
2025-07-09 19:52:10,425 INFO: [981/1600] Train_Loss_total: 4.8933 Test_Loss_total: 1.7788 Time: 1.9283s
2025-07-09 19:52:11,509 INFO: In epoch 982, pred_score1: tensor([0.3192], device='cuda:0', grad_fn=<SelectBackward0>), pred_score2: tensor([0.1810], device='cuda:0', grad_fn=<SelectBackward0>)
2025-07-09 19:52:11,510 INFO: pred: 0.23097653687000275
2025-07-09 19:52:11,875 INFO: [982/1600] Train_Loss_total: 4.8924 Test_Loss_total: 1.8068 Time: 1.4504s
2025-07-09 19:52:12,952 INFO: In epoch 983, pred_score1: tensor([0.1757], device='cuda:0', grad_fn=<SelectBackward0>), pred_score2: tensor([0.1580], device='cuda:0', grad_fn=<SelectBackward0>)
2025-07-09 19:52:12,952 INFO: pred: 0.18672406673431396
2025-07-09 19:52:13,327 INFO: [983/1600] Train_Loss_total: 4.8919 Test_Loss_total: 1.7793 Time: 1.4513s
2025-07-09 19:52:14,417 INFO: In epoch 984, pred_score1: tensor([0.3438], device='cuda:0', grad_fn=<SelectBackward0>), pred_score2: tensor([0.1648], device='cuda:0', grad_fn=<SelectBackward0>)
2025-07-09 19:52:14,418 INFO: pred: 0.20283234119415283
2025-07-09 19:52:14,802 INFO: [984/1600] Train_Loss_total: 4.8919 Test_Loss_total: 1.7743 Time: 1.4747s
2025-07-09 19:52:15,878 INFO: In epoch 985, pred_score1: tensor([0.2370], device='cuda:0', grad_fn=<SelectBackward0>), pred_score2: tensor([0.1913], device='cuda:0', grad_fn=<SelectBackward0>)
2025-07-09 19:52:15,878 INFO: pred: 0.1931348294019699
2025-07-09 19:52:16,289 INFO: [985/1600] Train_Loss_total: 4.8913 Test_Loss_total: 1.8111 Time: 1.4871s
2025-07-09 19:52:17,360 INFO: In epoch 986, pred_score1: tensor([0.2820], device='cuda:0', grad_fn=<SelectBackward0>), pred_score2: tensor([0.1454], device='cuda:0', grad_fn=<SelectBackward0>)
2025-07-09 19:52:17,360 INFO: pred: 0.1886347532272339
2025-07-09 19:52:17,739 INFO: [986/1600] Train_Loss_total: 4.8906 Test_Loss_total: 1.8075 Time: 1.4494s
2025-07-09 19:52:18,819 INFO: In epoch 987, pred_score1: tensor([0.2421], device='cuda:0', grad_fn=<SelectBackward0>), pred_score2: tensor([0.1684], device='cuda:0', grad_fn=<SelectBackward0>)
2025-07-09 19:52:18,819 INFO: pred: 0.18651904165744781
2025-07-09 19:52:19,195 INFO: [987/1600] Train_Loss_total: 4.8906 Test_Loss_total: 1.7897 Time: 1.4559s
2025-07-09 19:52:20,411 INFO: In epoch 988, pred_score1: tensor([0.2477], device='cuda:0', grad_fn=<SelectBackward0>), pred_score2: tensor([0.2044], device='cuda:0', grad_fn=<SelectBackward0>)
2025-07-09 19:52:20,411 INFO: pred: 0.18211564421653748
2025-07-09 19:52:20,938 INFO: [988/1600] Train_Loss_total: 4.8905 Test_Loss_total: 1.8032 Time: 1.7425s
2025-07-09 19:52:22,363 INFO: In epoch 989, pred_score1: tensor([0.6768], device='cuda:0', grad_fn=<SelectBackward0>), pred_score2: tensor([0.2307], device='cuda:0', grad_fn=<SelectBackward0>)
2025-07-09 19:52:22,363 INFO: pred: 0.1790117472410202
2025-07-09 19:52:22,743 INFO: [989/1600] Train_Loss_total: 4.8907 Test_Loss_total: 1.7759 Time: 1.8056s
2025-07-09 19:52:23,805 INFO: In epoch 990, pred_score1: tensor([0.1229], device='cuda:0', grad_fn=<SelectBackward0>), pred_score2: tensor([0.2215], device='cuda:0', grad_fn=<SelectBackward0>)
2025-07-09 19:52:23,805 INFO: pred: 0.1322009265422821
2025-07-09 19:52:24,182 INFO: [990/1600] Train_Loss_total: 4.8897 Test_Loss_total: 1.7681 Time: 1.4382s
2025-07-09 19:52:25,259 INFO: In epoch 991, pred_score1: tensor([0.1874], device='cuda:0', grad_fn=<SelectBackward0>), pred_score2: tensor([0.2744], device='cuda:0', grad_fn=<SelectBackward0>)
2025-07-09 19:52:25,260 INFO: pred: 0.08632484078407288
2025-07-09 19:52:25,819 INFO: [991/1600] Train_Loss_total: 4.8891 Test_Loss_total: 1.7805 Time: 1.6372s
2025-07-09 19:52:26,897 INFO: In epoch 992, pred_score1: tensor([0.4559], device='cuda:0', grad_fn=<SelectBackward0>), pred_score2: tensor([0.2659], device='cuda:0', grad_fn=<SelectBackward0>)
2025-07-09 19:52:26,897 INFO: pred: 0.17389477789402008
2025-07-09 19:52:27,269 INFO: [992/1600] Train_Loss_total: 4.8887 Test_Loss_total: 1.7853 Time: 1.4495s
2025-07-09 19:52:28,353 INFO: In epoch 993, pred_score1: tensor([0.2003], device='cuda:0', grad_fn=<SelectBackward0>), pred_score2: tensor([0.1521], device='cuda:0', grad_fn=<SelectBackward0>)
2025-07-09 19:52:28,354 INFO: pred: 0.20395028591156006
2025-07-09 19:52:28,732 INFO: [993/1600] Train_Loss_total: 4.8893 Test_Loss_total: 1.7731 Time: 1.4623s
2025-07-09 19:52:29,790 INFO: In epoch 994, pred_score1: tensor([0.2046], device='cuda:0', grad_fn=<SelectBackward0>), pred_score2: tensor([0.1189], device='cuda:0', grad_fn=<SelectBackward0>)
2025-07-09 19:52:29,790 INFO: pred: 0.21525324881076813
2025-07-09 19:52:30,179 INFO: [994/1600] Train_Loss_total: 4.8884 Test_Loss_total: 1.8115 Time: 1.4468s
2025-07-09 19:52:31,266 INFO: In epoch 995, pred_score1: tensor([0.1243], device='cuda:0', grad_fn=<SelectBackward0>), pred_score2: tensor([0.1465], device='cuda:0', grad_fn=<SelectBackward0>)
2025-07-09 19:52:31,266 INFO: pred: 0.19650563597679138
2025-07-09 19:52:31,637 INFO: [995/1600] Train_Loss_total: 4.8882 Test_Loss_total: 1.7857 Time: 1.4579s
2025-07-09 19:52:32,990 INFO: In epoch 996, pred_score1: tensor([0.3528], device='cuda:0', grad_fn=<SelectBackward0>), pred_score2: tensor([0.1745], device='cuda:0', grad_fn=<SelectBackward0>)
2025-07-09 19:52:32,990 INFO: pred: 0.17746640741825104
2025-07-09 19:52:33,503 INFO: [996/1600] Train_Loss_total: 4.8878 Test_Loss_total: 1.7784 Time: 1.8657s
2025-07-09 19:52:34,798 INFO: In epoch 997, pred_score1: tensor([0.2034], device='cuda:0', grad_fn=<SelectBackward0>), pred_score2: tensor([0.0757], device='cuda:0', grad_fn=<SelectBackward0>)
2025-07-09 19:52:34,799 INFO: pred: 0.166309654712677
2025-07-09 19:52:35,193 INFO: [997/1600] Train_Loss_total: 4.8872 Test_Loss_total: 1.779 Time: 1.69s
2025-07-09 19:52:36,262 INFO: In epoch 998, pred_score1: tensor([0.1190], device='cuda:0', grad_fn=<SelectBackward0>), pred_score2: tensor([0.1322], device='cuda:0', grad_fn=<SelectBackward0>)
2025-07-09 19:52:36,263 INFO: pred: 0.22293303906917572
2025-07-09 19:52:36,640 INFO: [998/1600] Train_Loss_total: 4.8874 Test_Loss_total: 1.7744 Time: 1.4463s
2025-07-09 19:52:37,745 INFO: In epoch 999, pred_score1: tensor([0.1650], device='cuda:0', grad_fn=<SelectBackward0>), pred_score2: tensor([0.1989], device='cuda:0', grad_fn=<SelectBackward0>)
2025-07-09 19:52:37,745 INFO: pred: 0.20769312977790833
2025-07-09 19:52:38,128 INFO: [999/1600] Train_Loss_total: 4.887 Test_Loss_total: 1.8118 Time: 1.488s
2025-07-09 19:52:39,197 INFO: In epoch 1000, pred_score1: tensor([0.1877], device='cuda:0', grad_fn=<SelectBackward0>), pred_score2: tensor([0.2323], device='cuda:0', grad_fn=<SelectBackward0>)
2025-07-09 19:52:39,197 INFO: pred: 0.17840589582920074
2025-07-09 19:52:39,576 INFO: [1000/1600] Train_Loss_total: 4.8868 Test_Loss_total: 1.7794 Time: 1.4472s
2025-07-09 19:52:40,661 INFO: In epoch 1001, pred_score1: tensor([0.1745], device='cuda:0', grad_fn=<SelectBackward0>), pred_score2: tensor([0.2721], device='cuda:0', grad_fn=<SelectBackward0>)
2025-07-09 19:52:40,661 INFO: pred: 0.19811837375164032
2025-07-09 19:52:41,040 INFO: [1001/1600] Train_Loss_total: 4.8865 Test_Loss_total: 1.7762 Time: 1.4642s
2025-07-09 19:52:42,103 INFO: In epoch 1002, pred_score1: tensor([0.6945], device='cuda:0', grad_fn=<SelectBackward0>), pred_score2: tensor([0.1225], device='cuda:0', grad_fn=<SelectBackward0>)
2025-07-09 19:52:42,103 INFO: pred: 0.1854916214942932
2025-07-09 19:52:42,491 INFO: [1002/1600] Train_Loss_total: 4.8862 Test_Loss_total: 1.7809 Time: 1.4506s
2025-07-09 19:52:43,584 INFO: In epoch 1003, pred_score1: tensor([0.2348], device='cuda:0', grad_fn=<SelectBackward0>), pred_score2: tensor([0.1001], device='cuda:0', grad_fn=<SelectBackward0>)
2025-07-09 19:52:43,584 INFO: pred: 0.20522084832191467
2025-07-09 19:52:43,970 INFO: [1003/1600] Train_Loss_total: 4.8858 Test_Loss_total: 1.7748 Time: 1.4785s
2025-07-09 19:52:45,422 INFO: In epoch 1004, pred_score1: tensor([0.1324], device='cuda:0', grad_fn=<SelectBackward0>), pred_score2: tensor([0.2028], device='cuda:0', grad_fn=<SelectBackward0>)
2025-07-09 19:52:45,423 INFO: pred: 0.17554311454296112
2025-07-09 19:52:46,008 INFO: [1004/1600] Train_Loss_total: 4.8852 Test_Loss_total: 1.7837 Time: 2.0383s
2025-07-09 19:52:47,176 INFO: In epoch 1005, pred_score1: tensor([0.1546], device='cuda:0', grad_fn=<SelectBackward0>), pred_score2: tensor([0.1116], device='cuda:0', grad_fn=<SelectBackward0>)
2025-07-09 19:52:47,176 INFO: pred: 0.1526307761669159
2025-07-09 19:52:47,537 INFO: [1005/1600] Train_Loss_total: 4.8853 Test_Loss_total: 1.8074 Time: 1.528s
2025-07-09 19:52:48,602 INFO: In epoch 1006, pred_score1: tensor([0.1564], device='cuda:0', grad_fn=<SelectBackward0>), pred_score2: tensor([0.1391], device='cuda:0', grad_fn=<SelectBackward0>)
2025-07-09 19:52:48,603 INFO: pred: 0.19957773387432098
2025-07-09 19:52:48,994 INFO: [1006/1600] Train_Loss_total: 4.8844 Test_Loss_total: 1.7783 Time: 1.4567s
2025-07-09 19:52:50,084 INFO: In epoch 1007, pred_score1: tensor([0.7294], device='cuda:0', grad_fn=<SelectBackward0>), pred_score2: tensor([0.0644], device='cuda:0', grad_fn=<SelectBackward0>)
2025-07-09 19:52:50,085 INFO: pred: 0.16830149292945862
2025-07-09 19:52:50,459 INFO: [1007/1600] Train_Loss_total: 4.8843 Test_Loss_total: 1.7889 Time: 1.4648s
2025-07-09 19:52:51,565 INFO: In epoch 1008, pred_score1: tensor([0.1609], device='cuda:0', grad_fn=<SelectBackward0>), pred_score2: tensor([0.1368], device='cuda:0', grad_fn=<SelectBackward0>)
2025-07-09 19:52:51,565 INFO: pred: 0.20079338550567627
2025-07-09 19:52:51,952 INFO: [1008/1600] Train_Loss_total: 4.8839 Test_Loss_total: 1.7758 Time: 1.4931s
2025-07-09 19:52:53,043 INFO: In epoch 1009, pred_score1: tensor([0.2577], device='cuda:0', grad_fn=<SelectBackward0>), pred_score2: tensor([0.1482], device='cuda:0', grad_fn=<SelectBackward0>)
2025-07-09 19:52:53,044 INFO: pred: 0.1752239316701889
2025-07-09 19:52:53,416 INFO: [1009/1600] Train_Loss_total: 4.8839 Test_Loss_total: 1.7763 Time: 1.4639s
2025-07-09 19:52:54,479 INFO: In epoch 1010, pred_score1: tensor([0.5157], device='cuda:0', grad_fn=<SelectBackward0>), pred_score2: tensor([0.0720], device='cuda:0', grad_fn=<SelectBackward0>)
2025-07-09 19:52:54,479 INFO: pred: 0.26929032802581787
2025-07-09 19:52:54,853 INFO: [1010/1600] Train_Loss_total: 4.8835 Test_Loss_total: 1.7742 Time: 1.4362s
2025-07-09 19:52:55,946 INFO: In epoch 1011, pred_score1: tensor([0.1339], device='cuda:0', grad_fn=<SelectBackward0>), pred_score2: tensor([0.1012], device='cuda:0', grad_fn=<SelectBackward0>)
2025-07-09 19:52:55,946 INFO: pred: 0.19073817133903503
2025-07-09 19:52:56,374 INFO: [1011/1600] Train_Loss_total: 4.8833 Test_Loss_total: 1.7813 Time: 1.5211s
2025-07-09 19:52:57,881 INFO: In epoch 1012, pred_score1: tensor([0.2304], device='cuda:0', grad_fn=<SelectBackward0>), pred_score2: tensor([0.1457], device='cuda:0', grad_fn=<SelectBackward0>)
2025-07-09 19:52:57,881 INFO: pred: 0.18179616332054138
2025-07-09 19:52:58,412 INFO: [1012/1600] Train_Loss_total: 4.8831 Test_Loss_total: 1.7748 Time: 2.0374s
2025-07-09 19:52:59,479 INFO: In epoch 1013, pred_score1: tensor([0.1693], device='cuda:0', grad_fn=<SelectBackward0>), pred_score2: tensor([0.1506], device='cuda:0', grad_fn=<SelectBackward0>)
2025-07-09 19:52:59,480 INFO: pred: 0.18815486133098602
2025-07-09 19:52:59,849 INFO: [1013/1600] Train_Loss_total: 4.8829 Test_Loss_total: 1.7733 Time: 1.4365s
2025-07-09 19:53:00,926 INFO: In epoch 1014, pred_score1: tensor([0.1528], device='cuda:0', grad_fn=<SelectBackward0>), pred_score2: tensor([0.1908], device='cuda:0', grad_fn=<SelectBackward0>)
2025-07-09 19:53:00,926 INFO: pred: 0.21425436437129974
2025-07-09 19:53:01,322 INFO: [1014/1600] Train_Loss_total: 4.8823 Test_Loss_total: 1.8163 Time: 1.4734s
2025-07-09 19:53:02,402 INFO: In epoch 1015, pred_score1: tensor([0.0889], device='cuda:0', grad_fn=<SelectBackward0>), pred_score2: tensor([0.1208], device='cuda:0', grad_fn=<SelectBackward0>)
2025-07-09 19:53:02,402 INFO: pred: 0.17169246077537537
2025-07-09 19:53:02,775 INFO: [1015/1600] Train_Loss_total: 4.8819 Test_Loss_total: 1.8096 Time: 1.4521s
2025-07-09 19:53:03,848 INFO: In epoch 1016, pred_score1: tensor([0.1433], device='cuda:0', grad_fn=<SelectBackward0>), pred_score2: tensor([0.1567], device='cuda:0', grad_fn=<SelectBackward0>)
2025-07-09 19:53:03,848 INFO: pred: 0.20614300668239594
2025-07-09 19:53:04,415 INFO: [1016/1600] Train_Loss_total: 4.8819 Test_Loss_total: 1.7822 Time: 1.6405s
2025-07-09 19:53:05,556 INFO: In epoch 1017, pred_score1: tensor([0.1950], device='cuda:0', grad_fn=<SelectBackward0>), pred_score2: tensor([0.1537], device='cuda:0', grad_fn=<SelectBackward0>)
2025-07-09 19:53:05,556 INFO: pred: 0.1696344017982483
2025-07-09 19:53:05,937 INFO: [1017/1600] Train_Loss_total: 4.8814 Test_Loss_total: 1.777 Time: 1.5212s
2025-07-09 19:53:06,995 INFO: In epoch 1018, pred_score1: tensor([0.2062], device='cuda:0', grad_fn=<SelectBackward0>), pred_score2: tensor([0.4480], device='cuda:0', grad_fn=<SelectBackward0>)
2025-07-09 19:53:06,995 INFO: pred: 0.12948867678642273
2025-07-09 19:53:07,379 INFO: [1018/1600] Train_Loss_total: 4.8818 Test_Loss_total: 1.8277 Time: 1.4416s
2025-07-09 19:53:08,556 INFO: In epoch 1019, pred_score1: tensor([0.1653], device='cuda:0', grad_fn=<SelectBackward0>), pred_score2: tensor([0.1820], device='cuda:0', grad_fn=<SelectBackward0>)
2025-07-09 19:53:08,557 INFO: pred: 0.19478727877140045
2025-07-09 19:53:09,088 INFO: [1019/1600] Train_Loss_total: 4.8804 Test_Loss_total: 1.7746 Time: 1.7093s
2025-07-09 19:53:10,566 INFO: In epoch 1020, pred_score1: tensor([0.1658], device='cuda:0', grad_fn=<SelectBackward0>), pred_score2: tensor([0.2278], device='cuda:0', grad_fn=<SelectBackward0>)
2025-07-09 19:53:10,566 INFO: pred: 0.18087567389011383
2025-07-09 19:53:10,956 INFO: [1020/1600] Train_Loss_total: 4.8802 Test_Loss_total: 1.7868 Time: 1.8675s
2025-07-09 19:53:12,033 INFO: In epoch 1021, pred_score1: tensor([0.1233], device='cuda:0', grad_fn=<SelectBackward0>), pred_score2: tensor([0.1466], device='cuda:0', grad_fn=<SelectBackward0>)
2025-07-09 19:53:12,033 INFO: pred: 0.19710645079612732
2025-07-09 19:53:12,398 INFO: [1021/1600] Train_Loss_total: 4.8803 Test_Loss_total: 1.789 Time: 1.4416s
2025-07-09 19:53:13,469 INFO: In epoch 1022, pred_score1: tensor([0.1693], device='cuda:0', grad_fn=<SelectBackward0>), pred_score2: tensor([0.2248], device='cuda:0', grad_fn=<SelectBackward0>)
2025-07-09 19:53:13,470 INFO: pred: 0.184610053896904
2025-07-09 19:53:13,861 INFO: [1022/1600] Train_Loss_total: 4.8798 Test_Loss_total: 1.7774 Time: 1.4627s
2025-07-09 19:53:14,938 INFO: In epoch 1023, pred_score1: tensor([0.1105], device='cuda:0', grad_fn=<SelectBackward0>), pred_score2: tensor([0.1185], device='cuda:0', grad_fn=<SelectBackward0>)
2025-07-09 19:53:14,938 INFO: pred: 0.22431212663650513
2025-07-09 19:53:15,312 INFO: [1023/1600] Train_Loss_total: 4.8793 Test_Loss_total: 1.7717 Time: 1.4514s
2025-07-09 19:53:16,418 INFO: In epoch 1024, pred_score1: tensor([0.5612], device='cuda:0', grad_fn=<SelectBackward0>), pred_score2: tensor([0.1265], device='cuda:0', grad_fn=<SelectBackward0>)
2025-07-09 19:53:16,418 INFO: pred: 0.27843454480171204
2025-07-09 19:53:16,812 INFO: [1024/1600] Train_Loss_total: 4.8792 Test_Loss_total: 1.7725 Time: 1.4989s
2025-07-09 19:53:17,885 INFO: In epoch 1025, pred_score1: tensor([0.2260], device='cuda:0', grad_fn=<SelectBackward0>), pred_score2: tensor([0.2157], device='cuda:0', grad_fn=<SelectBackward0>)
2025-07-09 19:53:17,886 INFO: pred: 0.16549751162528992
2025-07-09 19:53:18,261 INFO: [1025/1600] Train_Loss_total: 4.8793 Test_Loss_total: 1.7776 Time: 1.449s
2025-07-09 19:53:19,327 INFO: In epoch 1026, pred_score1: tensor([0.0720], device='cuda:0', grad_fn=<SelectBackward0>), pred_score2: tensor([0.2091], device='cuda:0', grad_fn=<SelectBackward0>)
2025-07-09 19:53:19,327 INFO: pred: 0.1759919375181198
2025-07-09 19:53:19,707 INFO: [1026/1600] Train_Loss_total: 4.879 Test_Loss_total: 1.7728 Time: 1.4457s
2025-07-09 19:53:20,994 INFO: In epoch 1027, pred_score1: tensor([0.9600], device='cuda:0', grad_fn=<SelectBackward0>), pred_score2: tensor([0.0646], device='cuda:0', grad_fn=<SelectBackward0>)
2025-07-09 19:53:20,994 INFO: pred: 0.16960829496383667
2025-07-09 19:53:21,503 INFO: [1027/1600] Train_Loss_total: 4.8786 Test_Loss_total: 1.7707 Time: 1.7956s
2025-07-09 19:53:22,882 INFO: In epoch 1028, pred_score1: tensor([0.2190], device='cuda:0', grad_fn=<SelectBackward0>), pred_score2: tensor([0.2433], device='cuda:0', grad_fn=<SelectBackward0>)
2025-07-09 19:53:22,882 INFO: pred: 0.19164828956127167
2025-07-09 19:53:23,279 INFO: [1028/1600] Train_Loss_total: 4.879 Test_Loss_total: 1.7868 Time: 1.7757s
2025-07-09 19:53:24,358 INFO: In epoch 1029, pred_score1: tensor([0.2068], device='cuda:0', grad_fn=<SelectBackward0>), pred_score2: tensor([0.1979], device='cuda:0', grad_fn=<SelectBackward0>)
2025-07-09 19:53:24,358 INFO: pred: 0.1959313154220581
2025-07-09 19:53:24,733 INFO: [1029/1600] Train_Loss_total: 4.8781 Test_Loss_total: 1.7817 Time: 1.454s
2025-07-09 19:53:25,832 INFO: In epoch 1030, pred_score1: tensor([0.2751], device='cuda:0', grad_fn=<SelectBackward0>), pred_score2: tensor([0.2859], device='cuda:0', grad_fn=<SelectBackward0>)
2025-07-09 19:53:25,832 INFO: pred: 0.1787199229001999
2025-07-09 19:53:26,233 INFO: [1030/1600] Train_Loss_total: 4.8772 Test_Loss_total: 1.7751 Time: 1.5002s
2025-07-09 19:53:27,292 INFO: In epoch 1031, pred_score1: tensor([0.1805], device='cuda:0', grad_fn=<SelectBackward0>), pred_score2: tensor([0.2261], device='cuda:0', grad_fn=<SelectBackward0>)
2025-07-09 19:53:27,292 INFO: pred: 0.18035294115543365
2025-07-09 19:53:27,657 INFO: [1031/1600] Train_Loss_total: 4.8768 Test_Loss_total: 1.7774 Time: 1.4237s
2025-07-09 19:53:28,711 INFO: In epoch 1032, pred_score1: tensor([0.1441], device='cuda:0', grad_fn=<SelectBackward0>), pred_score2: tensor([0.1270], device='cuda:0', grad_fn=<SelectBackward0>)
2025-07-09 19:53:28,711 INFO: pred: 0.24275583028793335
2025-07-09 19:53:29,082 INFO: [1032/1600] Train_Loss_total: 4.8766 Test_Loss_total: 1.7728 Time: 1.4242s
2025-07-09 19:53:30,140 INFO: In epoch 1033, pred_score1: tensor([0.1494], device='cuda:0', grad_fn=<SelectBackward0>), pred_score2: tensor([0.1340], device='cuda:0', grad_fn=<SelectBackward0>)
2025-07-09 19:53:30,140 INFO: pred: 0.20094189047813416
2025-07-09 19:53:30,519 INFO: [1033/1600] Train_Loss_total: 4.8763 Test_Loss_total: 1.7773 Time: 1.437s
2025-07-09 19:53:31,605 INFO: In epoch 1034, pred_score1: tensor([0.1799], device='cuda:0', grad_fn=<SelectBackward0>), pred_score2: tensor([0.1377], device='cuda:0', grad_fn=<SelectBackward0>)
2025-07-09 19:53:31,605 INFO: pred: 0.18392948806285858
2025-07-09 19:53:31,985 INFO: [1034/1600] Train_Loss_total: 4.876 Test_Loss_total: 1.7735 Time: 1.4661s
2025-07-09 19:53:33,337 INFO: In epoch 1035, pred_score1: tensor([0.1802], device='cuda:0', grad_fn=<SelectBackward0>), pred_score2: tensor([0.1856], device='cuda:0', grad_fn=<SelectBackward0>)
2025-07-09 19:53:33,337 INFO: pred: 0.19118286669254303
2025-07-09 19:53:33,847 INFO: [1035/1600] Train_Loss_total: 4.8763 Test_Loss_total: 1.8204 Time: 1.8609s
2025-07-09 19:53:35,160 INFO: In epoch 1036, pred_score1: tensor([0.1967], device='cuda:0', grad_fn=<SelectBackward0>), pred_score2: tensor([0.1320], device='cuda:0', grad_fn=<SelectBackward0>)
2025-07-09 19:53:35,160 INFO: pred: 0.17813707888126373
2025-07-09 19:53:35,544 INFO: [1036/1600] Train_Loss_total: 4.876 Test_Loss_total: 1.7783 Time: 1.6971s
2025-07-09 19:53:36,620 INFO: In epoch 1037, pred_score1: tensor([0.1078], device='cuda:0', grad_fn=<SelectBackward0>), pred_score2: tensor([0.1915], device='cuda:0', grad_fn=<SelectBackward0>)
2025-07-09 19:53:36,620 INFO: pred: 0.15909990668296814
2025-07-09 19:53:36,989 INFO: [1037/1600] Train_Loss_total: 4.8752 Test_Loss_total: 1.78 Time: 1.4451s
2025-07-09 19:53:38,070 INFO: In epoch 1038, pred_score1: tensor([0.1775], device='cuda:0', grad_fn=<SelectBackward0>), pred_score2: tensor([0.1650], device='cuda:0', grad_fn=<SelectBackward0>)
2025-07-09 19:53:38,071 INFO: pred: 0.22334663569927216
2025-07-09 19:53:38,440 INFO: [1038/1600] Train_Loss_total: 4.8754 Test_Loss_total: 1.7819 Time: 1.4503s
2025-07-09 19:53:39,524 INFO: In epoch 1039, pred_score1: tensor([0.1061], device='cuda:0', grad_fn=<SelectBackward0>), pred_score2: tensor([0.1257], device='cuda:0', grad_fn=<SelectBackward0>)
2025-07-09 19:53:39,524 INFO: pred: 0.22420725226402283
2025-07-09 19:53:39,914 INFO: [1039/1600] Train_Loss_total: 4.8744 Test_Loss_total: 1.779 Time: 1.4742s
2025-07-09 19:53:40,990 INFO: In epoch 1040, pred_score1: tensor([0.1517], device='cuda:0', grad_fn=<SelectBackward0>), pred_score2: tensor([0.0942], device='cuda:0', grad_fn=<SelectBackward0>)
2025-07-09 19:53:40,990 INFO: pred: 0.18149766325950623
2025-07-09 19:53:41,368 INFO: [1040/1600] Train_Loss_total: 4.8744 Test_Loss_total: 1.7763 Time: 1.4538s
2025-07-09 19:53:42,447 INFO: In epoch 1041, pred_score1: tensor([0.5163], device='cuda:0', grad_fn=<SelectBackward0>), pred_score2: tensor([0.1067], device='cuda:0', grad_fn=<SelectBackward0>)
2025-07-09 19:53:42,447 INFO: pred: 0.29070520401000977
2025-07-09 19:53:43,022 INFO: [1041/1600] Train_Loss_total: 4.874 Test_Loss_total: 1.7785 Time: 1.6538s
2025-07-09 19:53:44,097 INFO: In epoch 1042, pred_score1: tensor([0.2674], device='cuda:0', grad_fn=<SelectBackward0>), pred_score2: tensor([0.1249], device='cuda:0', grad_fn=<SelectBackward0>)
2025-07-09 19:53:44,097 INFO: pred: 0.19605793058872223
2025-07-09 19:53:44,468 INFO: [1042/1600] Train_Loss_total: 4.8736 Test_Loss_total: 1.8066 Time: 1.4448s
2025-07-09 19:53:45,992 INFO: In epoch 1043, pred_score1: tensor([0.1999], device='cuda:0', grad_fn=<SelectBackward0>), pred_score2: tensor([0.1544], device='cuda:0', grad_fn=<SelectBackward0>)
2025-07-09 19:53:45,994 INFO: pred: 0.19044141471385956
2025-07-09 19:53:46,578 INFO: [1043/1600] Train_Loss_total: 4.874 Test_Loss_total: 1.7793 Time: 2.1103s
2025-07-09 19:53:47,673 INFO: In epoch 1044, pred_score1: tensor([0.2607], device='cuda:0', grad_fn=<SelectBackward0>), pred_score2: tensor([0.2415], device='cuda:0', grad_fn=<SelectBackward0>)
2025-07-09 19:53:47,673 INFO: pred: 0.18857409060001373
2025-07-09 19:53:48,063 INFO: [1044/1600] Train_Loss_total: 4.8733 Test_Loss_total: 1.7941 Time: 1.4848s
2025-07-09 19:53:49,135 INFO: In epoch 1045, pred_score1: tensor([0.1628], device='cuda:0', grad_fn=<SelectBackward0>), pred_score2: tensor([0.2098], device='cuda:0', grad_fn=<SelectBackward0>)
2025-07-09 19:53:49,135 INFO: pred: 0.2065379023551941
2025-07-09 19:53:49,507 INFO: [1045/1600] Train_Loss_total: 4.8728 Test_Loss_total: 1.7744 Time: 1.4432s
2025-07-09 19:53:50,595 INFO: In epoch 1046, pred_score1: tensor([0.3088], device='cuda:0', grad_fn=<SelectBackward0>), pred_score2: tensor([0.0980], device='cuda:0', grad_fn=<SelectBackward0>)
2025-07-09 19:53:50,595 INFO: pred: 0.18449565768241882
2025-07-09 19:53:51,005 INFO: [1046/1600] Train_Loss_total: 4.873 Test_Loss_total: 1.7729 Time: 1.4983s
2025-07-09 19:53:52,064 INFO: In epoch 1047, pred_score1: tensor([0.3069], device='cuda:0', grad_fn=<SelectBackward0>), pred_score2: tensor([0.0990], device='cuda:0', grad_fn=<SelectBackward0>)
2025-07-09 19:53:52,064 INFO: pred: 0.18416160345077515
2025-07-09 19:53:52,433 INFO: [1047/1600] Train_Loss_total: 4.8724 Test_Loss_total: 1.796 Time: 1.4275s
2025-07-09 19:53:53,518 INFO: In epoch 1048, pred_score1: tensor([0.1574], device='cuda:0', grad_fn=<SelectBackward0>), pred_score2: tensor([0.1896], device='cuda:0', grad_fn=<SelectBackward0>)
2025-07-09 19:53:53,518 INFO: pred: 0.21495789289474487
2025-07-09 19:53:53,892 INFO: [1048/1600] Train_Loss_total: 4.8724 Test_Loss_total: 1.7826 Time: 1.4584s
2025-07-09 19:53:54,966 INFO: In epoch 1049, pred_score1: tensor([0.1381], device='cuda:0', grad_fn=<SelectBackward0>), pred_score2: tensor([0.1879], device='cuda:0', grad_fn=<SelectBackward0>)
2025-07-09 19:53:54,966 INFO: pred: 0.21852655708789825
2025-07-09 19:53:55,348 INFO: [1049/1600] Train_Loss_total: 4.872 Test_Loss_total: 1.7796 Time: 1.4563s
2025-07-09 19:53:56,436 INFO: In epoch 1050, pred_score1: tensor([0.1634], device='cuda:0', grad_fn=<SelectBackward0>), pred_score2: tensor([0.1321], device='cuda:0', grad_fn=<SelectBackward0>)
2025-07-09 19:53:56,437 INFO: pred: 0.1846856027841568
2025-07-09 19:53:56,923 INFO: [1050/1600] Train_Loss_total: 4.8712 Test_Loss_total: 1.7794 Time: 1.5739s
2025-07-09 19:53:58,481 INFO: In epoch 1051, pred_score1: tensor([0.2944], device='cuda:0', grad_fn=<SelectBackward0>), pred_score2: tensor([0.1015], device='cuda:0', grad_fn=<SelectBackward0>)
2025-07-09 19:53:58,481 INFO: pred: 0.1933317482471466
2025-07-09 19:53:58,933 INFO: [1051/1600] Train_Loss_total: 4.8709 Test_Loss_total: 1.7901 Time: 2.0105s
2025-07-09 19:54:00,014 INFO: In epoch 1052, pred_score1: tensor([0.3472], device='cuda:0', grad_fn=<SelectBackward0>), pred_score2: tensor([0.1640], device='cuda:0', grad_fn=<SelectBackward0>)
2025-07-09 19:54:00,015 INFO: pred: 0.19499856233596802
2025-07-09 19:54:00,409 INFO: [1052/1600] Train_Loss_total: 4.8705 Test_Loss_total: 1.7729 Time: 1.4755s
2025-07-09 19:54:01,492 INFO: In epoch 1053, pred_score1: tensor([0.2020], device='cuda:0', grad_fn=<SelectBackward0>), pred_score2: tensor([0.1402], device='cuda:0', grad_fn=<SelectBackward0>)
2025-07-09 19:54:01,492 INFO: pred: 0.16554531455039978
2025-07-09 19:54:01,861 INFO: [1053/1600] Train_Loss_total: 4.8708 Test_Loss_total: 1.7836 Time: 1.4518s
2025-07-09 19:54:02,937 INFO: In epoch 1054, pred_score1: tensor([0.1443], device='cuda:0', grad_fn=<SelectBackward0>), pred_score2: tensor([0.1028], device='cuda:0', grad_fn=<SelectBackward0>)
2025-07-09 19:54:02,937 INFO: pred: 0.2002192735671997
2025-07-09 19:54:03,317 INFO: [1054/1600] Train_Loss_total: 4.8706 Test_Loss_total: 1.7709 Time: 1.456s
2025-07-09 19:54:04,398 INFO: In epoch 1055, pred_score1: tensor([0.1211], device='cuda:0', grad_fn=<SelectBackward0>), pred_score2: tensor([0.2402], device='cuda:0', grad_fn=<SelectBackward0>)
2025-07-09 19:54:04,399 INFO: pred: 0.17235592007637024
2025-07-09 19:54:04,773 INFO: [1055/1600] Train_Loss_total: 4.871 Test_Loss_total: 1.7798 Time: 1.4549s
2025-07-09 19:54:05,838 INFO: In epoch 1056, pred_score1: tensor([0.2266], device='cuda:0', grad_fn=<SelectBackward0>), pred_score2: tensor([0.2126], device='cuda:0', grad_fn=<SelectBackward0>)
2025-07-09 19:54:05,838 INFO: pred: 0.1693262755870819
2025-07-09 19:54:06,220 INFO: [1056/1600] Train_Loss_total: 4.8698 Test_Loss_total: 1.7784 Time: 1.4467s
2025-07-09 19:54:07,279 INFO: In epoch 1057, pred_score1: tensor([0.2003], device='cuda:0', grad_fn=<SelectBackward0>), pred_score2: tensor([0.1373], device='cuda:0', grad_fn=<SelectBackward0>)
2025-07-09 19:54:07,279 INFO: pred: 0.17910341918468475
2025-07-09 19:54:07,658 INFO: [1057/1600] Train_Loss_total: 4.87 Test_Loss_total: 1.7863 Time: 1.4381s
2025-07-09 19:54:08,787 INFO: In epoch 1058, pred_score1: tensor([0.2993], device='cuda:0', grad_fn=<SelectBackward0>), pred_score2: tensor([0.1851], device='cuda:0', grad_fn=<SelectBackward0>)
2025-07-09 19:54:08,787 INFO: pred: 0.23454728722572327
2025-07-09 19:54:09,332 INFO: [1058/1600] Train_Loss_total: 4.869 Test_Loss_total: 1.7764 Time: 1.6733s
2025-07-09 19:54:10,834 INFO: In epoch 1059, pred_score1: tensor([0.2133], device='cuda:0', grad_fn=<SelectBackward0>), pred_score2: tensor([0.1454], device='cuda:0', grad_fn=<SelectBackward0>)
2025-07-09 19:54:10,834 INFO: pred: 0.18277551233768463
2025-07-09 19:54:11,210 INFO: [1059/1600] Train_Loss_total: 4.8688 Test_Loss_total: 1.8073 Time: 1.8777s
2025-07-09 19:54:12,279 INFO: In epoch 1060, pred_score1: tensor([0.1597], device='cuda:0', grad_fn=<SelectBackward0>), pred_score2: tensor([0.2212], device='cuda:0', grad_fn=<SelectBackward0>)
2025-07-09 19:54:12,279 INFO: pred: 0.20036311447620392
2025-07-09 19:54:12,646 INFO: [1060/1600] Train_Loss_total: 4.8692 Test_Loss_total: 1.7821 Time: 1.4357s
2025-07-09 19:54:13,719 INFO: In epoch 1061, pred_score1: tensor([0.1614], device='cuda:0', grad_fn=<SelectBackward0>), pred_score2: tensor([0.2146], device='cuda:0', grad_fn=<SelectBackward0>)
2025-07-09 19:54:13,719 INFO: pred: 0.18735992908477783
2025-07-09 19:54:14,109 INFO: [1061/1600] Train_Loss_total: 4.8685 Test_Loss_total: 1.7763 Time: 1.463s
2025-07-09 19:54:15,175 INFO: In epoch 1062, pred_score1: tensor([0.1760], device='cuda:0', grad_fn=<SelectBackward0>), pred_score2: tensor([0.1479], device='cuda:0', grad_fn=<SelectBackward0>)
2025-07-09 19:54:15,175 INFO: pred: 0.17935419082641602
2025-07-09 19:54:15,548 INFO: [1062/1600] Train_Loss_total: 4.8677 Test_Loss_total: 1.8036 Time: 1.4391s
2025-07-09 19:54:16,650 INFO: In epoch 1063, pred_score1: tensor([0.1867], device='cuda:0', grad_fn=<SelectBackward0>), pred_score2: tensor([0.1532], device='cuda:0', grad_fn=<SelectBackward0>)
2025-07-09 19:54:16,650 INFO: pred: 0.1731637716293335
2025-07-09 19:54:17,053 INFO: [1063/1600] Train_Loss_total: 4.8679 Test_Loss_total: 1.802 Time: 1.5042s
2025-07-09 19:54:18,149 INFO: In epoch 1064, pred_score1: tensor([0.1958], device='cuda:0', grad_fn=<SelectBackward0>), pred_score2: tensor([0.1736], device='cuda:0', grad_fn=<SelectBackward0>)
2025-07-09 19:54:18,149 INFO: pred: 0.1963118463754654
2025-07-09 19:54:18,522 INFO: [1064/1600] Train_Loss_total: 4.8676 Test_Loss_total: 1.7744 Time: 1.4689s
2025-07-09 19:54:19,598 INFO: In epoch 1065, pred_score1: tensor([0.0700], device='cuda:0', grad_fn=<SelectBackward0>), pred_score2: tensor([0.2012], device='cuda:0', grad_fn=<SelectBackward0>)
2025-07-09 19:54:19,598 INFO: pred: 0.17465394735336304
2025-07-09 19:54:19,970 INFO: [1065/1600] Train_Loss_total: 4.8669 Test_Loss_total: 1.7696 Time: 1.4484s
2025-07-09 19:54:21,264 INFO: In epoch 1066, pred_score1: tensor([0.2361], device='cuda:0', grad_fn=<SelectBackward0>), pred_score2: tensor([0.1957], device='cuda:0', grad_fn=<SelectBackward0>)
2025-07-09 19:54:21,264 INFO: pred: 0.18502183258533478
2025-07-09 19:54:22,016 INFO: [1066/1600] Train_Loss_total: 4.8668 Test_Loss_total: 1.7796 Time: 2.0452s
2025-07-09 19:54:23,334 INFO: In epoch 1067, pred_score1: tensor([0.0463], device='cuda:0', grad_fn=<SelectBackward0>), pred_score2: tensor([0.2188], device='cuda:0', grad_fn=<SelectBackward0>)
2025-07-09 19:54:23,335 INFO: pred: 0.14344903826713562
2025-07-09 19:54:23,718 INFO: [1067/1600] Train_Loss_total: 4.8662 Test_Loss_total: 1.7784 Time: 1.7018s
2025-07-09 19:54:24,795 INFO: In epoch 1068, pred_score1: tensor([0.2435], device='cuda:0', grad_fn=<SelectBackward0>), pred_score2: tensor([0.1738], device='cuda:0', grad_fn=<SelectBackward0>)
2025-07-09 19:54:24,795 INFO: pred: 0.196923166513443
2025-07-09 19:54:25,172 INFO: [1068/1600] Train_Loss_total: 4.8664 Test_Loss_total: 1.7908 Time: 1.4538s
2025-07-09 19:54:26,310 INFO: In epoch 1069, pred_score1: tensor([0.2394], device='cuda:0', grad_fn=<SelectBackward0>), pred_score2: tensor([0.1964], device='cuda:0', grad_fn=<SelectBackward0>)
2025-07-09 19:54:26,310 INFO: pred: 0.20359908044338226
2025-07-09 19:54:26,703 INFO: [1069/1600] Train_Loss_total: 4.8663 Test_Loss_total: 1.7811 Time: 1.5303s
2025-07-09 19:54:27,780 INFO: In epoch 1070, pred_score1: tensor([0.2674], device='cuda:0', grad_fn=<SelectBackward0>), pred_score2: tensor([0.2013], device='cuda:0', grad_fn=<SelectBackward0>)
2025-07-09 19:54:27,780 INFO: pred: 0.17798803746700287
2025-07-09 19:54:28,159 INFO: [1070/1600] Train_Loss_total: 4.8653 Test_Loss_total: 1.7753 Time: 1.4565s
2025-07-09 19:54:29,226 INFO: In epoch 1071, pred_score1: tensor([0.1922], device='cuda:0', grad_fn=<SelectBackward0>), pred_score2: tensor([0.1958], device='cuda:0', grad_fn=<SelectBackward0>)
2025-07-09 19:54:29,226 INFO: pred: 0.19505663216114044
2025-07-09 19:54:29,620 INFO: [1071/1600] Train_Loss_total: 4.8651 Test_Loss_total: 1.7808 Time: 1.4606s
2025-07-09 19:54:30,693 INFO: In epoch 1072, pred_score1: tensor([0.0646], device='cuda:0', grad_fn=<SelectBackward0>), pred_score2: tensor([0.1299], device='cuda:0', grad_fn=<SelectBackward0>)
2025-07-09 19:54:30,694 INFO: pred: 0.1863153725862503
2025-07-09 19:54:31,075 INFO: [1072/1600] Train_Loss_total: 4.8648 Test_Loss_total: 1.7793 Time: 1.4544s
2025-07-09 19:54:32,171 INFO: In epoch 1073, pred_score1: tensor([0.7320], device='cuda:0', grad_fn=<SelectBackward0>), pred_score2: tensor([0.0959], device='cuda:0', grad_fn=<SelectBackward0>)
2025-07-09 19:54:32,171 INFO: pred: 0.20325985550880432
2025-07-09 19:54:32,556 INFO: [1073/1600] Train_Loss_total: 4.8648 Test_Loss_total: 1.7821 Time: 1.481s
2025-07-09 19:54:34,022 INFO: In epoch 1074, pred_score1: tensor([0.5836], device='cuda:0', grad_fn=<SelectBackward0>), pred_score2: tensor([0.2135], device='cuda:0', grad_fn=<SelectBackward0>)
2025-07-09 19:54:34,022 INFO: pred: 0.18061242997646332
2025-07-09 19:54:34,591 INFO: [1074/1600] Train_Loss_total: 4.865 Test_Loss_total: 1.7922 Time: 2.0348s
2025-07-09 19:54:35,735 INFO: In epoch 1075, pred_score1: tensor([0.2973], device='cuda:0', grad_fn=<SelectBackward0>), pred_score2: tensor([0.1020], device='cuda:0', grad_fn=<SelectBackward0>)
2025-07-09 19:54:35,735 INFO: pred: 0.19517970085144043
2025-07-09 19:54:36,116 INFO: [1075/1600] Train_Loss_total: 4.8641 Test_Loss_total: 1.7814 Time: 1.5245s
2025-07-09 19:54:37,190 INFO: In epoch 1076, pred_score1: tensor([0.2297], device='cuda:0', grad_fn=<SelectBackward0>), pred_score2: tensor([0.2227], device='cuda:0', grad_fn=<SelectBackward0>)
2025-07-09 19:54:37,190 INFO: pred: 0.1096687912940979
2025-07-09 19:54:37,563 INFO: [1076/1600] Train_Loss_total: 4.8641 Test_Loss_total: 1.8137 Time: 1.4466s
2025-07-09 19:54:38,632 INFO: In epoch 1077, pred_score1: tensor([0.1318], device='cuda:0', grad_fn=<SelectBackward0>), pred_score2: tensor([0.1667], device='cuda:0', grad_fn=<SelectBackward0>)
2025-07-09 19:54:38,632 INFO: pred: 0.18850043416023254
2025-07-09 19:54:39,025 INFO: [1077/1600] Train_Loss_total: 4.8632 Test_Loss_total: 1.7795 Time: 1.4614s
2025-07-09 19:54:40,089 INFO: In epoch 1078, pred_score1: tensor([0.1513], device='cuda:0', grad_fn=<SelectBackward0>), pred_score2: tensor([0.1039], device='cuda:0', grad_fn=<SelectBackward0>)
2025-07-09 19:54:40,090 INFO: pred: 0.16028156876564026
2025-07-09 19:54:40,454 INFO: [1078/1600] Train_Loss_total: 4.8633 Test_Loss_total: 1.7738 Time: 1.4292s
2025-07-09 19:54:41,529 INFO: In epoch 1079, pred_score1: tensor([0.9843], device='cuda:0', grad_fn=<SelectBackward0>), pred_score2: tensor([0.1664], device='cuda:0', grad_fn=<SelectBackward0>)
2025-07-09 19:54:41,529 INFO: pred: 0.17589198052883148
2025-07-09 19:54:41,920 INFO: [1079/1600] Train_Loss_total: 4.863 Test_Loss_total: 1.7769 Time: 1.4658s
2025-07-09 19:54:42,997 INFO: In epoch 1080, pred_score1: tensor([0.1413], device='cuda:0', grad_fn=<SelectBackward0>), pred_score2: tensor([0.1472], device='cuda:0', grad_fn=<SelectBackward0>)
2025-07-09 19:54:42,997 INFO: pred: 0.19355043768882751
2025-07-09 19:54:43,372 INFO: [1080/1600] Train_Loss_total: 4.8626 Test_Loss_total: 1.777 Time: 1.4521s
2025-07-09 19:54:44,464 INFO: In epoch 1081, pred_score1: tensor([0.1059], device='cuda:0', grad_fn=<SelectBackward0>), pred_score2: tensor([0.1911], device='cuda:0', grad_fn=<SelectBackward0>)
2025-07-09 19:54:44,464 INFO: pred: 0.20046037435531616
2025-07-09 19:54:44,894 INFO: [1081/1600] Train_Loss_total: 4.8626 Test_Loss_total: 1.7755 Time: 1.5216s
2025-07-09 19:54:46,412 INFO: In epoch 1082, pred_score1: tensor([0.2069], device='cuda:0', grad_fn=<SelectBackward0>), pred_score2: tensor([0.2275], device='cuda:0', grad_fn=<SelectBackward0>)
2025-07-09 19:54:46,413 INFO: pred: 0.10725681483745575
2025-07-09 19:54:46,977 INFO: [1082/1600] Train_Loss_total: 4.8621 Test_Loss_total: 1.7743 Time: 2.0829s
2025-07-09 19:54:48,069 INFO: In epoch 1083, pred_score1: tensor([0.2199], device='cuda:0', grad_fn=<SelectBackward0>), pred_score2: tensor([0.1362], device='cuda:0', grad_fn=<SelectBackward0>)
2025-07-09 19:54:48,069 INFO: pred: 0.21134689450263977
2025-07-09 19:54:48,450 INFO: [1083/1600] Train_Loss_total: 4.862 Test_Loss_total: 1.7844 Time: 1.4726s
2025-07-09 19:54:49,502 INFO: In epoch 1084, pred_score1: tensor([0.0667], device='cuda:0', grad_fn=<SelectBackward0>), pred_score2: tensor([0.1064], device='cuda:0', grad_fn=<SelectBackward0>)
2025-07-09 19:54:49,502 INFO: pred: 0.19342614710330963
2025-07-09 19:54:49,882 INFO: [1084/1600] Train_Loss_total: 4.8615 Test_Loss_total: 1.7675 Time: 1.4311s
2025-07-09 19:54:51,001 INFO: In epoch 1085, pred_score1: tensor([0.1419], device='cuda:0', grad_fn=<SelectBackward0>), pred_score2: tensor([0.0997], device='cuda:0', grad_fn=<SelectBackward0>)
2025-07-09 19:54:51,001 INFO: pred: 0.20134665071964264
2025-07-09 19:54:51,397 INFO: [1085/1600] Train_Loss_total: 4.8613 Test_Loss_total: 1.7786 Time: 1.515s
2025-07-09 19:54:52,478 INFO: In epoch 1086, pred_score1: tensor([0.2823], device='cuda:0', grad_fn=<SelectBackward0>), pred_score2: tensor([0.1557], device='cuda:0', grad_fn=<SelectBackward0>)
2025-07-09 19:54:52,478 INFO: pred: 0.065290667116642
2025-07-09 19:54:52,858 INFO: [1086/1600] Train_Loss_total: 4.8607 Test_Loss_total: 1.8522 Time: 1.4602s
2025-07-09 19:54:53,941 INFO: In epoch 1087, pred_score1: tensor([0.2277], device='cuda:0', grad_fn=<SelectBackward0>), pred_score2: tensor([0.1369], device='cuda:0', grad_fn=<SelectBackward0>)
2025-07-09 19:54:53,941 INFO: pred: 0.18252022564411163
2025-07-09 19:54:54,318 INFO: [1087/1600] Train_Loss_total: 4.8611 Test_Loss_total: 1.8158 Time: 1.4607s
2025-07-09 19:54:55,379 INFO: In epoch 1088, pred_score1: tensor([0.1309], device='cuda:0', grad_fn=<SelectBackward0>), pred_score2: tensor([0.2127], device='cuda:0', grad_fn=<SelectBackward0>)
2025-07-09 19:54:55,379 INFO: pred: 0.17301738262176514
2025-07-09 19:54:55,754 INFO: [1088/1600] Train_Loss_total: 4.8602 Test_Loss_total: 1.7859 Time: 1.4355s
2025-07-09 19:54:56,839 INFO: In epoch 1089, pred_score1: tensor([0.1514], device='cuda:0', grad_fn=<SelectBackward0>), pred_score2: tensor([0.1297], device='cuda:0', grad_fn=<SelectBackward0>)
2025-07-09 19:54:56,839 INFO: pred: 0.2032288759946823
2025-07-09 19:54:57,373 INFO: [1089/1600] Train_Loss_total: 4.8599 Test_Loss_total: 1.7765 Time: 1.6185s
2025-07-09 19:54:58,925 INFO: In epoch 1090, pred_score1: tensor([0.2054], device='cuda:0', grad_fn=<SelectBackward0>), pred_score2: tensor([0.2689], device='cuda:0', grad_fn=<SelectBackward0>)
2025-07-09 19:54:58,926 INFO: pred: 0.1898147612810135
2025-07-09 19:54:59,317 INFO: [1090/1600] Train_Loss_total: 4.8598 Test_Loss_total: 1.7744 Time: 1.9438s
2025-07-09 19:55:00,396 INFO: In epoch 1091, pred_score1: tensor([0.1770], device='cuda:0', grad_fn=<SelectBackward0>), pred_score2: tensor([0.2269], device='cuda:0', grad_fn=<SelectBackward0>)
2025-07-09 19:55:00,396 INFO: pred: 0.19097349047660828
2025-07-09 19:55:00,981 INFO: [1091/1600] Train_Loss_total: 4.8596 Test_Loss_total: 1.8343 Time: 1.6637s
2025-07-09 19:55:02,069 INFO: In epoch 1092, pred_score1: tensor([0.1206], device='cuda:0', grad_fn=<SelectBackward0>), pred_score2: tensor([0.1376], device='cuda:0', grad_fn=<SelectBackward0>)
2025-07-09 19:55:02,069 INFO: pred: 0.2010888010263443
2025-07-09 19:55:02,440 INFO: [1092/1600] Train_Loss_total: 4.8595 Test_Loss_total: 1.7721 Time: 1.4587s
2025-07-09 19:55:03,541 INFO: In epoch 1093, pred_score1: tensor([0.0991], device='cuda:0', grad_fn=<SelectBackward0>), pred_score2: tensor([0.1856], device='cuda:0', grad_fn=<SelectBackward0>)
2025-07-09 19:55:03,542 INFO: pred: 0.1613805592060089
2025-07-09 19:55:03,940 INFO: [1093/1600] Train_Loss_total: 4.8595 Test_Loss_total: 1.7983 Time: 1.4992s
2025-07-09 19:55:05,003 INFO: In epoch 1094, pred_score1: tensor([0.6705], device='cuda:0', grad_fn=<SelectBackward0>), pred_score2: tensor([0.1228], device='cuda:0', grad_fn=<SelectBackward0>)
2025-07-09 19:55:05,003 INFO: pred: 0.19464190304279327
2025-07-09 19:55:05,377 INFO: [1094/1600] Train_Loss_total: 4.8592 Test_Loss_total: 1.8086 Time: 1.4369s
2025-07-09 19:55:06,486 INFO: In epoch 1095, pred_score1: tensor([0.2162], device='cuda:0', grad_fn=<SelectBackward0>), pred_score2: tensor([0.2122], device='cuda:0', grad_fn=<SelectBackward0>)
2025-07-09 19:55:06,486 INFO: pred: 0.2026827037334442
2025-07-09 19:55:06,872 INFO: [1095/1600] Train_Loss_total: 4.8584 Test_Loss_total: 1.7742 Time: 1.4953s
2025-07-09 19:55:07,970 INFO: In epoch 1096, pred_score1: tensor([0.1009], device='cuda:0', grad_fn=<SelectBackward0>), pred_score2: tensor([0.3509], device='cuda:0', grad_fn=<SelectBackward0>)
2025-07-09 19:55:07,970 INFO: pred: 0.17078131437301636
2025-07-09 19:55:08,346 INFO: [1096/1600] Train_Loss_total: 4.8588 Test_Loss_total: 1.7749 Time: 1.4735s
2025-07-09 19:55:09,647 INFO: In epoch 1097, pred_score1: tensor([0.1042], device='cuda:0', grad_fn=<SelectBackward0>), pred_score2: tensor([0.1897], device='cuda:0', grad_fn=<SelectBackward0>)
2025-07-09 19:55:09,647 INFO: pred: 0.20040471851825714
2025-07-09 19:55:10,186 INFO: [1097/1600] Train_Loss_total: 4.8577 Test_Loss_total: 1.7857 Time: 1.8398s
2025-07-09 19:55:11,523 INFO: In epoch 1098, pred_score1: tensor([0.1047], device='cuda:0', grad_fn=<SelectBackward0>), pred_score2: tensor([0.1863], device='cuda:0', grad_fn=<SelectBackward0>)
2025-07-09 19:55:11,524 INFO: pred: 0.20097923278808594
2025-07-09 19:55:11,911 INFO: [1098/1600] Train_Loss_total: 4.8569 Test_Loss_total: 1.7865 Time: 1.7249s
2025-07-09 19:55:13,012 INFO: In epoch 1099, pred_score1: tensor([0.2068], device='cuda:0', grad_fn=<SelectBackward0>), pred_score2: tensor([0.2356], device='cuda:0', grad_fn=<SelectBackward0>)
2025-07-09 19:55:13,012 INFO: pred: 0.19373346865177155
2025-07-09 19:55:13,386 INFO: [1099/1600] Train_Loss_total: 4.8571 Test_Loss_total: 1.7788 Time: 1.4742s
2025-07-09 19:55:14,469 INFO: In epoch 1100, pred_score1: tensor([0.0767], device='cuda:0', grad_fn=<SelectBackward0>), pred_score2: tensor([0.2482], device='cuda:0', grad_fn=<SelectBackward0>)
2025-07-09 19:55:14,470 INFO: pred: 0.21096819639205933
2025-07-09 19:55:14,842 INFO: [1100/1600] Train_Loss_total: 4.8569 Test_Loss_total: 1.7743 Time: 1.4561s
2025-07-09 19:55:15,931 INFO: In epoch 1101, pred_score1: tensor([0.5551], device='cuda:0', grad_fn=<SelectBackward0>), pred_score2: tensor([0.1192], device='cuda:0', grad_fn=<SelectBackward0>)
2025-07-09 19:55:15,931 INFO: pred: 0.28302547335624695
2025-07-09 19:55:16,366 INFO: [1101/1600] Train_Loss_total: 4.8566 Test_Loss_total: 1.7759 Time: 1.5233s
2025-07-09 19:55:17,482 INFO: In epoch 1102, pred_score1: tensor([0.7033], device='cuda:0', grad_fn=<SelectBackward0>), pred_score2: tensor([0.0592], device='cuda:0', grad_fn=<SelectBackward0>)
2025-07-09 19:55:17,482 INFO: pred: 0.16886776685714722
2025-07-09 19:55:17,852 INFO: [1102/1600] Train_Loss_total: 4.8566 Test_Loss_total: 1.8282 Time: 1.4864s
2025-07-09 19:55:18,933 INFO: In epoch 1103, pred_score1: tensor([0.1392], device='cuda:0', grad_fn=<SelectBackward0>), pred_score2: tensor([0.1327], device='cuda:0', grad_fn=<SelectBackward0>)
2025-07-09 19:55:18,933 INFO: pred: 0.21614275872707367
2025-07-09 19:55:19,319 INFO: [1103/1600] Train_Loss_total: 4.8562 Test_Loss_total: 1.798 Time: 1.4669s
2025-07-09 19:55:20,409 INFO: In epoch 1104, pred_score1: tensor([0.1494], device='cuda:0', grad_fn=<SelectBackward0>), pred_score2: tensor([0.1284], device='cuda:0', grad_fn=<SelectBackward0>)
2025-07-09 19:55:20,409 INFO: pred: 0.20364998281002045
2025-07-09 19:55:20,784 INFO: [1104/1600] Train_Loss_total: 4.8559 Test_Loss_total: 1.7829 Time: 1.4639s
2025-07-09 19:55:22,227 INFO: In epoch 1105, pred_score1: tensor([0.1591], device='cuda:0', grad_fn=<SelectBackward0>), pred_score2: tensor([0.1232], device='cuda:0', grad_fn=<SelectBackward0>)
2025-07-09 19:55:22,228 INFO: pred: 0.18445156514644623
2025-07-09 19:55:22,780 INFO: [1105/1600] Train_Loss_total: 4.8555 Test_Loss_total: 1.7818 Time: 1.9966s
2025-07-09 19:55:23,965 INFO: In epoch 1106, pred_score1: tensor([0.1961], device='cuda:0', grad_fn=<SelectBackward0>), pred_score2: tensor([0.1225], device='cuda:0', grad_fn=<SelectBackward0>)
2025-07-09 19:55:23,966 INFO: pred: 0.20220553874969482
2025-07-09 19:55:24,341 INFO: [1106/1600] Train_Loss_total: 4.8552 Test_Loss_total: 1.7806 Time: 1.5602s
2025-07-09 19:55:25,414 INFO: In epoch 1107, pred_score1: tensor([0.1010], device='cuda:0', grad_fn=<SelectBackward0>), pred_score2: tensor([0.2000], device='cuda:0', grad_fn=<SelectBackward0>)
2025-07-09 19:55:25,415 INFO: pred: 0.20096053183078766
2025-07-09 19:55:25,800 INFO: [1107/1600] Train_Loss_total: 4.8549 Test_Loss_total: 1.7921 Time: 1.4584s
2025-07-09 19:55:26,852 INFO: In epoch 1108, pred_score1: tensor([0.3427], device='cuda:0', grad_fn=<SelectBackward0>), pred_score2: tensor([0.1595], device='cuda:0', grad_fn=<SelectBackward0>)
2025-07-09 19:55:26,852 INFO: pred: 0.13607239723205566
2025-07-09 19:55:27,230 INFO: [1108/1600] Train_Loss_total: 4.8544 Test_Loss_total: 1.7822 Time: 1.4304s
2025-07-09 19:55:28,332 INFO: In epoch 1109, pred_score1: tensor([0.1648], device='cuda:0', grad_fn=<SelectBackward0>), pred_score2: tensor([0.1317], device='cuda:0', grad_fn=<SelectBackward0>)
2025-07-09 19:55:28,332 INFO: pred: 0.19064675271511078
2025-07-09 19:55:28,721 INFO: [1109/1600] Train_Loss_total: 4.8543 Test_Loss_total: 1.7758 Time: 1.4903s
2025-07-09 19:55:29,797 INFO: In epoch 1110, pred_score1: tensor([0.0633], device='cuda:0', grad_fn=<SelectBackward0>), pred_score2: tensor([0.1967], device='cuda:0', grad_fn=<SelectBackward0>)
2025-07-09 19:55:29,797 INFO: pred: 0.1759052574634552
2025-07-09 19:55:30,180 INFO: [1110/1600] Train_Loss_total: 4.8542 Test_Loss_total: 1.7702 Time: 1.4586s
2025-07-09 19:55:31,271 INFO: In epoch 1111, pred_score1: tensor([0.2903], device='cuda:0', grad_fn=<SelectBackward0>), pred_score2: tensor([0.1009], device='cuda:0', grad_fn=<SelectBackward0>)
2025-07-09 19:55:31,271 INFO: pred: 0.19669228792190552
2025-07-09 19:55:31,646 INFO: [1111/1600] Train_Loss_total: 4.8536 Test_Loss_total: 1.7857 Time: 1.4655s
2025-07-09 19:55:32,725 INFO: In epoch 1112, pred_score1: tensor([0.4878], device='cuda:0', grad_fn=<SelectBackward0>), pred_score2: tensor([0.1040], device='cuda:0', grad_fn=<SelectBackward0>)
2025-07-09 19:55:32,725 INFO: pred: 0.2911742329597473
2025-07-09 19:55:33,115 INFO: [1112/1600] Train_Loss_total: 4.8535 Test_Loss_total: 1.7836 Time: 1.4688s
2025-07-09 19:55:34,616 INFO: In epoch 1113, pred_score1: tensor([0.1090], device='cuda:0', grad_fn=<SelectBackward0>), pred_score2: tensor([0.3471], device='cuda:0', grad_fn=<SelectBackward0>)
2025-07-09 19:55:34,617 INFO: pred: 0.15961439907550812
2025-07-09 19:55:35,190 INFO: [1113/1600] Train_Loss_total: 4.8532 Test_Loss_total: 1.8112 Time: 2.0749s
2025-07-09 19:55:36,266 INFO: In epoch 1114, pred_score1: tensor([0.6968], device='cuda:0', grad_fn=<SelectBackward0>), pred_score2: tensor([0.1210], device='cuda:0', grad_fn=<SelectBackward0>)
2025-07-09 19:55:36,266 INFO: pred: 0.1964588165283203
2025-07-09 19:55:36,661 INFO: [1114/1600] Train_Loss_total: 4.8532 Test_Loss_total: 1.784 Time: 1.4706s
2025-07-09 19:55:37,746 INFO: In epoch 1115, pred_score1: tensor([0.1646], device='cuda:0', grad_fn=<SelectBackward0>), pred_score2: tensor([0.1958], device='cuda:0', grad_fn=<SelectBackward0>)
2025-07-09 19:55:37,746 INFO: pred: 0.20648883283138275
2025-07-09 19:55:38,136 INFO: [1115/1600] Train_Loss_total: 4.853 Test_Loss_total: 1.7757 Time: 1.4745s
2025-07-09 19:55:39,210 INFO: In epoch 1116, pred_score1: tensor([0.2381], device='cuda:0', grad_fn=<SelectBackward0>), pred_score2: tensor([0.1982], device='cuda:0', grad_fn=<SelectBackward0>)
2025-07-09 19:55:39,210 INFO: pred: 0.2056460678577423
2025-07-09 19:55:39,777 INFO: [1116/1600] Train_Loss_total: 4.8527 Test_Loss_total: 1.7785 Time: 1.641s
2025-07-09 19:55:40,854 INFO: In epoch 1117, pred_score1: tensor([0.1081], device='cuda:0', grad_fn=<SelectBackward0>), pred_score2: tensor([0.3116], device='cuda:0', grad_fn=<SelectBackward0>)
2025-07-09 19:55:40,854 INFO: pred: 0.2145785540342331
2025-07-09 19:55:41,246 INFO: [1117/1600] Train_Loss_total: 4.8524 Test_Loss_total: 1.776 Time: 1.4693s
2025-07-09 19:55:42,327 INFO: In epoch 1118, pred_score1: tensor([0.1050], device='cuda:0', grad_fn=<SelectBackward0>), pred_score2: tensor([0.0824], device='cuda:0', grad_fn=<SelectBackward0>)
2025-07-09 19:55:42,327 INFO: pred: 0.19941334426403046
2025-07-09 19:55:42,706 INFO: [1118/1600] Train_Loss_total: 4.852 Test_Loss_total: 1.7739 Time: 1.4591s
2025-07-09 19:55:43,790 INFO: In epoch 1119, pred_score1: tensor([0.1936], device='cuda:0', grad_fn=<SelectBackward0>), pred_score2: tensor([0.1497], device='cuda:0', grad_fn=<SelectBackward0>)
2025-07-09 19:55:43,790 INFO: pred: 0.19460958242416382
2025-07-09 19:55:44,182 INFO: [1119/1600] Train_Loss_total: 4.8519 Test_Loss_total: 1.7763 Time: 1.4759s
2025-07-09 19:55:45,276 INFO: In epoch 1120, pred_score1: tensor([0.1508], device='cuda:0', grad_fn=<SelectBackward0>), pred_score2: tensor([0.1409], device='cuda:0', grad_fn=<SelectBackward0>)
2025-07-09 19:55:45,276 INFO: pred: 0.19313834607601166
2025-07-09 19:55:45,812 INFO: [1120/1600] Train_Loss_total: 4.8516 Test_Loss_total: 1.7883 Time: 1.6293s
2025-07-09 19:55:47,392 INFO: In epoch 1121, pred_score1: tensor([0.1827], device='cuda:0', grad_fn=<SelectBackward0>), pred_score2: tensor([0.0943], device='cuda:0', grad_fn=<SelectBackward0>)
2025-07-09 19:55:47,392 INFO: pred: 0.174637570977211
2025-07-09 19:55:47,760 INFO: [1121/1600] Train_Loss_total: 4.851 Test_Loss_total: 1.7824 Time: 1.9485s
2025-07-09 19:55:48,823 INFO: In epoch 1122, pred_score1: tensor([0.2344], device='cuda:0', grad_fn=<SelectBackward0>), pred_score2: tensor([0.1112], device='cuda:0', grad_fn=<SelectBackward0>)
2025-07-09 19:55:48,823 INFO: pred: 0.1705062836408615
2025-07-09 19:55:49,195 INFO: [1122/1600] Train_Loss_total: 4.8509 Test_Loss_total: 1.7795 Time: 1.4345s
2025-07-09 19:55:50,269 INFO: In epoch 1123, pred_score1: tensor([0.2167], device='cuda:0', grad_fn=<SelectBackward0>), pred_score2: tensor([0.0919], device='cuda:0', grad_fn=<SelectBackward0>)
2025-07-09 19:55:50,270 INFO: pred: 0.19212555885314941
2025-07-09 19:55:50,660 INFO: [1123/1600] Train_Loss_total: 4.8502 Test_Loss_total: 1.788 Time: 1.4651s
2025-07-09 19:55:51,751 INFO: In epoch 1124, pred_score1: tensor([0.2229], device='cuda:0', grad_fn=<SelectBackward0>), pred_score2: tensor([0.2099], device='cuda:0', grad_fn=<SelectBackward0>)
2025-07-09 19:55:51,751 INFO: pred: 0.16910220682621002
2025-07-09 19:55:52,135 INFO: [1124/1600] Train_Loss_total: 4.85 Test_Loss_total: 1.8048 Time: 1.4745s
2025-07-09 19:55:53,219 INFO: In epoch 1125, pred_score1: tensor([0.1359], device='cuda:0', grad_fn=<SelectBackward0>), pred_score2: tensor([0.0922], device='cuda:0', grad_fn=<SelectBackward0>)
2025-07-09 19:55:53,219 INFO: pred: 0.18906491994857788
2025-07-09 19:55:53,611 INFO: [1125/1600] Train_Loss_total: 4.8503 Test_Loss_total: 1.7744 Time: 1.4758s
2025-07-09 19:55:54,691 INFO: In epoch 1126, pred_score1: tensor([0.2055], device='cuda:0', grad_fn=<SelectBackward0>), pred_score2: tensor([0.2163], device='cuda:0', grad_fn=<SelectBackward0>)
2025-07-09 19:55:54,691 INFO: pred: 0.18840493261814117
2025-07-09 19:55:55,077 INFO: [1126/1600] Train_Loss_total: 4.8496 Test_Loss_total: 1.7717 Time: 1.4657s
2025-07-09 19:55:56,165 INFO: In epoch 1127, pred_score1: tensor([0.1880], device='cuda:0', grad_fn=<SelectBackward0>), pred_score2: tensor([0.0910], device='cuda:0', grad_fn=<SelectBackward0>)
2025-07-09 19:55:56,165 INFO: pred: 0.20081226527690887
2025-07-09 19:55:56,536 INFO: [1127/1600] Train_Loss_total: 4.8492 Test_Loss_total: 1.7729 Time: 1.4587s
2025-07-09 19:55:57,787 INFO: In epoch 1128, pred_score1: tensor([0.2049], device='cuda:0', grad_fn=<SelectBackward0>), pred_score2: tensor([0.1244], device='cuda:0', grad_fn=<SelectBackward0>)
2025-07-09 19:55:57,787 INFO: pred: 0.19424302875995636
2025-07-09 19:55:58,308 INFO: [1128/1600] Train_Loss_total: 4.8489 Test_Loss_total: 1.7995 Time: 1.7715s
2025-07-09 19:55:59,706 INFO: In epoch 1129, pred_score1: tensor([0.0816], device='cuda:0', grad_fn=<SelectBackward0>), pred_score2: tensor([0.1561], device='cuda:0', grad_fn=<SelectBackward0>)
2025-07-09 19:55:59,706 INFO: pred: 0.18842411041259766
2025-07-09 19:56:00,099 INFO: [1129/1600] Train_Loss_total: 4.8491 Test_Loss_total: 1.8041 Time: 1.7908s
2025-07-09 19:56:01,200 INFO: In epoch 1130, pred_score1: tensor([0.1006], device='cuda:0', grad_fn=<SelectBackward0>), pred_score2: tensor([0.3332], device='cuda:0', grad_fn=<SelectBackward0>)
2025-07-09 19:56:01,200 INFO: pred: 0.1754911094903946
2025-07-09 19:56:01,581 INFO: [1130/1600] Train_Loss_total: 4.8487 Test_Loss_total: 1.825 Time: 1.4815s
2025-07-09 19:56:02,657 INFO: In epoch 1131, pred_score1: tensor([0.2680], device='cuda:0', grad_fn=<SelectBackward0>), pred_score2: tensor([0.1889], device='cuda:0', grad_fn=<SelectBackward0>)
2025-07-09 19:56:02,657 INFO: pred: 0.16053922474384308
2025-07-09 19:56:03,051 INFO: [1131/1600] Train_Loss_total: 4.8484 Test_Loss_total: 1.7749 Time: 1.4704s
2025-07-09 19:56:04,137 INFO: In epoch 1132, pred_score1: tensor([0.1468], device='cuda:0', grad_fn=<SelectBackward0>), pred_score2: tensor([0.1800], device='cuda:0', grad_fn=<SelectBackward0>)
2025-07-09 19:56:04,137 INFO: pred: 0.22106602787971497
2025-07-09 19:56:04,511 INFO: [1132/1600] Train_Loss_total: 4.8482 Test_Loss_total: 1.7924 Time: 1.459s
2025-07-09 19:56:05,589 INFO: In epoch 1133, pred_score1: tensor([0.1033], device='cuda:0', grad_fn=<SelectBackward0>), pred_score2: tensor([0.3255], device='cuda:0', grad_fn=<SelectBackward0>)
2025-07-09 19:56:05,590 INFO: pred: 0.17566213011741638
2025-07-09 19:56:05,983 INFO: [1133/1600] Train_Loss_total: 4.8483 Test_Loss_total: 1.7871 Time: 1.4723s
2025-07-09 19:56:07,066 INFO: In epoch 1134, pred_score1: tensor([0.1397], device='cuda:0', grad_fn=<SelectBackward0>), pred_score2: tensor([0.1823], device='cuda:0', grad_fn=<SelectBackward0>)
2025-07-09 19:56:07,067 INFO: pred: 0.22083091735839844
2025-07-09 19:56:07,463 INFO: [1134/1600] Train_Loss_total: 4.8478 Test_Loss_total: 1.7787 Time: 1.48s
2025-07-09 19:56:08,549 INFO: In epoch 1135, pred_score1: tensor([0.1262], device='cuda:0', grad_fn=<SelectBackward0>), pred_score2: tensor([0.0711], device='cuda:0', grad_fn=<SelectBackward0>)
2025-07-09 19:56:08,549 INFO: pred: 0.20683492720127106
2025-07-09 19:56:08,925 INFO: [1135/1600] Train_Loss_total: 4.8469 Test_Loss_total: 1.7843 Time: 1.4609s
2025-07-09 19:56:10,280 INFO: In epoch 1136, pred_score1: tensor([0.0996], device='cuda:0', grad_fn=<SelectBackward0>), pred_score2: tensor([0.3281], device='cuda:0', grad_fn=<SelectBackward0>)
2025-07-09 19:56:10,280 INFO: pred: 0.17545554041862488
2025-07-09 19:56:10,826 INFO: [1136/1600] Train_Loss_total: 4.847 Test_Loss_total: 1.863 Time: 1.9013s
2025-07-09 19:56:12,104 INFO: In epoch 1137, pred_score1: tensor([0.0923], device='cuda:0', grad_fn=<SelectBackward0>), pred_score2: tensor([0.1148], device='cuda:0', grad_fn=<SelectBackward0>)
2025-07-09 19:56:12,104 INFO: pred: 0.227851003408432
2025-07-09 19:56:12,493 INFO: [1137/1600] Train_Loss_total: 4.8467 Test_Loss_total: 1.7832 Time: 1.667s
2025-07-09 19:56:13,566 INFO: In epoch 1138, pred_score1: tensor([0.2776], device='cuda:0', grad_fn=<SelectBackward0>), pred_score2: tensor([0.1496], device='cuda:0', grad_fn=<SelectBackward0>)
2025-07-09 19:56:13,567 INFO: pred: 0.21050028502941132
2025-07-09 19:56:13,944 INFO: [1138/1600] Train_Loss_total: 4.8466 Test_Loss_total: 1.7995 Time: 1.4505s
2025-07-09 19:56:15,014 INFO: In epoch 1139, pred_score1: tensor([0.1990], device='cuda:0', grad_fn=<SelectBackward0>), pred_score2: tensor([0.2118], device='cuda:0', grad_fn=<SelectBackward0>)
2025-07-09 19:56:15,014 INFO: pred: 0.20278416574001312
2025-07-09 19:56:15,398 INFO: [1139/1600] Train_Loss_total: 4.8458 Test_Loss_total: 1.7751 Time: 1.4531s
2025-07-09 19:56:16,478 INFO: In epoch 1140, pred_score1: tensor([0.1635], device='cuda:0', grad_fn=<SelectBackward0>), pred_score2: tensor([0.2638], device='cuda:0', grad_fn=<SelectBackward0>)
2025-07-09 19:56:16,479 INFO: pred: 0.09619888663291931
2025-07-09 19:56:16,863 INFO: [1140/1600] Train_Loss_total: 4.8463 Test_Loss_total: 1.7779 Time: 1.4654s
2025-07-09 19:56:17,970 INFO: In epoch 1141, pred_score1: tensor([0.1850], device='cuda:0', grad_fn=<SelectBackward0>), pred_score2: tensor([0.0928], device='cuda:0', grad_fn=<SelectBackward0>)
2025-07-09 19:56:17,970 INFO: pred: 0.1770475059747696
2025-07-09 19:56:18,348 INFO: [1141/1600] Train_Loss_total: 4.8459 Test_Loss_total: 1.7938 Time: 1.4844s
2025-07-09 19:56:19,420 INFO: In epoch 1142, pred_score1: tensor([0.4148], device='cuda:0', grad_fn=<SelectBackward0>), pred_score2: tensor([0.1606], device='cuda:0', grad_fn=<SelectBackward0>)
2025-07-09 19:56:19,420 INFO: pred: 0.19287192821502686
2025-07-09 19:56:19,819 INFO: [1142/1600] Train_Loss_total: 4.8457 Test_Loss_total: 1.7777 Time: 1.4709s
2025-07-09 19:56:20,884 INFO: In epoch 1143, pred_score1: tensor([0.1819], device='cuda:0', grad_fn=<SelectBackward0>), pred_score2: tensor([0.1658], device='cuda:0', grad_fn=<SelectBackward0>)
2025-07-09 19:56:20,884 INFO: pred: 0.19639047980308533
2025-07-09 19:56:21,261 INFO: [1143/1600] Train_Loss_total: 4.8452 Test_Loss_total: 1.7912 Time: 1.4412s
2025-07-09 19:56:22,718 INFO: In epoch 1144, pred_score1: tensor([0.1461], device='cuda:0', grad_fn=<SelectBackward0>), pred_score2: tensor([0.1803], device='cuda:0', grad_fn=<SelectBackward0>)
2025-07-09 19:56:22,718 INFO: pred: 0.22113388776779175
2025-07-09 19:56:23,291 INFO: [1144/1600] Train_Loss_total: 4.8443 Test_Loss_total: 1.7792 Time: 2.0296s
2025-07-09 19:56:24,411 INFO: In epoch 1145, pred_score1: tensor([0.1629], device='cuda:0', grad_fn=<SelectBackward0>), pred_score2: tensor([0.1634], device='cuda:0', grad_fn=<SelectBackward0>)
2025-07-09 19:56:24,411 INFO: pred: 0.21226224303245544
2025-07-09 19:56:24,791 INFO: [1145/1600] Train_Loss_total: 4.8447 Test_Loss_total: 1.7773 Time: 1.5003s
2025-07-09 19:56:25,871 INFO: In epoch 1146, pred_score1: tensor([0.1333], device='cuda:0', grad_fn=<SelectBackward0>), pred_score2: tensor([0.1079], device='cuda:0', grad_fn=<SelectBackward0>)
2025-07-09 19:56:25,871 INFO: pred: 0.19010818004608154
2025-07-09 19:56:26,253 INFO: [1146/1600] Train_Loss_total: 4.8443 Test_Loss_total: 1.7798 Time: 1.4617s
2025-07-09 19:56:27,315 INFO: In epoch 1147, pred_score1: tensor([0.1604], device='cuda:0', grad_fn=<SelectBackward0>), pred_score2: tensor([0.1609], device='cuda:0', grad_fn=<SelectBackward0>)
2025-07-09 19:56:27,315 INFO: pred: 0.21236926317214966
2025-07-09 19:56:27,694 INFO: [1147/1600] Train_Loss_total: 4.8437 Test_Loss_total: 1.7706 Time: 1.4404s
2025-07-09 19:56:28,778 INFO: In epoch 1148, pred_score1: tensor([0.0900], device='cuda:0', grad_fn=<SelectBackward0>), pred_score2: tensor([0.1180], device='cuda:0', grad_fn=<SelectBackward0>)
2025-07-09 19:56:28,778 INFO: pred: 0.21729063987731934
2025-07-09 19:56:29,180 INFO: [1148/1600] Train_Loss_total: 4.8436 Test_Loss_total: 1.7783 Time: 1.486s
2025-07-09 19:56:30,235 INFO: In epoch 1149, pred_score1: tensor([0.1489], device='cuda:0', grad_fn=<SelectBackward0>), pred_score2: tensor([0.0713], device='cuda:0', grad_fn=<SelectBackward0>)
2025-07-09 19:56:30,235 INFO: pred: 0.18770739436149597
2025-07-09 19:56:30,613 INFO: [1149/1600] Train_Loss_total: 4.8437 Test_Loss_total: 1.775 Time: 1.4323s
2025-07-09 19:56:31,700 INFO: In epoch 1150, pred_score1: tensor([0.2152], device='cuda:0', grad_fn=<SelectBackward0>), pred_score2: tensor([0.2228], device='cuda:0', grad_fn=<SelectBackward0>)
2025-07-09 19:56:31,700 INFO: pred: 0.19574221968650818
2025-07-09 19:56:32,104 INFO: [1150/1600] Train_Loss_total: 4.8433 Test_Loss_total: 1.8366 Time: 1.4915s
2025-07-09 19:56:33,184 INFO: In epoch 1151, pred_score1: tensor([0.8809], device='cuda:0', grad_fn=<SelectBackward0>), pred_score2: tensor([0.2014], device='cuda:0', grad_fn=<SelectBackward0>)
2025-07-09 19:56:33,184 INFO: pred: 0.2105269879102707
2025-07-09 19:56:33,614 INFO: [1151/1600] Train_Loss_total: 4.8431 Test_Loss_total: 1.7874 Time: 1.5098s
2025-07-09 19:56:35,132 INFO: In epoch 1152, pred_score1: tensor([0.1364], device='cuda:0', grad_fn=<SelectBackward0>), pred_score2: tensor([0.1588], device='cuda:0', grad_fn=<SelectBackward0>)
2025-07-09 19:56:35,132 INFO: pred: 0.18606401979923248
2025-07-09 19:56:35,647 INFO: [1152/1600] Train_Loss_total: 4.8432 Test_Loss_total: 1.8136 Time: 2.0321s
2025-07-09 19:56:36,713 INFO: In epoch 1153, pred_score1: tensor([0.0731], device='cuda:0', grad_fn=<SelectBackward0>), pred_score2: tensor([0.2803], device='cuda:0', grad_fn=<SelectBackward0>)
2025-07-09 19:56:36,713 INFO: pred: 0.20742540061473846
2025-07-09 19:56:37,107 INFO: [1153/1600] Train_Loss_total: 4.8426 Test_Loss_total: 1.7834 Time: 1.4602s
2025-07-09 19:56:38,210 INFO: In epoch 1154, pred_score1: tensor([0.4362], device='cuda:0', grad_fn=<SelectBackward0>), pred_score2: tensor([0.0743], device='cuda:0', grad_fn=<SelectBackward0>)
2025-07-09 19:56:38,210 INFO: pred: 0.27841606736183167
2025-07-09 19:56:38,591 INFO: [1154/1600] Train_Loss_total: 4.8425 Test_Loss_total: 1.7663 Time: 1.4829s
2025-07-09 19:56:39,684 INFO: In epoch 1155, pred_score1: tensor([0.4656], device='cuda:0', grad_fn=<SelectBackward0>), pred_score2: tensor([0.2370], device='cuda:0', grad_fn=<SelectBackward0>)
2025-07-09 19:56:39,685 INFO: pred: 0.19508622586727142
2025-07-09 19:56:40,061 INFO: [1155/1600] Train_Loss_total: 4.8423 Test_Loss_total: 1.7777 Time: 1.4703s
2025-07-09 19:56:41,148 INFO: In epoch 1156, pred_score1: tensor([0.7286], device='cuda:0', grad_fn=<SelectBackward0>), pred_score2: tensor([0.1649], device='cuda:0', grad_fn=<SelectBackward0>)
2025-07-09 19:56:41,148 INFO: pred: 0.2793259620666504
2025-07-09 19:56:41,533 INFO: [1156/1600] Train_Loss_total: 4.8416 Test_Loss_total: 1.8296 Time: 1.472s
2025-07-09 19:56:42,600 INFO: In epoch 1157, pred_score1: tensor([0.1124], device='cuda:0', grad_fn=<SelectBackward0>), pred_score2: tensor([0.1252], device='cuda:0', grad_fn=<SelectBackward0>)
2025-07-09 19:56:42,600 INFO: pred: 0.031827304512262344
2025-07-09 19:56:42,984 INFO: [1157/1600] Train_Loss_total: 4.8414 Test_Loss_total: 1.7772 Time: 1.4505s
2025-07-09 19:56:44,084 INFO: In epoch 1158, pred_score1: tensor([0.5144], device='cuda:0', grad_fn=<SelectBackward0>), pred_score2: tensor([0.1049], device='cuda:0', grad_fn=<SelectBackward0>)
2025-07-09 19:56:44,084 INFO: pred: 0.2975640594959259
2025-07-09 19:56:44,474 INFO: [1158/1600] Train_Loss_total: 4.841 Test_Loss_total: 1.8293 Time: 1.4893s
2025-07-09 19:56:45,555 INFO: In epoch 1159, pred_score1: tensor([0.1778], device='cuda:0', grad_fn=<SelectBackward0>), pred_score2: tensor([0.0923], device='cuda:0', grad_fn=<SelectBackward0>)
2025-07-09 19:56:45,555 INFO: pred: 0.17597855627536774
2025-07-09 19:56:46,104 INFO: [1159/1600] Train_Loss_total: 4.8411 Test_Loss_total: 1.7748 Time: 1.6301s
2025-07-09 19:56:47,650 INFO: In epoch 1160, pred_score1: tensor([0.8124], device='cuda:0', grad_fn=<SelectBackward0>), pred_score2: tensor([0.0908], device='cuda:0', grad_fn=<SelectBackward0>)
2025-07-09 19:56:47,650 INFO: pred: 0.2062472254037857
2025-07-09 19:56:48,036 INFO: [1160/1600] Train_Loss_total: 4.8403 Test_Loss_total: 1.7886 Time: 1.9317s
2025-07-09 19:56:49,106 INFO: In epoch 1161, pred_score1: tensor([0.3544], device='cuda:0', grad_fn=<SelectBackward0>), pred_score2: tensor([0.1635], device='cuda:0', grad_fn=<SelectBackward0>)
2025-07-09 19:56:49,107 INFO: pred: 0.21311241388320923
2025-07-09 19:56:49,486 INFO: [1161/1600] Train_Loss_total: 4.8408 Test_Loss_total: 1.7964 Time: 1.4497s
2025-07-09 19:56:50,599 INFO: In epoch 1162, pred_score1: tensor([0.1962], device='cuda:0', grad_fn=<SelectBackward0>), pred_score2: tensor([0.1606], device='cuda:0', grad_fn=<SelectBackward0>)
2025-07-09 19:56:50,599 INFO: pred: 0.19984965026378632
2025-07-09 19:56:50,981 INFO: [1162/1600] Train_Loss_total: 4.8403 Test_Loss_total: 1.7736 Time: 1.4948s
2025-07-09 19:56:52,084 INFO: In epoch 1163, pred_score1: tensor([0.1330], device='cuda:0', grad_fn=<SelectBackward0>), pred_score2: tensor([0.1087], device='cuda:0', grad_fn=<SelectBackward0>)
2025-07-09 19:56:52,084 INFO: pred: 0.1914321631193161
2025-07-09 19:56:52,463 INFO: [1163/1600] Train_Loss_total: 4.8395 Test_Loss_total: 1.7757 Time: 1.4817s
2025-07-09 19:56:53,554 INFO: In epoch 1164, pred_score1: tensor([0.1032], device='cuda:0', grad_fn=<SelectBackward0>), pred_score2: tensor([0.2744], device='cuda:0', grad_fn=<SelectBackward0>)
2025-07-09 19:56:53,554 INFO: pred: 0.1922135055065155
2025-07-09 19:56:53,954 INFO: [1164/1600] Train_Loss_total: 4.8398 Test_Loss_total: 1.7686 Time: 1.4904s
2025-07-09 19:56:55,027 INFO: In epoch 1165, pred_score1: tensor([0.1404], device='cuda:0', grad_fn=<SelectBackward0>), pred_score2: tensor([0.1081], device='cuda:0', grad_fn=<SelectBackward0>)
2025-07-09 19:56:55,027 INFO: pred: 0.2059668004512787
2025-07-09 19:56:55,408 INFO: [1165/1600] Train_Loss_total: 4.8399 Test_Loss_total: 1.7703 Time: 1.454s
2025-07-09 19:56:56,501 INFO: In epoch 1166, pred_score1: tensor([0.1586], device='cuda:0', grad_fn=<SelectBackward0>), pred_score2: tensor([0.0544], device='cuda:0', grad_fn=<SelectBackward0>)
2025-07-09 19:56:56,501 INFO: pred: 0.1609538495540619
2025-07-09 19:56:56,895 INFO: [1166/1600] Train_Loss_total: 4.8397 Test_Loss_total: 1.7673 Time: 1.4873s
2025-07-09 19:56:58,130 INFO: In epoch 1167, pred_score1: tensor([0.2556], device='cuda:0', grad_fn=<SelectBackward0>), pred_score2: tensor([0.2190], device='cuda:0', grad_fn=<SelectBackward0>)
2025-07-09 19:56:58,130 INFO: pred: 0.18102800846099854
2025-07-09 19:56:58,664 INFO: [1167/1600] Train_Loss_total: 4.8385 Test_Loss_total: 1.794 Time: 1.7682s
2025-07-09 19:57:00,100 INFO: In epoch 1168, pred_score1: tensor([0.2288], device='cuda:0', grad_fn=<SelectBackward0>), pred_score2: tensor([0.1102], device='cuda:0', grad_fn=<SelectBackward0>)
2025-07-09 19:57:00,100 INFO: pred: 0.17088088393211365
2025-07-09 19:57:00,477 INFO: [1168/1600] Train_Loss_total: 4.8388 Test_Loss_total: 1.777 Time: 1.8124s
2025-07-09 19:57:01,544 INFO: In epoch 1169, pred_score1: tensor([0.0891], device='cuda:0', grad_fn=<SelectBackward0>), pred_score2: tensor([0.2603], device='cuda:0', grad_fn=<SelectBackward0>)
2025-07-09 19:57:01,544 INFO: pred: 0.15033461153507233
2025-07-09 19:57:01,925 INFO: [1169/1600] Train_Loss_total: 4.8378 Test_Loss_total: 1.7803 Time: 1.4478s
2025-07-09 19:57:03,015 INFO: In epoch 1170, pred_score1: tensor([0.1943], device='cuda:0', grad_fn=<SelectBackward0>), pred_score2: tensor([0.2141], device='cuda:0', grad_fn=<SelectBackward0>)
2025-07-09 19:57:03,015 INFO: pred: 0.20414559543132782
2025-07-09 19:57:03,408 INFO: [1170/1600] Train_Loss_total: 4.8378 Test_Loss_total: 1.7727 Time: 1.4834s
2025-07-09 19:57:04,480 INFO: In epoch 1171, pred_score1: tensor([0.3183], device='cuda:0', grad_fn=<SelectBackward0>), pred_score2: tensor([0.1374], device='cuda:0', grad_fn=<SelectBackward0>)
2025-07-09 19:57:04,481 INFO: pred: 0.19314751029014587
2025-07-09 19:57:04,867 INFO: [1171/1600] Train_Loss_total: 4.8373 Test_Loss_total: 1.7745 Time: 1.4588s
2025-07-09 19:57:05,951 INFO: In epoch 1172, pred_score1: tensor([0.1985], device='cuda:0', grad_fn=<SelectBackward0>), pred_score2: tensor([0.1631], device='cuda:0', grad_fn=<SelectBackward0>)
2025-07-09 19:57:05,951 INFO: pred: 0.18883630633354187
2025-07-09 19:57:06,345 INFO: [1172/1600] Train_Loss_total: 4.8375 Test_Loss_total: 1.7764 Time: 1.4774s
2025-07-09 19:57:07,423 INFO: In epoch 1173, pred_score1: tensor([0.2141], device='cuda:0', grad_fn=<SelectBackward0>), pred_score2: tensor([0.0916], device='cuda:0', grad_fn=<SelectBackward0>)
2025-07-09 19:57:07,423 INFO: pred: 0.19500857591629028
2025-07-09 19:57:07,799 INFO: [1173/1600] Train_Loss_total: 4.8368 Test_Loss_total: 1.7878 Time: 1.4533s
2025-07-09 19:57:08,884 INFO: In epoch 1174, pred_score1: tensor([0.1847], device='cuda:0', grad_fn=<SelectBackward0>), pred_score2: tensor([0.1313], device='cuda:0', grad_fn=<SelectBackward0>)
2025-07-09 19:57:08,884 INFO: pred: 0.17099529504776
2025-07-09 19:57:09,279 INFO: [1174/1600] Train_Loss_total: 4.8363 Test_Loss_total: 1.7946 Time: 1.4803s
2025-07-09 19:57:10,654 INFO: In epoch 1175, pred_score1: tensor([0.1379], device='cuda:0', grad_fn=<SelectBackward0>), pred_score2: tensor([0.1199], device='cuda:0', grad_fn=<SelectBackward0>)
2025-07-09 19:57:10,655 INFO: pred: 0.20581026375293732
2025-07-09 19:57:11,192 INFO: [1175/1600] Train_Loss_total: 4.8367 Test_Loss_total: 1.7736 Time: 1.9129s
2025-07-09 19:57:12,426 INFO: In epoch 1176, pred_score1: tensor([0.2399], device='cuda:0', grad_fn=<SelectBackward0>), pred_score2: tensor([0.2095], device='cuda:0', grad_fn=<SelectBackward0>)
2025-07-09 19:57:12,426 INFO: pred: 0.21261021494865417
2025-07-09 19:57:12,824 INFO: [1176/1600] Train_Loss_total: 4.8363 Test_Loss_total: 1.7823 Time: 1.6313s
2025-07-09 19:57:13,904 INFO: In epoch 1177, pred_score1: tensor([0.1772], device='cuda:0', grad_fn=<SelectBackward0>), pred_score2: tensor([0.1430], device='cuda:0', grad_fn=<SelectBackward0>)
2025-07-09 19:57:13,904 INFO: pred: 0.18251286447048187
2025-07-09 19:57:14,287 INFO: [1177/1600] Train_Loss_total: 4.836 Test_Loss_total: 1.775 Time: 1.4625s
2025-07-09 19:57:15,362 INFO: In epoch 1178, pred_score1: tensor([0.2240], device='cuda:0', grad_fn=<SelectBackward0>), pred_score2: tensor([0.1665], device='cuda:0', grad_fn=<SelectBackward0>)
2025-07-09 19:57:15,362 INFO: pred: 0.1954757273197174
2025-07-09 19:57:15,749 INFO: [1178/1600] Train_Loss_total: 4.8354 Test_Loss_total: 1.7973 Time: 1.4622s
2025-07-09 19:57:16,825 INFO: In epoch 1179, pred_score1: tensor([0.1483], device='cuda:0', grad_fn=<SelectBackward0>), pred_score2: tensor([0.1929], device='cuda:0', grad_fn=<SelectBackward0>)
2025-07-09 19:57:16,825 INFO: pred: 0.21236275136470795
2025-07-09 19:57:17,216 INFO: [1179/1600] Train_Loss_total: 4.8352 Test_Loss_total: 1.7799 Time: 1.4666s
2025-07-09 19:57:18,331 INFO: In epoch 1180, pred_score1: tensor([0.5885], device='cuda:0', grad_fn=<SelectBackward0>), pred_score2: tensor([0.0584], device='cuda:0', grad_fn=<SelectBackward0>)
2025-07-09 19:57:18,331 INFO: pred: 0.18187373876571655
2025-07-09 19:57:18,732 INFO: [1180/1600] Train_Loss_total: 4.8361 Test_Loss_total: 1.843 Time: 1.5154s
2025-07-09 19:57:19,817 INFO: In epoch 1181, pred_score1: tensor([0.0877], device='cuda:0', grad_fn=<SelectBackward0>), pred_score2: tensor([0.1863], device='cuda:0', grad_fn=<SelectBackward0>)
2025-07-09 19:57:19,817 INFO: pred: 0.1994217038154602
2025-07-09 19:57:20,209 INFO: [1181/1600] Train_Loss_total: 4.8349 Test_Loss_total: 1.8253 Time: 1.4775s
2025-07-09 19:57:21,286 INFO: In epoch 1182, pred_score1: tensor([0.1640], device='cuda:0', grad_fn=<SelectBackward0>), pred_score2: tensor([0.2012], device='cuda:0', grad_fn=<SelectBackward0>)
2025-07-09 19:57:21,286 INFO: pred: 0.17346622049808502
2025-07-09 19:57:21,660 INFO: [1182/1600] Train_Loss_total: 4.8343 Test_Loss_total: 1.7896 Time: 1.4499s
2025-07-09 19:57:23,184 INFO: In epoch 1183, pred_score1: tensor([0.1763], device='cuda:0', grad_fn=<SelectBackward0>), pred_score2: tensor([0.1236], device='cuda:0', grad_fn=<SelectBackward0>)
2025-07-09 19:57:23,184 INFO: pred: 0.18340271711349487
2025-07-09 19:57:23,759 INFO: [1183/1600] Train_Loss_total: 4.8343 Test_Loss_total: 1.7796 Time: 2.0988s
2025-07-09 19:57:24,832 INFO: In epoch 1184, pred_score1: tensor([0.1263], device='cuda:0', grad_fn=<SelectBackward0>), pred_score2: tensor([0.1880], device='cuda:0', grad_fn=<SelectBackward0>)
2025-07-09 19:57:24,832 INFO: pred: 0.18292824923992157
2025-07-09 19:57:25,230 INFO: [1184/1600] Train_Loss_total: 4.8338 Test_Loss_total: 1.7748 Time: 1.4714s
2025-07-09 19:57:26,319 INFO: In epoch 1185, pred_score1: tensor([0.3218], device='cuda:0', grad_fn=<SelectBackward0>), pred_score2: tensor([0.1595], device='cuda:0', grad_fn=<SelectBackward0>)
2025-07-09 19:57:26,320 INFO: pred: 0.20843899250030518
2025-07-09 19:57:26,712 INFO: [1185/1600] Train_Loss_total: 4.8336 Test_Loss_total: 1.7829 Time: 1.4812s
2025-07-09 19:57:27,795 INFO: In epoch 1186, pred_score1: tensor([0.2131], device='cuda:0', grad_fn=<SelectBackward0>), pred_score2: tensor([0.1964], device='cuda:0', grad_fn=<SelectBackward0>)
2025-07-09 19:57:27,795 INFO: pred: 0.20893539488315582
2025-07-09 19:57:28,211 INFO: [1186/1600] Train_Loss_total: 4.8333 Test_Loss_total: 1.7711 Time: 1.4994s
2025-07-09 19:57:29,290 INFO: In epoch 1187, pred_score1: tensor([0.5121], device='cuda:0', grad_fn=<SelectBackward0>), pred_score2: tensor([0.1014], device='cuda:0', grad_fn=<SelectBackward0>)
2025-07-09 19:57:29,290 INFO: pred: 0.29973363876342773
2025-07-09 19:57:29,672 INFO: [1187/1600] Train_Loss_total: 4.8334 Test_Loss_total: 1.779 Time: 1.4599s
2025-07-09 19:57:30,744 INFO: In epoch 1188, pred_score1: tensor([0.1903], device='cuda:0', grad_fn=<SelectBackward0>), pred_score2: tensor([0.0995], device='cuda:0', grad_fn=<SelectBackward0>)
2025-07-09 19:57:30,745 INFO: pred: 0.18995976448059082
2025-07-09 19:57:31,139 INFO: [1188/1600] Train_Loss_total: 4.834 Test_Loss_total: 1.7985 Time: 1.4669s
2025-07-09 19:57:32,224 INFO: In epoch 1189, pred_score1: tensor([0.9749], device='cuda:0', grad_fn=<SelectBackward0>), pred_score2: tensor([0.1555], device='cuda:0', grad_fn=<SelectBackward0>)
2025-07-09 19:57:32,224 INFO: pred: 0.18619632720947266
2025-07-09 19:57:32,618 INFO: [1189/1600] Train_Loss_total: 4.8324 Test_Loss_total: 1.7788 Time: 1.4793s
2025-07-09 19:57:33,698 INFO: In epoch 1190, pred_score1: tensor([0.1108], device='cuda:0', grad_fn=<SelectBackward0>), pred_score2: tensor([0.2335], device='cuda:0', grad_fn=<SelectBackward0>)
2025-07-09 19:57:33,698 INFO: pred: 0.189619243144989
2025-07-09 19:57:34,236 INFO: [1190/1600] Train_Loss_total: 4.8324 Test_Loss_total: 1.7689 Time: 1.617s
2025-07-09 19:57:35,934 INFO: In epoch 1191, pred_score1: tensor([0.7871], device='cuda:0', grad_fn=<SelectBackward0>), pred_score2: tensor([0.1554], device='cuda:0', grad_fn=<SelectBackward0>)
2025-07-09 19:57:35,934 INFO: pred: 0.21035420894622803
2025-07-09 19:57:36,321 INFO: [1191/1600] Train_Loss_total: 4.832 Test_Loss_total: 1.7789 Time: 2.085s
2025-07-09 19:57:37,420 INFO: In epoch 1192, pred_score1: tensor([0.1710], device='cuda:0', grad_fn=<SelectBackward0>), pred_score2: tensor([0.2117], device='cuda:0', grad_fn=<SelectBackward0>)
2025-07-09 19:57:37,420 INFO: pred: 0.1875106394290924
2025-07-09 19:57:37,804 INFO: [1192/1600] Train_Loss_total: 4.8317 Test_Loss_total: 1.7837 Time: 1.4828s
2025-07-09 19:57:38,877 INFO: In epoch 1193, pred_score1: tensor([0.1494], device='cuda:0', grad_fn=<SelectBackward0>), pred_score2: tensor([0.2330], device='cuda:0', grad_fn=<SelectBackward0>)
2025-07-09 19:57:38,877 INFO: pred: 0.1874256432056427
2025-07-09 19:57:39,260 INFO: [1193/1600] Train_Loss_total: 4.8316 Test_Loss_total: 1.7685 Time: 1.4556s
2025-07-09 19:57:40,340 INFO: In epoch 1194, pred_score1: tensor([0.1658], device='cuda:0', grad_fn=<SelectBackward0>), pred_score2: tensor([0.0547], device='cuda:0', grad_fn=<SelectBackward0>)
2025-07-09 19:57:40,341 INFO: pred: 0.16417089104652405
2025-07-09 19:57:40,736 INFO: [1194/1600] Train_Loss_total: 4.8313 Test_Loss_total: 1.7767 Time: 1.4761s
2025-07-09 19:57:41,811 INFO: In epoch 1195, pred_score1: tensor([0.4451], device='cuda:0', grad_fn=<SelectBackward0>), pred_score2: tensor([0.2316], device='cuda:0', grad_fn=<SelectBackward0>)
2025-07-09 19:57:41,811 INFO: pred: 0.19757412374019623
2025-07-09 19:57:42,199 INFO: [1195/1600] Train_Loss_total: 4.8308 Test_Loss_total: 1.7802 Time: 1.4628s
2025-07-09 19:57:43,269 INFO: In epoch 1196, pred_score1: tensor([0.1891], device='cuda:0', grad_fn=<SelectBackward0>), pred_score2: tensor([0.0999], device='cuda:0', grad_fn=<SelectBackward0>)
2025-07-09 19:57:43,269 INFO: pred: 0.19036905467510223
2025-07-09 19:57:43,664 INFO: [1196/1600] Train_Loss_total: 4.8311 Test_Loss_total: 1.8077 Time: 1.4644s
2025-07-09 19:57:44,765 INFO: In epoch 1197, pred_score1: tensor([0.1481], device='cuda:0', grad_fn=<SelectBackward0>), pred_score2: tensor([0.1725], device='cuda:0', grad_fn=<SelectBackward0>)
2025-07-09 19:57:44,765 INFO: pred: 0.22160466015338898
2025-07-09 19:57:45,147 INFO: [1197/1600] Train_Loss_total: 4.8305 Test_Loss_total: 1.7796 Time: 1.4832s
2025-07-09 19:57:46,379 INFO: In epoch 1198, pred_score1: tensor([0.2218], device='cuda:0', grad_fn=<SelectBackward0>), pred_score2: tensor([0.1662], device='cuda:0', grad_fn=<SelectBackward0>)
2025-07-09 19:57:46,379 INFO: pred: 0.19483345746994019
2025-07-09 19:57:46,911 INFO: [1198/1600] Train_Loss_total: 4.8299 Test_Loss_total: 1.7871 Time: 1.7629s
2025-07-09 19:57:48,320 INFO: In epoch 1199, pred_score1: tensor([0.2273], device='cuda:0', grad_fn=<SelectBackward0>), pred_score2: tensor([0.1821], device='cuda:0', grad_fn=<SelectBackward0>)
2025-07-09 19:57:48,320 INFO: pred: 0.19079340994358063
2025-07-09 19:57:48,717 INFO: [1199/1600] Train_Loss_total: 4.83 Test_Loss_total: 1.7738 Time: 1.8059s
2025-07-09 19:57:49,782 INFO: In epoch 1200, pred_score1: tensor([0.1617], device='cuda:0', grad_fn=<SelectBackward0>), pred_score2: tensor([0.1308], device='cuda:0', grad_fn=<SelectBackward0>)
2025-07-09 19:57:49,782 INFO: pred: 0.18765588104724884
2025-07-09 19:57:50,183 INFO: [1200/1600] Train_Loss_total: 4.8291 Test_Loss_total: 1.7765 Time: 1.4662s
2025-07-09 19:57:51,276 INFO: In epoch 1201, pred_score1: tensor([0.1962], device='cuda:0', grad_fn=<SelectBackward0>), pred_score2: tensor([0.1244], device='cuda:0', grad_fn=<SelectBackward0>)
2025-07-09 19:57:51,276 INFO: pred: 0.1846737265586853
2025-07-09 19:57:51,666 INFO: [1201/1600] Train_Loss_total: 4.8296 Test_Loss_total: 1.7793 Time: 1.4828s
2025-07-09 19:57:52,733 INFO: In epoch 1202, pred_score1: tensor([0.1939], device='cuda:0', grad_fn=<SelectBackward0>), pred_score2: tensor([0.1318], device='cuda:0', grad_fn=<SelectBackward0>)
2025-07-09 19:57:52,733 INFO: pred: 0.1886717528104782
2025-07-09 19:57:53,120 INFO: [1202/1600] Train_Loss_total: 4.8298 Test_Loss_total: 1.7734 Time: 1.4536s
2025-07-09 19:57:54,181 INFO: In epoch 1203, pred_score1: tensor([0.1382], device='cuda:0', grad_fn=<SelectBackward0>), pred_score2: tensor([0.0894], device='cuda:0', grad_fn=<SelectBackward0>)
2025-07-09 19:57:54,181 INFO: pred: 0.2064473181962967
2025-07-09 19:57:54,556 INFO: [1203/1600] Train_Loss_total: 4.8284 Test_Loss_total: 1.7845 Time: 1.4359s
2025-07-09 19:57:55,640 INFO: In epoch 1204, pred_score1: tensor([0.1074], device='cuda:0', grad_fn=<SelectBackward0>), pred_score2: tensor([0.3167], device='cuda:0', grad_fn=<SelectBackward0>)
2025-07-09 19:57:55,640 INFO: pred: 0.16542282700538635
2025-07-09 19:57:56,022 INFO: [1204/1600] Train_Loss_total: 4.8282 Test_Loss_total: 1.7787 Time: 1.4653s
2025-07-09 19:57:57,083 INFO: In epoch 1205, pred_score1: tensor([0.0952], device='cuda:0', grad_fn=<SelectBackward0>), pred_score2: tensor([0.0737], device='cuda:0', grad_fn=<SelectBackward0>)
2025-07-09 19:57:57,083 INFO: pred: 0.20426447689533234
2025-07-09 19:57:57,465 INFO: [1205/1600] Train_Loss_total: 4.829 Test_Loss_total: 1.7717 Time: 1.4432s
2025-07-09 19:57:58,794 INFO: In epoch 1206, pred_score1: tensor([0.1518], device='cuda:0', grad_fn=<SelectBackward0>), pred_score2: tensor([0.0834], device='cuda:0', grad_fn=<SelectBackward0>)
2025-07-09 19:57:58,795 INFO: pred: 0.19895081222057343
2025-07-09 19:57:59,345 INFO: [1206/1600] Train_Loss_total: 4.8276 Test_Loss_total: 1.7791 Time: 1.879s
2025-07-09 19:58:00,654 INFO: In epoch 1207, pred_score1: tensor([0.9818], device='cuda:0', grad_fn=<SelectBackward0>), pred_score2: tensor([0.1548], device='cuda:0', grad_fn=<SelectBackward0>)
2025-07-09 19:58:00,654 INFO: pred: 0.18442396819591522
2025-07-09 19:58:01,038 INFO: [1207/1600] Train_Loss_total: 4.8275 Test_Loss_total: 1.7757 Time: 1.6927s
2025-07-09 19:58:02,107 INFO: In epoch 1208, pred_score1: tensor([0.2106], device='cuda:0', grad_fn=<SelectBackward0>), pred_score2: tensor([0.0976], device='cuda:0', grad_fn=<SelectBackward0>)
2025-07-09 19:58:02,108 INFO: pred: 0.24016143381595612
2025-07-09 19:58:02,501 INFO: [1208/1600] Train_Loss_total: 4.8276 Test_Loss_total: 1.8166 Time: 1.4633s
2025-07-09 19:58:03,580 INFO: In epoch 1209, pred_score1: tensor([0.0974], device='cuda:0', grad_fn=<SelectBackward0>), pred_score2: tensor([0.1832], device='cuda:0', grad_fn=<SelectBackward0>)
2025-07-09 19:58:03,581 INFO: pred: 0.2049843668937683
2025-07-09 19:58:03,970 INFO: [1209/1600] Train_Loss_total: 4.827 Test_Loss_total: 1.7741 Time: 1.4685s
2025-07-09 19:58:05,037 INFO: In epoch 1210, pred_score1: tensor([0.5074], device='cuda:0', grad_fn=<SelectBackward0>), pred_score2: tensor([0.1219], device='cuda:0', grad_fn=<SelectBackward0>)
2025-07-09 19:58:05,037 INFO: pred: 0.2232515513896942
2025-07-09 19:58:05,426 INFO: [1210/1600] Train_Loss_total: 4.8269 Test_Loss_total: 1.81 Time: 1.4559s
2025-07-09 19:58:06,517 INFO: In epoch 1211, pred_score1: tensor([0.1380], device='cuda:0', grad_fn=<SelectBackward0>), pred_score2: tensor([0.0531], device='cuda:0', grad_fn=<SelectBackward0>)
2025-07-09 19:58:06,517 INFO: pred: 0.16185739636421204
2025-07-09 19:58:06,903 INFO: [1211/1600] Train_Loss_total: 4.8262 Test_Loss_total: 1.7979 Time: 1.4769s
2025-07-09 19:58:07,965 INFO: In epoch 1212, pred_score1: tensor([0.7147], device='cuda:0', grad_fn=<SelectBackward0>), pred_score2: tensor([0.2231], device='cuda:0', grad_fn=<SelectBackward0>)
2025-07-09 19:58:07,965 INFO: pred: 0.19314150512218475
2025-07-09 19:58:08,347 INFO: [1212/1600] Train_Loss_total: 4.8261 Test_Loss_total: 1.7701 Time: 1.4435s
2025-07-09 19:58:09,432 INFO: In epoch 1213, pred_score1: tensor([0.1347], device='cuda:0', grad_fn=<SelectBackward0>), pred_score2: tensor([0.1740], device='cuda:0', grad_fn=<SelectBackward0>)
2025-07-09 19:58:09,432 INFO: pred: 0.18418912589550018
2025-07-09 19:58:09,825 INFO: [1213/1600] Train_Loss_total: 4.8262 Test_Loss_total: 1.7789 Time: 1.478s
2025-07-09 19:58:11,250 INFO: In epoch 1214, pred_score1: tensor([0.1620], device='cuda:0', grad_fn=<SelectBackward0>), pred_score2: tensor([0.1969], device='cuda:0', grad_fn=<SelectBackward0>)
2025-07-09 19:58:11,251 INFO: pred: 0.1745878905057907
2025-07-09 19:58:11,840 INFO: [1214/1600] Train_Loss_total: 4.826 Test_Loss_total: 1.7922 Time: 2.0143s
2025-07-09 19:58:12,990 INFO: In epoch 1215, pred_score1: tensor([0.0829], device='cuda:0', grad_fn=<SelectBackward0>), pred_score2: tensor([0.1517], device='cuda:0', grad_fn=<SelectBackward0>)
2025-07-09 19:58:12,990 INFO: pred: 0.1883677840232849
2025-07-09 19:58:13,368 INFO: [1215/1600] Train_Loss_total: 4.8252 Test_Loss_total: 1.7692 Time: 1.5275s
2025-07-09 19:58:14,444 INFO: In epoch 1216, pred_score1: tensor([0.9566], device='cuda:0', grad_fn=<SelectBackward0>), pred_score2: tensor([0.0570], device='cuda:0', grad_fn=<SelectBackward0>)
2025-07-09 19:58:14,444 INFO: pred: 0.18654140830039978
2025-07-09 19:58:14,847 INFO: [1216/1600] Train_Loss_total: 4.8251 Test_Loss_total: 1.773 Time: 1.4791s
2025-07-09 19:58:15,928 INFO: In epoch 1217, pred_score1: tensor([0.1139], device='cuda:0', grad_fn=<SelectBackward0>), pred_score2: tensor([0.1307], device='cuda:0', grad_fn=<SelectBackward0>)
2025-07-09 19:58:15,929 INFO: pred: 0.20639961957931519
2025-07-09 19:58:16,311 INFO: [1217/1600] Train_Loss_total: 4.8241 Test_Loss_total: 1.8242 Time: 1.4639s
2025-07-09 19:58:17,395 INFO: In epoch 1218, pred_score1: tensor([0.1544], device='cuda:0', grad_fn=<SelectBackward0>), pred_score2: tensor([0.0786], device='cuda:0', grad_fn=<SelectBackward0>)
2025-07-09 19:58:17,395 INFO: pred: 0.20003333687782288
2025-07-09 19:58:17,803 INFO: [1218/1600] Train_Loss_total: 4.8249 Test_Loss_total: 1.775 Time: 1.4915s
2025-07-09 19:58:18,892 INFO: In epoch 1219, pred_score1: tensor([0.1547], device='cuda:0', grad_fn=<SelectBackward0>), pred_score2: tensor([0.2140], device='cuda:0', grad_fn=<SelectBackward0>)
2025-07-09 19:58:18,892 INFO: pred: 0.18993109464645386
2025-07-09 19:58:19,290 INFO: [1219/1600] Train_Loss_total: 4.8243 Test_Loss_total: 1.7712 Time: 1.4873s
2025-07-09 19:58:20,378 INFO: In epoch 1220, pred_score1: tensor([0.1813], device='cuda:0', grad_fn=<SelectBackward0>), pred_score2: tensor([0.1363], device='cuda:0', grad_fn=<SelectBackward0>)
2025-07-09 19:58:20,378 INFO: pred: 0.18293045461177826
2025-07-09 19:58:20,762 INFO: [1220/1600] Train_Loss_total: 4.8244 Test_Loss_total: 1.7782 Time: 1.471s
2025-07-09 19:58:21,845 INFO: In epoch 1221, pred_score1: tensor([0.1518], device='cuda:0', grad_fn=<SelectBackward0>), pred_score2: tensor([0.1515], device='cuda:0', grad_fn=<SelectBackward0>)
2025-07-09 19:58:21,845 INFO: pred: 0.20299899578094482
2025-07-09 19:58:22,334 INFO: [1221/1600] Train_Loss_total: 4.8245 Test_Loss_total: 1.794 Time: 1.5722s
2025-07-09 19:58:23,877 INFO: In epoch 1222, pred_score1: tensor([0.1767], device='cuda:0', grad_fn=<SelectBackward0>), pred_score2: tensor([0.0962], device='cuda:0', grad_fn=<SelectBackward0>)
2025-07-09 19:58:23,878 INFO: pred: 0.23950257897377014
2025-07-09 19:58:24,360 INFO: [1222/1600] Train_Loss_total: 4.8232 Test_Loss_total: 1.8163 Time: 2.0257s
2025-07-09 19:58:25,424 INFO: In epoch 1223, pred_score1: tensor([0.1337], device='cuda:0', grad_fn=<SelectBackward0>), pred_score2: tensor([0.1845], device='cuda:0', grad_fn=<SelectBackward0>)
2025-07-09 19:58:25,425 INFO: pred: 0.1887662261724472
2025-07-09 19:58:25,793 INFO: [1223/1600] Train_Loss_total: 4.8228 Test_Loss_total: 1.7821 Time: 1.4327s
2025-07-09 19:58:26,852 INFO: In epoch 1224, pred_score1: tensor([0.1383], device='cuda:0', grad_fn=<SelectBackward0>), pred_score2: tensor([0.1689], device='cuda:0', grad_fn=<SelectBackward0>)
2025-07-09 19:58:26,852 INFO: pred: 0.22466842830181122
2025-07-09 19:58:27,224 INFO: [1224/1600] Train_Loss_total: 4.8231 Test_Loss_total: 1.7977 Time: 1.4306s
2025-07-09 19:58:28,337 INFO: In epoch 1225, pred_score1: tensor([0.1357], device='cuda:0', grad_fn=<SelectBackward0>), pred_score2: tensor([0.1191], device='cuda:0', grad_fn=<SelectBackward0>)
2025-07-09 19:58:28,338 INFO: pred: 0.2073211520910263
2025-07-09 19:58:28,738 INFO: [1225/1600] Train_Loss_total: 4.8252 Test_Loss_total: 1.7805 Time: 1.514s
2025-07-09 19:58:29,805 INFO: In epoch 1226, pred_score1: tensor([0.1315], device='cuda:0', grad_fn=<SelectBackward0>), pred_score2: tensor([0.0827], device='cuda:0', grad_fn=<SelectBackward0>)
2025-07-09 19:58:29,805 INFO: pred: 0.19251397252082825
2025-07-09 19:58:30,190 INFO: [1226/1600] Train_Loss_total: 4.8226 Test_Loss_total: 1.7935 Time: 1.4513s
2025-07-09 19:58:31,281 INFO: In epoch 1227, pred_score1: tensor([0.1548], device='cuda:0', grad_fn=<SelectBackward0>), pred_score2: tensor([0.1979], device='cuda:0', grad_fn=<SelectBackward0>)
2025-07-09 19:58:31,281 INFO: pred: 0.18954715132713318
2025-07-09 19:58:31,679 INFO: [1227/1600] Train_Loss_total: 4.8233 Test_Loss_total: 1.7981 Time: 1.4886s
2025-07-09 19:58:32,755 INFO: In epoch 1228, pred_score1: tensor([0.2493], device='cuda:0', grad_fn=<SelectBackward0>), pred_score2: tensor([0.2113], device='cuda:0', grad_fn=<SelectBackward0>)
2025-07-09 19:58:32,756 INFO: pred: 0.1842394918203354
2025-07-09 19:58:33,146 INFO: [1228/1600] Train_Loss_total: 4.8225 Test_Loss_total: 1.7828 Time: 1.4667s
2025-07-09 19:58:34,318 INFO: In epoch 1229, pred_score1: tensor([0.1668], device='cuda:0', grad_fn=<SelectBackward0>), pred_score2: tensor([0.1573], device='cuda:0', grad_fn=<SelectBackward0>)
2025-07-09 19:58:34,318 INFO: pred: 0.18852165341377258
2025-07-09 19:58:34,853 INFO: [1229/1600] Train_Loss_total: 4.8211 Test_Loss_total: 1.7991 Time: 1.7072s
2025-07-09 19:58:36,307 INFO: In epoch 1230, pred_score1: tensor([0.1639], device='cuda:0', grad_fn=<SelectBackward0>), pred_score2: tensor([0.1310], device='cuda:0', grad_fn=<SelectBackward0>)
2025-07-09 19:58:36,308 INFO: pred: 0.1872076392173767
2025-07-09 19:58:36,711 INFO: [1230/1600] Train_Loss_total: 4.8209 Test_Loss_total: 1.8022 Time: 1.857s
2025-07-09 19:58:37,799 INFO: In epoch 1231, pred_score1: tensor([0.1386], device='cuda:0', grad_fn=<SelectBackward0>), pred_score2: tensor([0.1677], device='cuda:0', grad_fn=<SelectBackward0>)
2025-07-09 19:58:37,799 INFO: pred: 0.22524487972259521
2025-07-09 19:58:38,182 INFO: [1231/1600] Train_Loss_total: 4.8211 Test_Loss_total: 1.7727 Time: 1.4715s
2025-07-09 19:58:39,260 INFO: In epoch 1232, pred_score1: tensor([0.1621], device='cuda:0', grad_fn=<SelectBackward0>), pred_score2: tensor([0.1358], device='cuda:0', grad_fn=<SelectBackward0>)
2025-07-09 19:58:39,261 INFO: pred: 0.19806770980358124
2025-07-09 19:58:39,640 INFO: [1232/1600] Train_Loss_total: 4.8206 Test_Loss_total: 1.773 Time: 1.4574s
2025-07-09 19:58:40,707 INFO: In epoch 1233, pred_score1: tensor([0.1739], device='cuda:0', grad_fn=<SelectBackward0>), pred_score2: tensor([0.1687], device='cuda:0', grad_fn=<SelectBackward0>)
2025-07-09 19:58:40,707 INFO: pred: 0.19621284306049347
2025-07-09 19:58:41,110 INFO: [1233/1600] Train_Loss_total: 4.8203 Test_Loss_total: 1.7982 Time: 1.4694s
2025-07-09 19:58:42,172 INFO: In epoch 1234, pred_score1: tensor([0.2470], device='cuda:0', grad_fn=<SelectBackward0>), pred_score2: tensor([0.1207], device='cuda:0', grad_fn=<SelectBackward0>)
2025-07-09 19:58:42,173 INFO: pred: 0.20157413184642792
2025-07-09 19:58:42,548 INFO: [1234/1600] Train_Loss_total: 4.8202 Test_Loss_total: 1.791 Time: 1.4386s
2025-07-09 19:58:43,647 INFO: In epoch 1235, pred_score1: tensor([0.1692], device='cuda:0', grad_fn=<SelectBackward0>), pred_score2: tensor([0.1530], device='cuda:0', grad_fn=<SelectBackward0>)
2025-07-09 19:58:43,647 INFO: pred: 0.2104896903038025
2025-07-09 19:58:44,048 INFO: [1235/1600] Train_Loss_total: 4.8204 Test_Loss_total: 1.7755 Time: 1.4995s
2025-07-09 19:58:45,118 INFO: In epoch 1236, pred_score1: tensor([0.1360], device='cuda:0', grad_fn=<SelectBackward0>), pred_score2: tensor([0.1237], device='cuda:0', grad_fn=<SelectBackward0>)
2025-07-09 19:58:45,118 INFO: pred: 0.20030809938907623
2025-07-09 19:58:45,496 INFO: [1236/1600] Train_Loss_total: 4.8205 Test_Loss_total: 1.7823 Time: 1.4476s
2025-07-09 19:58:46,795 INFO: In epoch 1237, pred_score1: tensor([0.1969], device='cuda:0', grad_fn=<SelectBackward0>), pred_score2: tensor([0.1934], device='cuda:0', grad_fn=<SelectBackward0>)
2025-07-09 19:58:46,796 INFO: pred: 0.21524347364902496
2025-07-09 19:58:47,333 INFO: [1237/1600] Train_Loss_total: 4.8202 Test_Loss_total: 1.822 Time: 1.837s
2025-07-09 19:58:48,739 INFO: In epoch 1238, pred_score1: tensor([0.1815], device='cuda:0', grad_fn=<SelectBackward0>), pred_score2: tensor([0.1566], device='cuda:0', grad_fn=<SelectBackward0>)
2025-07-09 19:58:48,739 INFO: pred: 0.20059840381145477
2025-07-09 19:58:49,162 INFO: [1238/1600] Train_Loss_total: 4.8206 Test_Loss_total: 1.7759 Time: 1.828s
2025-07-09 19:58:50,247 INFO: In epoch 1239, pred_score1: tensor([0.1514], device='cuda:0', grad_fn=<SelectBackward0>), pred_score2: tensor([0.1559], device='cuda:0', grad_fn=<SelectBackward0>)
2025-07-09 19:58:50,247 INFO: pred: 0.20335140824317932
2025-07-09 19:58:50,628 INFO: [1239/1600] Train_Loss_total: 4.8185 Test_Loss_total: 1.7756 Time: 1.4657s
2025-07-09 19:58:51,744 INFO: In epoch 1240, pred_score1: tensor([0.2477], device='cuda:0', grad_fn=<SelectBackward0>), pred_score2: tensor([0.1219], device='cuda:0', grad_fn=<SelectBackward0>)
2025-07-09 19:58:51,744 INFO: pred: 0.2020380198955536
2025-07-09 19:58:52,137 INFO: [1240/1600] Train_Loss_total: 4.8182 Test_Loss_total: 1.8022 Time: 1.5092s
2025-07-09 19:58:53,225 INFO: In epoch 1241, pred_score1: tensor([0.1001], device='cuda:0', grad_fn=<SelectBackward0>), pred_score2: tensor([0.2239], device='cuda:0', grad_fn=<SelectBackward0>)
2025-07-09 19:58:53,226 INFO: pred: 0.19182205200195312
2025-07-09 19:58:53,597 INFO: [1241/1600] Train_Loss_total: 4.8181 Test_Loss_total: 1.7712 Time: 1.46s
2025-07-09 19:58:54,678 INFO: In epoch 1242, pred_score1: tensor([0.1875], device='cuda:0', grad_fn=<SelectBackward0>), pred_score2: tensor([0.1088], device='cuda:0', grad_fn=<SelectBackward0>)
2025-07-09 19:58:54,678 INFO: pred: 0.21138645708560944
2025-07-09 19:58:55,073 INFO: [1242/1600] Train_Loss_total: 4.8174 Test_Loss_total: 1.778 Time: 1.476s
2025-07-09 19:58:56,182 INFO: In epoch 1243, pred_score1: tensor([0.1950], device='cuda:0', grad_fn=<SelectBackward0>), pred_score2: tensor([0.1614], device='cuda:0', grad_fn=<SelectBackward0>)
2025-07-09 19:58:56,183 INFO: pred: 0.19051559269428253
2025-07-09 19:58:56,573 INFO: [1243/1600] Train_Loss_total: 4.8178 Test_Loss_total: 1.7788 Time: 1.4994s
2025-07-09 19:58:57,657 INFO: In epoch 1244, pred_score1: tensor([0.1488], device='cuda:0', grad_fn=<SelectBackward0>), pred_score2: tensor([0.0808], device='cuda:0', grad_fn=<SelectBackward0>)
2025-07-09 19:58:57,657 INFO: pred: 0.20112158358097076
2025-07-09 19:58:58,044 INFO: [1244/1600] Train_Loss_total: 4.8178 Test_Loss_total: 1.7846 Time: 1.4705s
2025-07-09 19:58:59,488 INFO: In epoch 1245, pred_score1: tensor([0.1528], device='cuda:0', grad_fn=<SelectBackward0>), pred_score2: tensor([0.0766], device='cuda:0', grad_fn=<SelectBackward0>)
2025-07-09 19:58:59,489 INFO: pred: 0.20133689045906067
2025-07-09 19:59:00,076 INFO: [1245/1600] Train_Loss_total: 4.818 Test_Loss_total: 1.7797 Time: 2.032s
2025-07-09 19:59:01,221 INFO: In epoch 1246, pred_score1: tensor([0.3254], device='cuda:0', grad_fn=<SelectBackward0>), pred_score2: tensor([0.1613], device='cuda:0', grad_fn=<SelectBackward0>)
2025-07-09 19:59:01,221 INFO: pred: 0.21063187718391418
2025-07-09 19:59:01,612 INFO: [1246/1600] Train_Loss_total: 4.8177 Test_Loss_total: 1.7827 Time: 1.5359s
2025-07-09 19:59:02,854 INFO: In epoch 1247, pred_score1: tensor([0.2230], device='cuda:0', grad_fn=<SelectBackward0>), pred_score2: tensor([0.1027], device='cuda:0', grad_fn=<SelectBackward0>)
2025-07-09 19:59:02,854 INFO: pred: 0.17747759819030762
2025-07-09 19:59:03,237 INFO: [1247/1600] Train_Loss_total: 4.8178 Test_Loss_total: 1.8267 Time: 1.6247s
2025-07-09 19:59:04,317 INFO: In epoch 1248, pred_score1: tensor([0.1147], device='cuda:0', grad_fn=<SelectBackward0>), pred_score2: tensor([0.1622], device='cuda:0', grad_fn=<SelectBackward0>)
2025-07-09 19:59:04,317 INFO: pred: 0.22513461112976074
2025-07-09 19:59:04,704 INFO: [1248/1600] Train_Loss_total: 4.8159 Test_Loss_total: 1.7787 Time: 1.4663s
2025-07-09 19:59:05,778 INFO: In epoch 1249, pred_score1: tensor([0.1742], device='cuda:0', grad_fn=<SelectBackward0>), pred_score2: tensor([0.0865], device='cuda:0', grad_fn=<SelectBackward0>)
2025-07-09 19:59:05,779 INFO: pred: 0.17517583072185516
2025-07-09 19:59:06,164 INFO: [1249/1600] Train_Loss_total: 4.8155 Test_Loss_total: 1.7853 Time: 1.4597s
2025-07-09 19:59:07,268 INFO: In epoch 1250, pred_score1: tensor([0.1333], device='cuda:0', grad_fn=<SelectBackward0>), pred_score2: tensor([0.0656], device='cuda:0', grad_fn=<SelectBackward0>)
2025-07-09 19:59:07,268 INFO: pred: 0.19120460748672485
2025-07-09 19:59:07,650 INFO: [1250/1600] Train_Loss_total: 4.8162 Test_Loss_total: 1.8101 Time: 1.4857s
2025-07-09 19:59:08,718 INFO: In epoch 1251, pred_score1: tensor([0.1492], device='cuda:0', grad_fn=<SelectBackward0>), pred_score2: tensor([0.2041], device='cuda:0', grad_fn=<SelectBackward0>)
2025-07-09 19:59:08,718 INFO: pred: 0.19134537875652313
2025-07-09 19:59:09,117 INFO: [1251/1600] Train_Loss_total: 4.8161 Test_Loss_total: 1.7731 Time: 1.4667s
2025-07-09 19:59:10,199 INFO: In epoch 1252, pred_score1: tensor([0.1371], device='cuda:0', grad_fn=<SelectBackward0>), pred_score2: tensor([0.0959], device='cuda:0', grad_fn=<SelectBackward0>)
2025-07-09 19:59:10,199 INFO: pred: 0.19284602999687195
2025-07-09 19:59:10,713 INFO: [1252/1600] Train_Loss_total: 4.8156 Test_Loss_total: 1.7691 Time: 1.5961s
2025-07-09 19:59:12,280 INFO: In epoch 1253, pred_score1: tensor([0.1293], device='cuda:0', grad_fn=<SelectBackward0>), pred_score2: tensor([0.1490], device='cuda:0', grad_fn=<SelectBackward0>)
2025-07-09 19:59:12,281 INFO: pred: 0.1900150030851364
2025-07-09 19:59:12,683 INFO: [1253/1600] Train_Loss_total: 4.8154 Test_Loss_total: 1.7767 Time: 1.9695s
2025-07-09 19:59:13,752 INFO: In epoch 1254, pred_score1: tensor([0.0867], device='cuda:0', grad_fn=<SelectBackward0>), pred_score2: tensor([0.1493], device='cuda:0', grad_fn=<SelectBackward0>)
2025-07-09 19:59:13,752 INFO: pred: 0.18854227662086487
2025-07-09 19:59:14,158 INFO: [1254/1600] Train_Loss_total: 4.814 Test_Loss_total: 1.7916 Time: 1.4749s
2025-07-09 19:59:15,219 INFO: In epoch 1255, pred_score1: tensor([0.1012], device='cuda:0', grad_fn=<SelectBackward0>), pred_score2: tensor([0.1218], device='cuda:0', grad_fn=<SelectBackward0>)
2025-07-09 19:59:15,219 INFO: pred: 0.19230003654956818
2025-07-09 19:59:15,593 INFO: [1255/1600] Train_Loss_total: 4.8137 Test_Loss_total: 1.7763 Time: 1.4347s
2025-07-09 19:59:16,661 INFO: In epoch 1256, pred_score1: tensor([0.4810], device='cuda:0', grad_fn=<SelectBackward0>), pred_score2: tensor([0.9981], device='cuda:0', grad_fn=<SelectBackward0>)
2025-07-09 19:59:16,661 INFO: pred: 0.07075158506631851
2025-07-09 19:59:17,051 INFO: [1256/1600] Train_Loss_total: 4.814 Test_Loss_total: 1.7722 Time: 1.4575s
2025-07-09 19:59:18,138 INFO: In epoch 1257, pred_score1: tensor([0.0957], device='cuda:0', grad_fn=<SelectBackward0>), pred_score2: tensor([0.2031], device='cuda:0', grad_fn=<SelectBackward0>)
2025-07-09 19:59:18,138 INFO: pred: 0.13760897517204285
2025-07-09 19:59:18,522 INFO: [1257/1600] Train_Loss_total: 4.8141 Test_Loss_total: 1.7816 Time: 1.4705s
2025-07-09 19:59:19,587 INFO: In epoch 1258, pred_score1: tensor([0.1526], device='cuda:0', grad_fn=<SelectBackward0>), pred_score2: tensor([0.1168], device='cuda:0', grad_fn=<SelectBackward0>)
2025-07-09 19:59:19,587 INFO: pred: 0.19603292644023895
2025-07-09 19:59:19,972 INFO: [1258/1600] Train_Loss_total: 4.8132 Test_Loss_total: 1.7708 Time: 1.45s
2025-07-09 19:59:21,017 INFO: In epoch 1259, pred_score1: tensor([0.1239], device='cuda:0', grad_fn=<SelectBackward0>), pred_score2: tensor([0.1445], device='cuda:0', grad_fn=<SelectBackward0>)
2025-07-09 19:59:21,017 INFO: pred: 0.20468507707118988
2025-07-09 19:59:21,410 INFO: [1259/1600] Train_Loss_total: 4.8133 Test_Loss_total: 1.8296 Time: 1.4376s
2025-07-09 19:59:22,586 INFO: In epoch 1260, pred_score1: tensor([0.1711], device='cuda:0', grad_fn=<SelectBackward0>), pred_score2: tensor([0.0949], device='cuda:0', grad_fn=<SelectBackward0>)
2025-07-09 19:59:22,587 INFO: pred: 0.24134030938148499
2025-07-09 19:59:23,131 INFO: [1260/1600] Train_Loss_total: 4.8134 Test_Loss_total: 1.7777 Time: 1.7211s
2025-07-09 19:59:24,594 INFO: In epoch 1261, pred_score1: tensor([0.1412], device='cuda:0', grad_fn=<SelectBackward0>), pred_score2: tensor([0.1388], device='cuda:0', grad_fn=<SelectBackward0>)
2025-07-09 19:59:24,594 INFO: pred: 0.20450763404369354
2025-07-09 19:59:24,980 INFO: [1261/1600] Train_Loss_total: 4.8128 Test_Loss_total: 1.7713 Time: 1.848s
2025-07-09 19:59:26,048 INFO: In epoch 1262, pred_score1: tensor([0.1465], device='cuda:0', grad_fn=<SelectBackward0>), pred_score2: tensor([0.1435], device='cuda:0', grad_fn=<SelectBackward0>)
2025-07-09 19:59:26,048 INFO: pred: 0.21652062237262726
2025-07-09 19:59:26,419 INFO: [1262/1600] Train_Loss_total: 4.8122 Test_Loss_total: 1.8009 Time: 1.4393s
2025-07-09 19:59:27,486 INFO: In epoch 1263, pred_score1: tensor([0.4620], device='cuda:0', grad_fn=<SelectBackward0>), pred_score2: tensor([0.0639], device='cuda:0', grad_fn=<SelectBackward0>)
2025-07-09 19:59:27,486 INFO: pred: 0.19328433275222778
2025-07-09 19:59:27,889 INFO: [1263/1600] Train_Loss_total: 4.8125 Test_Loss_total: 1.7686 Time: 1.4701s
2025-07-09 19:59:28,955 INFO: In epoch 1264, pred_score1: tensor([0.0404], device='cuda:0', grad_fn=<SelectBackward0>), pred_score2: tensor([0.1620], device='cuda:0', grad_fn=<SelectBackward0>)
2025-07-09 19:59:28,956 INFO: pred: 0.1561717391014099
2025-07-09 19:59:29,337 INFO: [1264/1600] Train_Loss_total: 4.8118 Test_Loss_total: 1.782 Time: 1.4476s
2025-07-09 19:59:30,413 INFO: In epoch 1265, pred_score1: tensor([0.0839], device='cuda:0', grad_fn=<SelectBackward0>), pred_score2: tensor([0.1036], device='cuda:0', grad_fn=<SelectBackward0>)
2025-07-09 19:59:30,413 INFO: pred: 0.21684181690216064
2025-07-09 19:59:30,805 INFO: [1265/1600] Train_Loss_total: 4.8115 Test_Loss_total: 1.771 Time: 1.467s
2025-07-09 19:59:31,905 INFO: In epoch 1266, pred_score1: tensor([0.1764], device='cuda:0', grad_fn=<SelectBackward0>), pred_score2: tensor([0.2224], device='cuda:0', grad_fn=<SelectBackward0>)
2025-07-09 19:59:31,906 INFO: pred: 0.21862265467643738
2025-07-09 19:59:32,290 INFO: [1266/1600] Train_Loss_total: 4.8112 Test_Loss_total: 1.7782 Time: 1.4854s
2025-07-09 19:59:33,366 INFO: In epoch 1267, pred_score1: tensor([0.0856], device='cuda:0', grad_fn=<SelectBackward0>), pred_score2: tensor([0.1438], device='cuda:0', grad_fn=<SelectBackward0>)
2025-07-09 19:59:33,366 INFO: pred: 0.19037170708179474
2025-07-09 19:59:33,760 INFO: [1267/1600] Train_Loss_total: 4.8109 Test_Loss_total: 1.774 Time: 1.4692s
2025-07-09 19:59:35,045 INFO: In epoch 1268, pred_score1: tensor([0.4743], device='cuda:0', grad_fn=<SelectBackward0>), pred_score2: tensor([0.0541], device='cuda:0', grad_fn=<SelectBackward0>)
2025-07-09 19:59:35,045 INFO: pred: 0.21349182724952698
2025-07-09 19:59:35,565 INFO: [1268/1600] Train_Loss_total: 4.8112 Test_Loss_total: 1.7731 Time: 1.8053s
2025-07-09 19:59:36,930 INFO: In epoch 1269, pred_score1: tensor([0.1770], device='cuda:0', grad_fn=<SelectBackward0>), pred_score2: tensor([0.1520], device='cuda:0', grad_fn=<SelectBackward0>)
2025-07-09 19:59:36,930 INFO: pred: 0.20932768285274506
2025-07-09 19:59:37,317 INFO: [1269/1600] Train_Loss_total: 4.8105 Test_Loss_total: 1.802 Time: 1.7517s
2025-07-09 19:59:38,411 INFO: In epoch 1270, pred_score1: tensor([0.1849], device='cuda:0', grad_fn=<SelectBackward0>), pred_score2: tensor([0.1696], device='cuda:0', grad_fn=<SelectBackward0>)
2025-07-09 19:59:38,412 INFO: pred: 0.20462830364704132
2025-07-09 19:59:38,796 INFO: [1270/1600] Train_Loss_total: 4.8104 Test_Loss_total: 1.8041 Time: 1.4783s
2025-07-09 19:59:39,868 INFO: In epoch 1271, pred_score1: tensor([0.1339], device='cuda:0', grad_fn=<SelectBackward0>), pred_score2: tensor([0.1231], device='cuda:0', grad_fn=<SelectBackward0>)
2025-07-09 19:59:39,868 INFO: pred: 0.23541852831840515
2025-07-09 19:59:40,271 INFO: [1271/1600] Train_Loss_total: 4.8095 Test_Loss_total: 1.7833 Time: 1.4746s
2025-07-09 19:59:41,351 INFO: In epoch 1272, pred_score1: tensor([0.1952], device='cuda:0', grad_fn=<SelectBackward0>), pred_score2: tensor([0.1971], device='cuda:0', grad_fn=<SelectBackward0>)
2025-07-09 19:59:41,351 INFO: pred: 0.198468878865242
2025-07-09 19:59:41,730 INFO: [1272/1600] Train_Loss_total: 4.8097 Test_Loss_total: 1.7907 Time: 1.4594s
2025-07-09 19:59:42,813 INFO: In epoch 1273, pred_score1: tensor([0.4976], device='cuda:0', grad_fn=<SelectBackward0>), pred_score2: tensor([0.1027], device='cuda:0', grad_fn=<SelectBackward0>)
2025-07-09 19:59:42,813 INFO: pred: 0.30209389328956604
2025-07-09 19:59:43,216 INFO: [1273/1600] Train_Loss_total: 4.809 Test_Loss_total: 1.7737 Time: 1.4857s
2025-07-09 19:59:44,297 INFO: In epoch 1274, pred_score1: tensor([0.1787], device='cuda:0', grad_fn=<SelectBackward0>), pred_score2: tensor([0.1992], device='cuda:0', grad_fn=<SelectBackward0>)
2025-07-09 19:59:44,297 INFO: pred: 0.21069306135177612
2025-07-09 19:59:44,684 INFO: [1274/1600] Train_Loss_total: 4.809 Test_Loss_total: 1.7771 Time: 1.4679s
2025-07-09 19:59:45,752 INFO: In epoch 1275, pred_score1: tensor([0.1870], device='cuda:0', grad_fn=<SelectBackward0>), pred_score2: tensor([0.0940], device='cuda:0', grad_fn=<SelectBackward0>)
2025-07-09 19:59:45,752 INFO: pred: 0.19403070211410522
2025-07-09 19:59:46,151 INFO: [1275/1600] Train_Loss_total: 4.8087 Test_Loss_total: 1.833 Time: 1.4666s
2025-07-09 19:59:47,556 INFO: In epoch 1276, pred_score1: tensor([0.1800], device='cuda:0', grad_fn=<SelectBackward0>), pred_score2: tensor([0.2150], device='cuda:0', grad_fn=<SelectBackward0>)
2025-07-09 19:59:47,557 INFO: pred: 0.19280189275741577
2025-07-09 19:59:48,151 INFO: [1276/1600] Train_Loss_total: 4.8081 Test_Loss_total: 1.7756 Time: 1.9995s
2025-07-09 19:59:49,364 INFO: In epoch 1277, pred_score1: tensor([0.1571], device='cuda:0', grad_fn=<SelectBackward0>), pred_score2: tensor([0.1645], device='cuda:0', grad_fn=<SelectBackward0>)
2025-07-09 19:59:49,364 INFO: pred: 0.20063382387161255
2025-07-09 19:59:49,755 INFO: [1277/1600] Train_Loss_total: 4.8085 Test_Loss_total: 1.8079 Time: 1.6034s
2025-07-09 19:59:50,832 INFO: In epoch 1278, pred_score1: tensor([0.2694], device='cuda:0', grad_fn=<SelectBackward0>), pred_score2: tensor([0.9897], device='cuda:0', grad_fn=<SelectBackward0>)
2025-07-09 19:59:50,832 INFO: pred: -0.037919722497463226
2025-07-09 19:59:51,217 INFO: [1278/1600] Train_Loss_total: 4.8085 Test_Loss_total: 1.7784 Time: 1.4622s
2025-07-09 19:59:52,298 INFO: In epoch 1279, pred_score1: tensor([0.1013], device='cuda:0', grad_fn=<SelectBackward0>), pred_score2: tensor([0.1328], device='cuda:0', grad_fn=<SelectBackward0>)
2025-07-09 19:59:52,298 INFO: pred: 0.23775790631771088
2025-07-09 19:59:52,691 INFO: [1279/1600] Train_Loss_total: 4.8079 Test_Loss_total: 1.7806 Time: 1.4739s
2025-07-09 19:59:53,769 INFO: In epoch 1280, pred_score1: tensor([0.1243], device='cuda:0', grad_fn=<SelectBackward0>), pred_score2: tensor([0.1563], device='cuda:0', grad_fn=<SelectBackward0>)
2025-07-09 19:59:53,769 INFO: pred: 0.2280474454164505
2025-07-09 19:59:54,160 INFO: [1280/1600] Train_Loss_total: 4.8071 Test_Loss_total: 1.7765 Time: 1.4685s
2025-07-09 19:59:55,225 INFO: In epoch 1281, pred_score1: tensor([0.3239], device='cuda:0', grad_fn=<SelectBackward0>), pred_score2: tensor([0.1742], device='cuda:0', grad_fn=<SelectBackward0>)
2025-07-09 19:59:55,225 INFO: pred: 0.19810113310813904
2025-07-09 19:59:55,631 INFO: [1281/1600] Train_Loss_total: 4.8073 Test_Loss_total: 1.7769 Time: 1.4704s
2025-07-09 19:59:56,712 INFO: In epoch 1282, pred_score1: tensor([0.4597], device='cuda:0', grad_fn=<SelectBackward0>), pred_score2: tensor([0.0938], device='cuda:0', grad_fn=<SelectBackward0>)
2025-07-09 19:59:56,713 INFO: pred: 0.29671964049339294
2025-07-09 19:59:57,098 INFO: [1282/1600] Train_Loss_total: 4.8072 Test_Loss_total: 1.777 Time: 1.4674s
2025-07-09 19:59:58,169 INFO: In epoch 1283, pred_score1: tensor([0.4220], device='cuda:0', grad_fn=<SelectBackward0>), pred_score2: tensor([0.0983], device='cuda:0', grad_fn=<SelectBackward0>)
2025-07-09 19:59:58,170 INFO: pred: 0.30151835083961487
2025-07-09 19:59:58,573 INFO: [1283/1600] Train_Loss_total: 4.8065 Test_Loss_total: 1.8796 Time: 1.4747s
2025-07-09 20:00:00,111 INFO: In epoch 1284, pred_score1: tensor([0.1605], device='cuda:0', grad_fn=<SelectBackward0>), pred_score2: tensor([0.1281], device='cuda:0', grad_fn=<SelectBackward0>)
2025-07-09 20:00:00,112 INFO: pred: 0.19881068170070648
2025-07-09 20:00:00,664 INFO: [1284/1600] Train_Loss_total: 4.8067 Test_Loss_total: 1.7696 Time: 2.0901s
2025-07-09 20:00:01,751 INFO: In epoch 1285, pred_score1: tensor([0.4570], device='cuda:0', grad_fn=<SelectBackward0>), pred_score2: tensor([0.0996], device='cuda:0', grad_fn=<SelectBackward0>)
2025-07-09 20:00:01,751 INFO: pred: 0.21675735712051392
2025-07-09 20:00:02,144 INFO: [1285/1600] Train_Loss_total: 4.8061 Test_Loss_total: 1.8088 Time: 1.4804s
2025-07-09 20:00:03,214 INFO: In epoch 1286, pred_score1: tensor([0.1817], device='cuda:0', grad_fn=<SelectBackward0>), pred_score2: tensor([0.0559], device='cuda:0', grad_fn=<SelectBackward0>)
2025-07-09 20:00:03,214 INFO: pred: 0.21979749202728271
2025-07-09 20:00:03,592 INFO: [1286/1600] Train_Loss_total: 4.806 Test_Loss_total: 1.8386 Time: 1.4477s
2025-07-09 20:00:04,673 INFO: In epoch 1287, pred_score1: tensor([0.1480], device='cuda:0', grad_fn=<SelectBackward0>), pred_score2: tensor([0.4044], device='cuda:0', grad_fn=<SelectBackward0>)
2025-07-09 20:00:04,674 INFO: pred: 0.18737941980361938
2025-07-09 20:00:05,075 INFO: [1287/1600] Train_Loss_total: 4.8051 Test_Loss_total: 1.7761 Time: 1.4826s
2025-07-09 20:00:06,143 INFO: In epoch 1288, pred_score1: tensor([0.5998], device='cuda:0', grad_fn=<SelectBackward0>), pred_score2: tensor([0.1175], device='cuda:0', grad_fn=<SelectBackward0>)
2025-07-09 20:00:06,143 INFO: pred: 0.17283588647842407
2025-07-09 20:00:06,518 INFO: [1288/1600] Train_Loss_total: 4.8054 Test_Loss_total: 1.773 Time: 1.4421s
2025-07-09 20:00:07,611 INFO: In epoch 1289, pred_score1: tensor([0.2128], device='cuda:0', grad_fn=<SelectBackward0>), pred_score2: tensor([0.1764], device='cuda:0', grad_fn=<SelectBackward0>)
2025-07-09 20:00:07,611 INFO: pred: 0.1954888105392456
2025-07-09 20:00:08,012 INFO: [1289/1600] Train_Loss_total: 4.8045 Test_Loss_total: 1.8006 Time: 1.4945s
2025-07-09 20:00:09,085 INFO: In epoch 1290, pred_score1: tensor([0.0976], device='cuda:0', grad_fn=<SelectBackward0>), pred_score2: tensor([0.2839], device='cuda:0', grad_fn=<SelectBackward0>)
2025-07-09 20:00:09,085 INFO: pred: 0.2218674272298813
2025-07-09 20:00:09,461 INFO: [1290/1600] Train_Loss_total: 4.8045 Test_Loss_total: 1.769 Time: 1.4483s
2025-07-09 20:00:10,537 INFO: In epoch 1291, pred_score1: tensor([0.1500], device='cuda:0', grad_fn=<SelectBackward0>), pred_score2: tensor([0.1792], device='cuda:0', grad_fn=<SelectBackward0>)
2025-07-09 20:00:10,537 INFO: pred: 0.17732316255569458
2025-07-09 20:00:11,106 INFO: [1291/1600] Train_Loss_total: 4.8045 Test_Loss_total: 1.798 Time: 1.6447s
2025-07-09 20:00:12,629 INFO: In epoch 1292, pred_score1: tensor([0.3132], device='cuda:0', grad_fn=<SelectBackward0>), pred_score2: tensor([0.1606], device='cuda:0', grad_fn=<SelectBackward0>)
2025-07-09 20:00:12,629 INFO: pred: 0.2030927538871765
2025-07-09 20:00:13,012 INFO: [1292/1600] Train_Loss_total: 4.8041 Test_Loss_total: 1.7963 Time: 1.9043s
2025-07-09 20:00:14,079 INFO: In epoch 1293, pred_score1: tensor([0.1265], device='cuda:0', grad_fn=<SelectBackward0>), pred_score2: tensor([0.1717], device='cuda:0', grad_fn=<SelectBackward0>)
2025-07-09 20:00:14,080 INFO: pred: 0.19122445583343506
2025-07-09 20:00:14,471 INFO: [1293/1600] Train_Loss_total: 4.8041 Test_Loss_total: 1.7929 Time: 1.4581s
2025-07-09 20:00:15,544 INFO: In epoch 1294, pred_score1: tensor([0.1249], device='cuda:0', grad_fn=<SelectBackward0>), pred_score2: tensor([0.1402], device='cuda:0', grad_fn=<SelectBackward0>)
2025-07-09 20:00:15,545 INFO: pred: 0.20544132590293884
2025-07-09 20:00:15,921 INFO: [1294/1600] Train_Loss_total: 4.8033 Test_Loss_total: 1.8249 Time: 1.45s
2025-07-09 20:00:17,018 INFO: In epoch 1295, pred_score1: tensor([0.1906], device='cuda:0', grad_fn=<SelectBackward0>), pred_score2: tensor([0.1417], device='cuda:0', grad_fn=<SelectBackward0>)
2025-07-09 20:00:17,018 INFO: pred: 0.2015516459941864
2025-07-09 20:00:17,409 INFO: [1295/1600] Train_Loss_total: 4.8031 Test_Loss_total: 1.7802 Time: 1.4877s
2025-07-09 20:00:18,531 INFO: In epoch 1296, pred_score1: tensor([0.5092], device='cuda:0', grad_fn=<SelectBackward0>), pred_score2: tensor([0.0848], device='cuda:0', grad_fn=<SelectBackward0>)
2025-07-09 20:00:18,532 INFO: pred: 0.24023571610450745
2025-07-09 20:00:18,914 INFO: [1296/1600] Train_Loss_total: 4.8029 Test_Loss_total: 1.7736 Time: 1.5042s
2025-07-09 20:00:19,987 INFO: In epoch 1297, pred_score1: tensor([0.2355], device='cuda:0', grad_fn=<SelectBackward0>), pred_score2: tensor([0.2102], device='cuda:0', grad_fn=<SelectBackward0>)
2025-07-09 20:00:19,987 INFO: pred: 0.21354006230831146
2025-07-09 20:00:20,365 INFO: [1297/1600] Train_Loss_total: 4.8029 Test_Loss_total: 1.7904 Time: 1.4506s
2025-07-09 20:00:21,443 INFO: In epoch 1298, pred_score1: tensor([0.1225], device='cuda:0', grad_fn=<SelectBackward0>), pred_score2: tensor([0.1659], device='cuda:0', grad_fn=<SelectBackward0>)
2025-07-09 20:00:21,443 INFO: pred: 0.13777588307857513
2025-07-09 20:00:21,835 INFO: [1298/1600] Train_Loss_total: 4.8022 Test_Loss_total: 1.7783 Time: 1.4704s
2025-07-09 20:00:23,063 INFO: In epoch 1299, pred_score1: tensor([0.0931], device='cuda:0', grad_fn=<SelectBackward0>), pred_score2: tensor([0.1189], device='cuda:0', grad_fn=<SelectBackward0>)
2025-07-09 20:00:23,063 INFO: pred: 0.19351078569889069
2025-07-09 20:00:23,608 INFO: [1299/1600] Train_Loss_total: 4.802 Test_Loss_total: 1.7809 Time: 1.7724s
2025-07-09 20:00:25,010 INFO: In epoch 1300, pred_score1: tensor([0.1320], device='cuda:0', grad_fn=<SelectBackward0>), pred_score2: tensor([0.1175], device='cuda:0', grad_fn=<SelectBackward0>)
2025-07-09 20:00:25,011 INFO: pred: 0.20973758399486542
2025-07-09 20:00:25,402 INFO: [1300/1600] Train_Loss_total: 4.8022 Test_Loss_total: 1.8023 Time: 1.7937s
2025-07-09 20:00:26,484 INFO: In epoch 1301, pred_score1: tensor([0.7272], device='cuda:0', grad_fn=<SelectBackward0>), pred_score2: tensor([0.0576], device='cuda:0', grad_fn=<SelectBackward0>)
2025-07-09 20:00:26,484 INFO: pred: 0.18523602187633514
2025-07-09 20:00:26,920 INFO: [1301/1600] Train_Loss_total: 4.8015 Test_Loss_total: 1.7717 Time: 1.5176s
2025-07-09 20:00:27,987 INFO: In epoch 1302, pred_score1: tensor([0.3203], device='cuda:0', grad_fn=<SelectBackward0>), pred_score2: tensor([0.1545], device='cuda:0', grad_fn=<SelectBackward0>)
2025-07-09 20:00:27,987 INFO: pred: 0.21670211851596832
2025-07-09 20:00:28,374 INFO: [1302/1600] Train_Loss_total: 4.8014 Test_Loss_total: 1.781 Time: 1.4545s
2025-07-09 20:00:29,621 INFO: In epoch 1303, pred_score1: tensor([0.5024], device='cuda:0', grad_fn=<SelectBackward0>), pred_score2: tensor([0.0974], device='cuda:0', grad_fn=<SelectBackward0>)
2025-07-09 20:00:29,621 INFO: pred: 0.3040982782840729
2025-07-09 20:00:30,025 INFO: [1303/1600] Train_Loss_total: 4.8023 Test_Loss_total: 1.8086 Time: 1.6499s
2025-07-09 20:00:31,097 INFO: In epoch 1304, pred_score1: tensor([0.1030], device='cuda:0', grad_fn=<SelectBackward0>), pred_score2: tensor([0.2598], device='cuda:0', grad_fn=<SelectBackward0>)
2025-07-09 20:00:31,097 INFO: pred: 0.15049207210540771
2025-07-09 20:00:31,475 INFO: [1304/1600] Train_Loss_total: 4.8017 Test_Loss_total: 1.7872 Time: 1.4501s
2025-07-09 20:00:32,568 INFO: In epoch 1305, pred_score1: tensor([0.1303], device='cuda:0', grad_fn=<SelectBackward0>), pred_score2: tensor([0.1157], device='cuda:0', grad_fn=<SelectBackward0>)
2025-07-09 20:00:32,569 INFO: pred: 0.20919868350028992
2025-07-09 20:00:32,966 INFO: [1305/1600] Train_Loss_total: 4.8007 Test_Loss_total: 1.7813 Time: 1.4907s
2025-07-09 20:00:34,028 INFO: In epoch 1306, pred_score1: tensor([0.1745], device='cuda:0', grad_fn=<SelectBackward0>), pred_score2: tensor([0.1503], device='cuda:0', grad_fn=<SelectBackward0>)
2025-07-09 20:00:34,028 INFO: pred: 0.18898914754390717
2025-07-09 20:00:34,410 INFO: [1306/1600] Train_Loss_total: 4.8006 Test_Loss_total: 1.8006 Time: 1.4439s
2025-07-09 20:00:35,788 INFO: In epoch 1307, pred_score1: tensor([0.2336], device='cuda:0', grad_fn=<SelectBackward0>), pred_score2: tensor([0.2135], device='cuda:0', grad_fn=<SelectBackward0>)
2025-07-09 20:00:35,788 INFO: pred: 0.21408545970916748
2025-07-09 20:00:36,352 INFO: [1307/1600] Train_Loss_total: 4.8005 Test_Loss_total: 1.7764 Time: 1.9411s
2025-07-09 20:00:37,590 INFO: In epoch 1308, pred_score1: tensor([0.1704], device='cuda:0', grad_fn=<SelectBackward0>), pred_score2: tensor([0.0935], device='cuda:0', grad_fn=<SelectBackward0>)
2025-07-09 20:00:37,590 INFO: pred: 0.18613755702972412
2025-07-09 20:00:37,968 INFO: [1308/1600] Train_Loss_total: 4.8008 Test_Loss_total: 1.7722 Time: 1.6162s
2025-07-09 20:00:39,049 INFO: In epoch 1309, pred_score1: tensor([0.1897], device='cuda:0', grad_fn=<SelectBackward0>), pred_score2: tensor([0.1334], device='cuda:0', grad_fn=<SelectBackward0>)
2025-07-09 20:00:39,050 INFO: pred: 0.20134730637073517
2025-07-09 20:00:39,447 INFO: [1309/1600] Train_Loss_total: 4.7995 Test_Loss_total: 1.7921 Time: 1.4784s
2025-07-09 20:00:40,525 INFO: In epoch 1310, pred_score1: tensor([0.2099], device='cuda:0', grad_fn=<SelectBackward0>), pred_score2: tensor([0.1833], device='cuda:0', grad_fn=<SelectBackward0>)
2025-07-09 20:00:40,525 INFO: pred: 0.21738164126873016
2025-07-09 20:00:40,910 INFO: [1310/1600] Train_Loss_total: 4.8001 Test_Loss_total: 1.7735 Time: 1.4633s
2025-07-09 20:00:41,993 INFO: In epoch 1311, pred_score1: tensor([0.1638], device='cuda:0', grad_fn=<SelectBackward0>), pred_score2: tensor([0.1606], device='cuda:0', grad_fn=<SelectBackward0>)
2025-07-09 20:00:41,994 INFO: pred: 0.1996958702802658
2025-07-09 20:00:42,386 INFO: [1311/1600] Train_Loss_total: 4.7999 Test_Loss_total: 1.7753 Time: 1.4755s
2025-07-09 20:00:43,459 INFO: In epoch 1312, pred_score1: tensor([0.1852], device='cuda:0', grad_fn=<SelectBackward0>), pred_score2: tensor([0.0953], device='cuda:0', grad_fn=<SelectBackward0>)
2025-07-09 20:00:43,459 INFO: pred: 0.19197386503219604
2025-07-09 20:00:43,839 INFO: [1312/1600] Train_Loss_total: 4.7993 Test_Loss_total: 1.8229 Time: 1.4529s
2025-07-09 20:00:44,919 INFO: In epoch 1313, pred_score1: tensor([0.2867], device='cuda:0', grad_fn=<SelectBackward0>), pred_score2: tensor([0.2014], device='cuda:0', grad_fn=<SelectBackward0>)
2025-07-09 20:00:44,919 INFO: pred: 0.19756533205509186
2025-07-09 20:00:45,308 INFO: [1313/1600] Train_Loss_total: 4.7989 Test_Loss_total: 1.8452 Time: 1.469s
2025-07-09 20:00:46,381 INFO: In epoch 1314, pred_score1: tensor([0.1281], device='cuda:0', grad_fn=<SelectBackward0>), pred_score2: tensor([0.0927], device='cuda:0', grad_fn=<SelectBackward0>)
2025-07-09 20:00:46,381 INFO: pred: 0.2223505973815918
2025-07-09 20:00:46,801 INFO: [1314/1600] Train_Loss_total: 4.7983 Test_Loss_total: 1.7781 Time: 1.4921s
2025-07-09 20:00:48,361 INFO: In epoch 1315, pred_score1: tensor([0.2675], device='cuda:0', grad_fn=<SelectBackward0>), pred_score2: tensor([0.1682], device='cuda:0', grad_fn=<SelectBackward0>)
2025-07-09 20:00:48,361 INFO: pred: 0.19888968765735626
2025-07-09 20:00:48,911 INFO: [1315/1600] Train_Loss_total: 4.7992 Test_Loss_total: 1.7735 Time: 2.1104s
2025-07-09 20:00:49,985 INFO: In epoch 1316, pred_score1: tensor([0.1881], device='cuda:0', grad_fn=<SelectBackward0>), pred_score2: tensor([0.1597], device='cuda:0', grad_fn=<SelectBackward0>)
2025-07-09 20:00:49,986 INFO: pred: 0.17803563177585602
2025-07-09 20:00:50,378 INFO: [1316/1600] Train_Loss_total: 4.798 Test_Loss_total: 1.7788 Time: 1.4664s
2025-07-09 20:00:51,466 INFO: In epoch 1317, pred_score1: tensor([0.1869], device='cuda:0', grad_fn=<SelectBackward0>), pred_score2: tensor([0.0457], device='cuda:0', grad_fn=<SelectBackward0>)
2025-07-09 20:00:51,466 INFO: pred: 0.28990262746810913
2025-07-09 20:00:51,876 INFO: [1317/1600] Train_Loss_total: 4.7979 Test_Loss_total: 1.7739 Time: 1.4981s
2025-07-09 20:00:52,937 INFO: In epoch 1318, pred_score1: tensor([0.1652], device='cuda:0', grad_fn=<SelectBackward0>), pred_score2: tensor([0.1234], device='cuda:0', grad_fn=<SelectBackward0>)
2025-07-09 20:00:52,937 INFO: pred: 0.1997411847114563
2025-07-09 20:00:53,320 INFO: [1318/1600] Train_Loss_total: 4.7975 Test_Loss_total: 1.797 Time: 1.4428s
2025-07-09 20:00:54,423 INFO: In epoch 1319, pred_score1: tensor([0.1353], device='cuda:0', grad_fn=<SelectBackward0>), pred_score2: tensor([0.1571], device='cuda:0', grad_fn=<SelectBackward0>)
2025-07-09 20:00:54,423 INFO: pred: 0.19073531031608582
2025-07-09 20:00:54,821 INFO: [1319/1600] Train_Loss_total: 4.797 Test_Loss_total: 1.7747 Time: 1.501s
2025-07-09 20:00:55,880 INFO: In epoch 1320, pred_score1: tensor([0.1321], device='cuda:0', grad_fn=<SelectBackward0>), pred_score2: tensor([0.1549], device='cuda:0', grad_fn=<SelectBackward0>)
2025-07-09 20:00:55,880 INFO: pred: 0.2278231829404831
2025-07-09 20:00:56,269 INFO: [1320/1600] Train_Loss_total: 4.7964 Test_Loss_total: 1.7721 Time: 1.4479s
2025-07-09 20:00:57,357 INFO: In epoch 1321, pred_score1: tensor([0.1281], device='cuda:0', grad_fn=<SelectBackward0>), pred_score2: tensor([0.1199], device='cuda:0', grad_fn=<SelectBackward0>)
2025-07-09 20:00:57,358 INFO: pred: 0.20976178348064423
2025-07-09 20:00:57,741 INFO: [1321/1600] Train_Loss_total: 4.7968 Test_Loss_total: 1.7675 Time: 1.4715s
2025-07-09 20:00:58,809 INFO: In epoch 1322, pred_score1: tensor([0.7362], device='cuda:0', grad_fn=<SelectBackward0>), pred_score2: tensor([0.1667], device='cuda:0', grad_fn=<SelectBackward0>)
2025-07-09 20:00:58,810 INFO: pred: 0.28875309228897095
2025-07-09 20:00:59,380 INFO: [1322/1600] Train_Loss_total: 4.7963 Test_Loss_total: 1.7743 Time: 1.639s
2025-07-09 20:01:00,911 INFO: In epoch 1323, pred_score1: tensor([0.1383], device='cuda:0', grad_fn=<SelectBackward0>), pred_score2: tensor([0.1746], device='cuda:0', grad_fn=<SelectBackward0>)
2025-07-09 20:01:00,912 INFO: pred: 0.19562408328056335
2025-07-09 20:01:01,308 INFO: [1323/1600] Train_Loss_total: 4.7963 Test_Loss_total: 1.7944 Time: 1.9273s
2025-07-09 20:01:02,394 INFO: In epoch 1324, pred_score1: tensor([0.1309], device='cuda:0', grad_fn=<SelectBackward0>), pred_score2: tensor([0.1137], device='cuda:0', grad_fn=<SelectBackward0>)
2025-07-09 20:01:02,394 INFO: pred: 0.21034395694732666
2025-07-09 20:01:02,787 INFO: [1324/1600] Train_Loss_total: 4.7972 Test_Loss_total: 1.7755 Time: 1.4789s
2025-07-09 20:01:03,872 INFO: In epoch 1325, pred_score1: tensor([0.2768], device='cuda:0', grad_fn=<SelectBackward0>), pred_score2: tensor([0.9911], device='cuda:0', grad_fn=<SelectBackward0>)
2025-07-09 20:01:03,872 INFO: pred: -0.03430139273405075
2025-07-09 20:01:04,267 INFO: [1325/1600] Train_Loss_total: 4.7974 Test_Loss_total: 1.7726 Time: 1.4797s
2025-07-09 20:01:05,333 INFO: In epoch 1326, pred_score1: tensor([0.1194], device='cuda:0', grad_fn=<SelectBackward0>), pred_score2: tensor([0.1426], device='cuda:0', grad_fn=<SelectBackward0>)
2025-07-09 20:01:05,333 INFO: pred: 0.20150324702262878
2025-07-09 20:01:05,721 INFO: [1326/1600] Train_Loss_total: 4.7955 Test_Loss_total: 1.7714 Time: 1.4545s
2025-07-09 20:01:06,788 INFO: In epoch 1327, pred_score1: tensor([0.2088], device='cuda:0', grad_fn=<SelectBackward0>), pred_score2: tensor([0.1775], device='cuda:0', grad_fn=<SelectBackward0>)
2025-07-09 20:01:06,788 INFO: pred: 0.21750223636627197
2025-07-09 20:01:07,196 INFO: [1327/1600] Train_Loss_total: 4.7959 Test_Loss_total: 1.8395 Time: 1.474s
2025-07-09 20:01:08,275 INFO: In epoch 1328, pred_score1: tensor([0.4672], device='cuda:0', grad_fn=<SelectBackward0>), pred_score2: tensor([0.0645], device='cuda:0', grad_fn=<SelectBackward0>)
2025-07-09 20:01:08,275 INFO: pred: 0.2846636176109314
2025-07-09 20:01:08,671 INFO: [1328/1600] Train_Loss_total: 4.7953 Test_Loss_total: 1.7806 Time: 1.4755s
2025-07-09 20:01:09,752 INFO: In epoch 1329, pred_score1: tensor([0.1210], device='cuda:0', grad_fn=<SelectBackward0>), pred_score2: tensor([0.0660], device='cuda:0', grad_fn=<SelectBackward0>)
2025-07-09 20:01:09,752 INFO: pred: 0.19546101987361908
2025-07-09 20:01:10,198 INFO: [1329/1600] Train_Loss_total: 4.7945 Test_Loss_total: 1.8103 Time: 1.5259s
2025-07-09 20:01:11,477 INFO: In epoch 1330, pred_score1: tensor([0.1811], device='cuda:0', grad_fn=<SelectBackward0>), pred_score2: tensor([0.0770], device='cuda:0', grad_fn=<SelectBackward0>)
2025-07-09 20:01:11,477 INFO: pred: 0.20636019110679626
2025-07-09 20:01:12,022 INFO: [1330/1600] Train_Loss_total: 4.7956 Test_Loss_total: 1.7704 Time: 1.8244s
2025-07-09 20:01:13,376 INFO: In epoch 1331, pred_score1: tensor([0.1397], device='cuda:0', grad_fn=<SelectBackward0>), pred_score2: tensor([0.0979], device='cuda:0', grad_fn=<SelectBackward0>)
2025-07-09 20:01:13,376 INFO: pred: 0.19190505146980286
2025-07-09 20:01:13,773 INFO: [1331/1600] Train_Loss_total: 4.7948 Test_Loss_total: 1.7751 Time: 1.7504s
2025-07-09 20:01:14,848 INFO: In epoch 1332, pred_score1: tensor([0.1112], device='cuda:0', grad_fn=<SelectBackward0>), pred_score2: tensor([0.0570], device='cuda:0', grad_fn=<SelectBackward0>)
2025-07-09 20:01:14,849 INFO: pred: 0.21861989796161652
2025-07-09 20:01:15,237 INFO: [1332/1600] Train_Loss_total: 4.7942 Test_Loss_total: 1.7768 Time: 1.4637s
2025-07-09 20:01:16,302 INFO: In epoch 1333, pred_score1: tensor([0.4547], device='cuda:0', grad_fn=<SelectBackward0>), pred_score2: tensor([0.0977], device='cuda:0', grad_fn=<SelectBackward0>)
2025-07-09 20:01:16,302 INFO: pred: 0.21801535785198212
2025-07-09 20:01:16,685 INFO: [1333/1600] Train_Loss_total: 4.7938 Test_Loss_total: 1.7767 Time: 1.4477s
2025-07-09 20:01:17,747 INFO: In epoch 1334, pred_score1: tensor([0.1397], device='cuda:0', grad_fn=<SelectBackward0>), pred_score2: tensor([0.1290], device='cuda:0', grad_fn=<SelectBackward0>)
2025-07-09 20:01:17,748 INFO: pred: 0.2019265741109848
2025-07-09 20:01:18,143 INFO: [1334/1600] Train_Loss_total: 4.7932 Test_Loss_total: 1.7704 Time: 1.4576s
2025-07-09 20:01:19,242 INFO: In epoch 1335, pred_score1: tensor([0.1268], device='cuda:0', grad_fn=<SelectBackward0>), pred_score2: tensor([0.1127], device='cuda:0', grad_fn=<SelectBackward0>)
2025-07-09 20:01:19,242 INFO: pred: 0.2559452950954437
2025-07-09 20:01:19,625 INFO: [1335/1600] Train_Loss_total: 4.7943 Test_Loss_total: 1.7649 Time: 1.4817s
2025-07-09 20:01:20,703 INFO: In epoch 1336, pred_score1: tensor([0.2298], device='cuda:0', grad_fn=<SelectBackward0>), pred_score2: tensor([0.1972], device='cuda:0', grad_fn=<SelectBackward0>)
2025-07-09 20:01:20,703 INFO: pred: 0.21654273569583893
2025-07-09 20:01:21,105 INFO: [1336/1600] Train_Loss_total: 4.7933 Test_Loss_total: 1.7738 Time: 1.4796s
2025-07-09 20:01:22,180 INFO: In epoch 1337, pred_score1: tensor([0.1240], device='cuda:0', grad_fn=<SelectBackward0>), pred_score2: tensor([0.1519], device='cuda:0', grad_fn=<SelectBackward0>)
2025-07-09 20:01:22,180 INFO: pred: 0.2305903434753418
2025-07-09 20:01:22,570 INFO: [1337/1600] Train_Loss_total: 4.7923 Test_Loss_total: 1.7776 Time: 1.4646s
2025-07-09 20:01:23,984 INFO: In epoch 1338, pred_score1: tensor([0.0759], device='cuda:0', grad_fn=<SelectBackward0>), pred_score2: tensor([0.1824], device='cuda:0', grad_fn=<SelectBackward0>)
2025-07-09 20:01:23,984 INFO: pred: 0.20018362998962402
2025-07-09 20:01:24,544 INFO: [1338/1600] Train_Loss_total: 4.7924 Test_Loss_total: 1.7978 Time: 1.9743s
2025-07-09 20:01:25,751 INFO: In epoch 1339, pred_score1: tensor([0.2282], device='cuda:0', grad_fn=<SelectBackward0>), pred_score2: tensor([0.1300], device='cuda:0', grad_fn=<SelectBackward0>)
2025-07-09 20:01:25,751 INFO: pred: 0.20904655754566193
2025-07-09 20:01:26,150 INFO: [1339/1600] Train_Loss_total: 4.7919 Test_Loss_total: 1.7807 Time: 1.6057s
2025-07-09 20:01:27,224 INFO: In epoch 1340, pred_score1: tensor([0.1035], device='cuda:0', grad_fn=<SelectBackward0>), pred_score2: tensor([0.2876], device='cuda:0', grad_fn=<SelectBackward0>)
2025-07-09 20:01:27,225 INFO: pred: 0.171660378575325
2025-07-09 20:01:27,612 INFO: [1340/1600] Train_Loss_total: 4.7919 Test_Loss_total: 1.783 Time: 1.4617s
2025-07-09 20:01:28,685 INFO: In epoch 1341, pred_score1: tensor([0.1012], device='cuda:0', grad_fn=<SelectBackward0>), pred_score2: tensor([0.1902], device='cuda:0', grad_fn=<SelectBackward0>)
2025-07-09 20:01:28,685 INFO: pred: 0.2012481689453125
2025-07-09 20:01:29,069 INFO: [1341/1600] Train_Loss_total: 4.7918 Test_Loss_total: 1.766 Time: 1.4571s
2025-07-09 20:01:30,171 INFO: In epoch 1342, pred_score1: tensor([0.0914], device='cuda:0', grad_fn=<SelectBackward0>), pred_score2: tensor([0.1423], device='cuda:0', grad_fn=<SelectBackward0>)
2025-07-09 20:01:30,172 INFO: pred: 0.21377825736999512
2025-07-09 20:01:30,566 INFO: [1342/1600] Train_Loss_total: 4.7912 Test_Loss_total: 1.7729 Time: 1.4968s
2025-07-09 20:01:31,659 INFO: In epoch 1343, pred_score1: tensor([0.1941], device='cuda:0', grad_fn=<SelectBackward0>), pred_score2: tensor([0.2138], device='cuda:0', grad_fn=<SelectBackward0>)
2025-07-09 20:01:31,659 INFO: pred: 0.2005762904882431
2025-07-09 20:01:32,219 INFO: [1343/1600] Train_Loss_total: 4.7911 Test_Loss_total: 1.8053 Time: 1.652s
2025-07-09 20:01:33,308 INFO: In epoch 1344, pred_score1: tensor([0.2773], device='cuda:0', grad_fn=<SelectBackward0>), pred_score2: tensor([0.1352], device='cuda:0', grad_fn=<SelectBackward0>)
2025-07-09 20:01:33,308 INFO: pred: 0.06793341785669327
2025-07-09 20:01:33,693 INFO: [1344/1600] Train_Loss_total: 4.7906 Test_Loss_total: 1.7748 Time: 1.474s
2025-07-09 20:01:34,762 INFO: In epoch 1345, pred_score1: tensor([0.1184], device='cuda:0', grad_fn=<SelectBackward0>), pred_score2: tensor([0.1174], device='cuda:0', grad_fn=<SelectBackward0>)
2025-07-09 20:01:34,762 INFO: pred: 0.1643492728471756
2025-07-09 20:01:35,250 INFO: [1345/1600] Train_Loss_total: 4.7911 Test_Loss_total: 1.7774 Time: 1.5568s
2025-07-09 20:01:36,775 INFO: In epoch 1346, pred_score1: tensor([0.1267], device='cuda:0', grad_fn=<SelectBackward0>), pred_score2: tensor([0.1299], device='cuda:0', grad_fn=<SelectBackward0>)
2025-07-09 20:01:36,776 INFO: pred: 0.2021533101797104
2025-07-09 20:01:37,298 INFO: [1346/1600] Train_Loss_total: 4.7907 Test_Loss_total: 1.7701 Time: 2.0472s
2025-07-09 20:01:38,376 INFO: In epoch 1347, pred_score1: tensor([0.0968], device='cuda:0', grad_fn=<SelectBackward0>), pred_score2: tensor([0.2179], device='cuda:0', grad_fn=<SelectBackward0>)
2025-07-09 20:01:38,376 INFO: pred: 0.18432246148586273
2025-07-09 20:01:38,783 INFO: [1347/1600] Train_Loss_total: 4.7907 Test_Loss_total: 1.7925 Time: 1.4852s
2025-07-09 20:01:39,880 INFO: In epoch 1348, pred_score1: tensor([0.2862], device='cuda:0', grad_fn=<SelectBackward0>), pred_score2: tensor([0.2501], device='cuda:0', grad_fn=<SelectBackward0>)
2025-07-09 20:01:39,880 INFO: pred: 0.1778842806816101
2025-07-09 20:01:40,275 INFO: [1348/1600] Train_Loss_total: 4.7901 Test_Loss_total: 1.7759 Time: 1.4912s
2025-07-09 20:01:41,358 INFO: In epoch 1349, pred_score1: tensor([0.1800], device='cuda:0', grad_fn=<SelectBackward0>), pred_score2: tensor([0.0415], device='cuda:0', grad_fn=<SelectBackward0>)
2025-07-09 20:01:41,358 INFO: pred: 0.29035577178001404
2025-07-09 20:01:41,769 INFO: [1349/1600] Train_Loss_total: 4.7898 Test_Loss_total: 1.7838 Time: 1.4938s
2025-07-09 20:01:42,842 INFO: In epoch 1350, pred_score1: tensor([0.1763], device='cuda:0', grad_fn=<SelectBackward0>), pred_score2: tensor([0.0930], device='cuda:0', grad_fn=<SelectBackward0>)
2025-07-09 20:01:42,842 INFO: pred: 0.1923939436674118
2025-07-09 20:01:43,237 INFO: [1350/1600] Train_Loss_total: 4.7898 Test_Loss_total: 1.7665 Time: 1.4683s
2025-07-09 20:01:44,314 INFO: In epoch 1351, pred_score1: tensor([0.0952], device='cuda:0', grad_fn=<SelectBackward0>), pred_score2: tensor([0.1071], device='cuda:0', grad_fn=<SelectBackward0>)
2025-07-09 20:01:44,314 INFO: pred: 0.04568719491362572
2025-07-09 20:01:44,722 INFO: [1351/1600] Train_Loss_total: 4.7889 Test_Loss_total: 1.782 Time: 1.4842s
2025-07-09 20:01:45,811 INFO: In epoch 1352, pred_score1: tensor([0.1516], device='cuda:0', grad_fn=<SelectBackward0>), pred_score2: tensor([0.1659], device='cuda:0', grad_fn=<SelectBackward0>)
2025-07-09 20:01:45,811 INFO: pred: 0.17921790480613708
2025-07-09 20:01:46,203 INFO: [1352/1600] Train_Loss_total: 4.789 Test_Loss_total: 1.7942 Time: 1.4815s
2025-07-09 20:01:47,385 INFO: In epoch 1353, pred_score1: tensor([0.2247], device='cuda:0', grad_fn=<SelectBackward0>), pred_score2: tensor([0.1320], device='cuda:0', grad_fn=<SelectBackward0>)
2025-07-09 20:01:47,385 INFO: pred: 0.2097940891981125
2025-07-09 20:01:47,938 INFO: [1353/1600] Train_Loss_total: 4.7897 Test_Loss_total: 1.7837 Time: 1.734s
2025-07-09 20:01:49,446 INFO: In epoch 1354, pred_score1: tensor([0.2015], device='cuda:0', grad_fn=<SelectBackward0>), pred_score2: tensor([0.2018], device='cuda:0', grad_fn=<SelectBackward0>)
2025-07-09 20:01:49,446 INFO: pred: 0.2046155333518982
2025-07-09 20:01:49,842 INFO: [1354/1600] Train_Loss_total: 4.7892 Test_Loss_total: 1.7726 Time: 1.9039s
2025-07-09 20:01:50,909 INFO: In epoch 1355, pred_score1: tensor([0.1414], device='cuda:0', grad_fn=<SelectBackward0>), pred_score2: tensor([0.1295], device='cuda:0', grad_fn=<SelectBackward0>)
2025-07-09 20:01:50,909 INFO: pred: 0.22896695137023926
2025-07-09 20:01:51,323 INFO: [1355/1600] Train_Loss_total: 4.7881 Test_Loss_total: 1.7706 Time: 1.4806s
2025-07-09 20:01:52,430 INFO: In epoch 1356, pred_score1: tensor([0.0979], device='cuda:0', grad_fn=<SelectBackward0>), pred_score2: tensor([0.1885], device='cuda:0', grad_fn=<SelectBackward0>)
2025-07-09 20:01:52,431 INFO: pred: 0.18285758793354034
2025-07-09 20:01:52,824 INFO: [1356/1600] Train_Loss_total: 4.7878 Test_Loss_total: 1.798 Time: 1.501s
2025-07-09 20:01:53,902 INFO: In epoch 1357, pred_score1: tensor([0.3953], device='cuda:0', grad_fn=<SelectBackward0>), pred_score2: tensor([0.0996], device='cuda:0', grad_fn=<SelectBackward0>)
2025-07-09 20:01:53,902 INFO: pred: 0.3001187741756439
2025-07-09 20:01:54,307 INFO: [1357/1600] Train_Loss_total: 4.7885 Test_Loss_total: 1.7979 Time: 1.4829s
2025-07-09 20:01:55,401 INFO: In epoch 1358, pred_score1: tensor([0.1751], device='cuda:0', grad_fn=<SelectBackward0>), pred_score2: tensor([0.1174], device='cuda:0', grad_fn=<SelectBackward0>)
2025-07-09 20:01:55,401 INFO: pred: 0.2045752853155136
2025-07-09 20:01:55,787 INFO: [1358/1600] Train_Loss_total: 4.7875 Test_Loss_total: 1.7791 Time: 1.4801s
2025-07-09 20:01:56,858 INFO: In epoch 1359, pred_score1: tensor([0.2799], device='cuda:0', grad_fn=<SelectBackward0>), pred_score2: tensor([0.0293], device='cuda:0', grad_fn=<SelectBackward0>)
2025-07-09 20:01:56,859 INFO: pred: 0.2550976872444153
2025-07-09 20:01:57,260 INFO: [1359/1600] Train_Loss_total: 4.7872 Test_Loss_total: 1.769 Time: 1.472s
2025-07-09 20:01:58,360 INFO: In epoch 1360, pred_score1: tensor([0.0400], device='cuda:0', grad_fn=<SelectBackward0>), pred_score2: tensor([0.1231], device='cuda:0', grad_fn=<SelectBackward0>)
2025-07-09 20:01:58,361 INFO: pred: 0.20749376714229584
2025-07-09 20:01:58,749 INFO: [1360/1600] Train_Loss_total: 4.787 Test_Loss_total: 1.8152 Time: 1.4892s
2025-07-09 20:02:00,102 INFO: In epoch 1361, pred_score1: tensor([0.1589], device='cuda:0', grad_fn=<SelectBackward0>), pred_score2: tensor([0.1487], device='cuda:0', grad_fn=<SelectBackward0>)
2025-07-09 20:02:00,103 INFO: pred: 0.21679788827896118
2025-07-09 20:02:00,690 INFO: [1361/1600] Train_Loss_total: 4.7871 Test_Loss_total: 1.7704 Time: 1.941s
2025-07-09 20:02:01,984 INFO: In epoch 1362, pred_score1: tensor([0.3776], device='cuda:0', grad_fn=<SelectBackward0>), pred_score2: tensor([0.1741], device='cuda:0', grad_fn=<SelectBackward0>)
2025-07-09 20:02:01,985 INFO: pred: 0.1735379546880722
2025-07-09 20:02:02,374 INFO: [1362/1600] Train_Loss_total: 4.7866 Test_Loss_total: 1.7731 Time: 1.6828s
2025-07-09 20:02:03,441 INFO: In epoch 1363, pred_score1: tensor([0.1232], device='cuda:0', grad_fn=<SelectBackward0>), pred_score2: tensor([0.1491], device='cuda:0', grad_fn=<SelectBackward0>)
2025-07-09 20:02:03,442 INFO: pred: 0.17469124495983124
2025-07-09 20:02:03,848 INFO: [1363/1600] Train_Loss_total: 4.7871 Test_Loss_total: 1.7927 Time: 1.4746s
2025-07-09 20:02:04,929 INFO: In epoch 1364, pred_score1: tensor([0.0897], device='cuda:0', grad_fn=<SelectBackward0>), pred_score2: tensor([0.1475], device='cuda:0', grad_fn=<SelectBackward0>)
2025-07-09 20:02:04,929 INFO: pred: 0.22004443407058716
2025-07-09 20:02:05,314 INFO: [1364/1600] Train_Loss_total: 4.7864 Test_Loss_total: 1.7655 Time: 1.4657s
2025-07-09 20:02:06,398 INFO: In epoch 1365, pred_score1: tensor([0.3219], device='cuda:0', grad_fn=<SelectBackward0>), pred_score2: tensor([0.1656], device='cuda:0', grad_fn=<SelectBackward0>)
2025-07-09 20:02:06,398 INFO: pred: 0.20124848186969757
2025-07-09 20:02:06,801 INFO: [1365/1600] Train_Loss_total: 4.7857 Test_Loss_total: 1.8044 Time: 1.4863s
2025-07-09 20:02:07,907 INFO: In epoch 1366, pred_score1: tensor([0.1406], device='cuda:0', grad_fn=<SelectBackward0>), pred_score2: tensor([0.1956], device='cuda:0', grad_fn=<SelectBackward0>)
2025-07-09 20:02:07,907 INFO: pred: 0.2115776687860489
2025-07-09 20:02:08,300 INFO: [1366/1600] Train_Loss_total: 4.7852 Test_Loss_total: 1.7785 Time: 1.4984s
2025-07-09 20:02:09,377 INFO: In epoch 1367, pred_score1: tensor([0.3739], device='cuda:0', grad_fn=<SelectBackward0>), pred_score2: tensor([0.1702], device='cuda:0', grad_fn=<SelectBackward0>)
2025-07-09 20:02:09,378 INFO: pred: 0.17422321438789368
2025-07-09 20:02:09,787 INFO: [1367/1600] Train_Loss_total: 4.7859 Test_Loss_total: 1.7811 Time: 1.4875s
2025-07-09 20:02:10,862 INFO: In epoch 1368, pred_score1: tensor([0.1367], device='cuda:0', grad_fn=<SelectBackward0>), pred_score2: tensor([0.1005], device='cuda:0', grad_fn=<SelectBackward0>)
2025-07-09 20:02:10,862 INFO: pred: 0.21695826947689056
2025-07-09 20:02:11,256 INFO: [1368/1600] Train_Loss_total: 4.7857 Test_Loss_total: 1.7857 Time: 1.4679s
2025-07-09 20:02:12,841 INFO: In epoch 1369, pred_score1: tensor([0.1343], device='cuda:0', grad_fn=<SelectBackward0>), pred_score2: tensor([0.1129], device='cuda:0', grad_fn=<SelectBackward0>)
2025-07-09 20:02:12,841 INFO: pred: 0.21209582686424255
2025-07-09 20:02:13,396 INFO: [1369/1600] Train_Loss_total: 4.7849 Test_Loss_total: 1.7805 Time: 2.14s
2025-07-09 20:02:14,489 INFO: In epoch 1370, pred_score1: tensor([0.1162], device='cuda:0', grad_fn=<SelectBackward0>), pred_score2: tensor([0.2419], device='cuda:0', grad_fn=<SelectBackward0>)
2025-07-09 20:02:14,489 INFO: pred: 0.23117610812187195
2025-07-09 20:02:14,882 INFO: [1370/1600] Train_Loss_total: 4.785 Test_Loss_total: 1.7892 Time: 1.486s
2025-07-09 20:02:15,956 INFO: In epoch 1371, pred_score1: tensor([0.9043], device='cuda:0', grad_fn=<SelectBackward0>), pred_score2: tensor([0.0950], device='cuda:0', grad_fn=<SelectBackward0>)
2025-07-09 20:02:15,956 INFO: pred: 0.2057659775018692
2025-07-09 20:02:16,357 INFO: [1371/1600] Train_Loss_total: 4.7847 Test_Loss_total: 1.7746 Time: 1.4746s
2025-07-09 20:02:17,441 INFO: In epoch 1372, pred_score1: tensor([0.7613], device='cuda:0', grad_fn=<SelectBackward0>), pred_score2: tensor([0.2226], device='cuda:0', grad_fn=<SelectBackward0>)
2025-07-09 20:02:17,441 INFO: pred: 0.21019302308559418
2025-07-09 20:02:17,834 INFO: [1372/1600] Train_Loss_total: 4.7842 Test_Loss_total: 1.7858 Time: 1.4765s
2025-07-09 20:02:18,924 INFO: In epoch 1373, pred_score1: tensor([0.0716], device='cuda:0', grad_fn=<SelectBackward0>), pred_score2: tensor([0.0777], device='cuda:0', grad_fn=<SelectBackward0>)
2025-07-09 20:02:18,925 INFO: pred: 0.18331646919250488
2025-07-09 20:02:19,333 INFO: [1373/1600] Train_Loss_total: 4.7837 Test_Loss_total: 1.7807 Time: 1.4986s
2025-07-09 20:02:20,404 INFO: In epoch 1374, pred_score1: tensor([0.1734], device='cuda:0', grad_fn=<SelectBackward0>), pred_score2: tensor([0.1514], device='cuda:0', grad_fn=<SelectBackward0>)
2025-07-09 20:02:20,405 INFO: pred: 0.2062583863735199
2025-07-09 20:02:20,787 INFO: [1374/1600] Train_Loss_total: 4.7839 Test_Loss_total: 1.7761 Time: 1.4544s
2025-07-09 20:02:21,856 INFO: In epoch 1375, pred_score1: tensor([0.1512], device='cuda:0', grad_fn=<SelectBackward0>), pred_score2: tensor([0.1580], device='cuda:0', grad_fn=<SelectBackward0>)
2025-07-09 20:02:21,856 INFO: pred: 0.19411873817443848
2025-07-09 20:02:22,255 INFO: [1375/1600] Train_Loss_total: 4.7835 Test_Loss_total: 1.8015 Time: 1.4673s
2025-07-09 20:02:23,324 INFO: In epoch 1376, pred_score1: tensor([0.1706], device='cuda:0', grad_fn=<SelectBackward0>), pred_score2: tensor([0.0553], device='cuda:0', grad_fn=<SelectBackward0>)
2025-07-09 20:02:23,324 INFO: pred: 0.19016903638839722
2025-07-09 20:02:23,873 INFO: [1376/1600] Train_Loss_total: 4.7829 Test_Loss_total: 1.7914 Time: 1.6183s
2025-07-09 20:02:25,414 INFO: In epoch 1377, pred_score1: tensor([0.2525], device='cuda:0', grad_fn=<SelectBackward0>), pred_score2: tensor([0.1964], device='cuda:0', grad_fn=<SelectBackward0>)
2025-07-09 20:02:25,414 INFO: pred: 0.20440532267093658
2025-07-09 20:02:25,983 INFO: [1377/1600] Train_Loss_total: 4.7842 Test_Loss_total: 1.7789 Time: 2.1097s
2025-07-09 20:02:27,055 INFO: In epoch 1378, pred_score1: tensor([0.1522], device='cuda:0', grad_fn=<SelectBackward0>), pred_score2: tensor([0.1092], device='cuda:0', grad_fn=<SelectBackward0>)
2025-07-09 20:02:27,055 INFO: pred: 0.20655250549316406
2025-07-09 20:02:27,455 INFO: [1378/1600] Train_Loss_total: 4.7832 Test_Loss_total: 1.7815 Time: 1.4715s
2025-07-09 20:02:28,549 INFO: In epoch 1379, pred_score1: tensor([0.1350], device='cuda:0', grad_fn=<SelectBackward0>), pred_score2: tensor([0.1247], device='cuda:0', grad_fn=<SelectBackward0>)
2025-07-09 20:02:28,549 INFO: pred: 0.2037896066904068
2025-07-09 20:02:28,938 INFO: [1379/1600] Train_Loss_total: 4.7824 Test_Loss_total: 1.7726 Time: 1.4828s
2025-07-09 20:02:30,012 INFO: In epoch 1380, pred_score1: tensor([0.1447], device='cuda:0', grad_fn=<SelectBackward0>), pred_score2: tensor([0.1246], device='cuda:0', grad_fn=<SelectBackward0>)
2025-07-09 20:02:30,012 INFO: pred: 0.23014412820339203
2025-07-09 20:02:30,405 INFO: [1380/1600] Train_Loss_total: 4.7828 Test_Loss_total: 1.7786 Time: 1.4662s
2025-07-09 20:02:31,526 INFO: In epoch 1381, pred_score1: tensor([0.1252], device='cuda:0', grad_fn=<SelectBackward0>), pred_score2: tensor([0.1095], device='cuda:0', grad_fn=<SelectBackward0>)
2025-07-09 20:02:31,526 INFO: pred: 0.2107408344745636
2025-07-09 20:02:31,921 INFO: [1381/1600] Train_Loss_total: 4.7825 Test_Loss_total: 1.8086 Time: 1.5159s
2025-07-09 20:02:32,987 INFO: In epoch 1382, pred_score1: tensor([0.1532], device='cuda:0', grad_fn=<SelectBackward0>), pred_score2: tensor([0.1304], device='cuda:0', grad_fn=<SelectBackward0>)
2025-07-09 20:02:32,987 INFO: pred: 0.19307290017604828
2025-07-09 20:02:33,373 INFO: [1382/1600] Train_Loss_total: 4.7826 Test_Loss_total: 1.8042 Time: 1.4519s
2025-07-09 20:02:34,463 INFO: In epoch 1383, pred_score1: tensor([0.0958], device='cuda:0', grad_fn=<SelectBackward0>), pred_score2: tensor([0.2137], device='cuda:0', grad_fn=<SelectBackward0>)
2025-07-09 20:02:34,463 INFO: pred: 0.18512940406799316
2025-07-09 20:02:34,861 INFO: [1383/1600] Train_Loss_total: 4.7817 Test_Loss_total: 1.7741 Time: 1.4876s
2025-07-09 20:02:36,135 INFO: In epoch 1384, pred_score1: tensor([0.1597], device='cuda:0', grad_fn=<SelectBackward0>), pred_score2: tensor([0.1808], device='cuda:0', grad_fn=<SelectBackward0>)
2025-07-09 20:02:36,136 INFO: pred: 0.1954742670059204
2025-07-09 20:02:36,672 INFO: [1384/1600] Train_Loss_total: 4.7823 Test_Loss_total: 1.7741 Time: 1.8109s
2025-07-09 20:02:38,052 INFO: In epoch 1385, pred_score1: tensor([0.2034], device='cuda:0', grad_fn=<SelectBackward0>), pred_score2: tensor([0.1718], device='cuda:0', grad_fn=<SelectBackward0>)
2025-07-09 20:02:38,053 INFO: pred: 0.22092701494693756
2025-07-09 20:02:38,441 INFO: [1385/1600] Train_Loss_total: 4.7814 Test_Loss_total: 1.788 Time: 1.7686s
2025-07-09 20:02:39,534 INFO: In epoch 1386, pred_score1: tensor([0.2361], device='cuda:0', grad_fn=<SelectBackward0>), pred_score2: tensor([0.1084], device='cuda:0', grad_fn=<SelectBackward0>)
2025-07-09 20:02:39,534 INFO: pred: 0.2046959102153778
2025-07-09 20:02:39,944 INFO: [1386/1600] Train_Loss_total: 4.7812 Test_Loss_total: 1.778 Time: 1.503s
2025-07-09 20:02:41,020 INFO: In epoch 1387, pred_score1: tensor([0.1808], device='cuda:0', grad_fn=<SelectBackward0>), pred_score2: tensor([0.2028], device='cuda:0', grad_fn=<SelectBackward0>)
2025-07-09 20:02:41,021 INFO: pred: 0.24379394948482513
2025-07-09 20:02:41,400 INFO: [1387/1600] Train_Loss_total: 4.782 Test_Loss_total: 1.8053 Time: 1.4557s
2025-07-09 20:02:42,477 INFO: In epoch 1388, pred_score1: tensor([0.1295], device='cuda:0', grad_fn=<SelectBackward0>), pred_score2: tensor([0.1101], device='cuda:0', grad_fn=<SelectBackward0>)
2025-07-09 20:02:42,478 INFO: pred: 0.17544887959957123
2025-07-09 20:02:42,878 INFO: [1388/1600] Train_Loss_total: 4.7802 Test_Loss_total: 1.7882 Time: 1.4778s
2025-07-09 20:02:43,961 INFO: In epoch 1389, pred_score1: tensor([0.7055], device='cuda:0', grad_fn=<SelectBackward0>), pred_score2: tensor([0.2227], device='cuda:0', grad_fn=<SelectBackward0>)
2025-07-09 20:02:43,961 INFO: pred: 0.21336112916469574
2025-07-09 20:02:44,364 INFO: [1389/1600] Train_Loss_total: 4.7808 Test_Loss_total: 1.7899 Time: 1.4856s
2025-07-09 20:02:45,446 INFO: In epoch 1390, pred_score1: tensor([0.2031], device='cuda:0', grad_fn=<SelectBackward0>), pred_score2: tensor([0.1541], device='cuda:0', grad_fn=<SelectBackward0>)
2025-07-09 20:02:45,446 INFO: pred: 0.17507091164588928
2025-07-09 20:02:45,844 INFO: [1390/1600] Train_Loss_total: 4.7801 Test_Loss_total: 1.77 Time: 1.4794s
2025-07-09 20:02:46,945 INFO: In epoch 1391, pred_score1: tensor([0.1237], device='cuda:0', grad_fn=<SelectBackward0>), pred_score2: tensor([0.1282], device='cuda:0', grad_fn=<SelectBackward0>)
2025-07-09 20:02:46,946 INFO: pred: 0.2034657895565033
2025-07-09 20:02:47,346 INFO: [1391/1600] Train_Loss_total: 4.7799 Test_Loss_total: 1.7827 Time: 1.5023s
2025-07-09 20:02:48,833 INFO: In epoch 1392, pred_score1: tensor([0.2153], device='cuda:0', grad_fn=<SelectBackward0>), pred_score2: tensor([0.1279], device='cuda:0', grad_fn=<SelectBackward0>)
2025-07-09 20:02:48,834 INFO: pred: 0.21137365698814392
2025-07-09 20:02:49,454 INFO: [1392/1600] Train_Loss_total: 4.7793 Test_Loss_total: 1.7774 Time: 2.107s
2025-07-09 20:02:50,586 INFO: In epoch 1393, pred_score1: tensor([0.2105], device='cuda:0', grad_fn=<SelectBackward0>), pred_score2: tensor([0.1284], device='cuda:0', grad_fn=<SelectBackward0>)
2025-07-09 20:02:50,587 INFO: pred: 0.21142718195915222
2025-07-09 20:02:50,975 INFO: [1393/1600] Train_Loss_total: 4.7794 Test_Loss_total: 1.7739 Time: 1.5207s
2025-07-09 20:02:52,094 INFO: In epoch 1394, pred_score1: tensor([0.1608], device='cuda:0', grad_fn=<SelectBackward0>), pred_score2: tensor([0.1415], device='cuda:0', grad_fn=<SelectBackward0>)
2025-07-09 20:02:52,094 INFO: pred: 0.21863821148872375
2025-07-09 20:02:52,491 INFO: [1394/1600] Train_Loss_total: 4.7793 Test_Loss_total: 1.778 Time: 1.5155s
2025-07-09 20:02:53,570 INFO: In epoch 1395, pred_score1: tensor([0.2750], device='cuda:0', grad_fn=<SelectBackward0>), pred_score2: tensor([0.0310], device='cuda:0', grad_fn=<SelectBackward0>)
2025-07-09 20:02:53,570 INFO: pred: 0.2585514187812805
2025-07-09 20:02:53,963 INFO: [1395/1600] Train_Loss_total: 4.7786 Test_Loss_total: 1.7758 Time: 1.4721s
2025-07-09 20:02:55,038 INFO: In epoch 1396, pred_score1: tensor([0.1212], device='cuda:0', grad_fn=<SelectBackward0>), pred_score2: tensor([0.1440], device='cuda:0', grad_fn=<SelectBackward0>)
2025-07-09 20:02:55,039 INFO: pred: 0.2336236834526062
2025-07-09 20:02:55,423 INFO: [1396/1600] Train_Loss_total: 4.7784 Test_Loss_total: 1.7778 Time: 1.4599s
2025-07-09 20:02:56,507 INFO: In epoch 1397, pred_score1: tensor([0.1614], device='cuda:0', grad_fn=<SelectBackward0>), pred_score2: tensor([0.1414], device='cuda:0', grad_fn=<SelectBackward0>)
2025-07-09 20:02:56,507 INFO: pred: 0.21956346929073334
2025-07-09 20:02:56,900 INFO: [1397/1600] Train_Loss_total: 4.7782 Test_Loss_total: 1.7777 Time: 1.4763s
2025-07-09 20:02:57,997 INFO: In epoch 1398, pred_score1: tensor([0.1996], device='cuda:0', grad_fn=<SelectBackward0>), pred_score2: tensor([0.1574], device='cuda:0', grad_fn=<SelectBackward0>)
2025-07-09 20:02:57,997 INFO: pred: 0.21073521673679352
2025-07-09 20:02:58,388 INFO: [1398/1600] Train_Loss_total: 4.7788 Test_Loss_total: 1.7801 Time: 1.4878s
2025-07-09 20:02:59,484 INFO: In epoch 1399, pred_score1: tensor([0.1665], device='cuda:0', grad_fn=<SelectBackward0>), pred_score2: tensor([0.9167], device='cuda:0', grad_fn=<SelectBackward0>)
2025-07-09 20:02:59,484 INFO: pred: 0.052676524966955185
2025-07-09 20:03:00,012 INFO: [1399/1600] Train_Loss_total: 4.7791 Test_Loss_total: 1.7689 Time: 1.6244s
2025-07-09 20:03:01,500 INFO: In epoch 1400, pred_score1: tensor([0.1390], device='cuda:0', grad_fn=<SelectBackward0>), pred_score2: tensor([0.4059], device='cuda:0', grad_fn=<SelectBackward0>)
2025-07-09 20:03:01,500 INFO: pred: 0.19071650505065918
2025-07-09 20:03:02,009 INFO: [1400/1600] Train_Loss_total: 4.7782 Test_Loss_total: 1.8349 Time: 1.9966s
2025-07-09 20:03:03,120 INFO: In epoch 1401, pred_score1: tensor([0.1858], device='cuda:0', grad_fn=<SelectBackward0>), pred_score2: tensor([0.1280], device='cuda:0', grad_fn=<SelectBackward0>)
2025-07-09 20:03:03,120 INFO: pred: 0.2051161229610443
2025-07-09 20:03:03,500 INFO: [1401/1600] Train_Loss_total: 4.7783 Test_Loss_total: 1.7779 Time: 1.4908s
2025-07-09 20:03:04,571 INFO: In epoch 1402, pred_score1: tensor([0.2380], device='cuda:0', grad_fn=<SelectBackward0>), pred_score2: tensor([0.0799], device='cuda:0', grad_fn=<SelectBackward0>)
2025-07-09 20:03:04,571 INFO: pred: 0.19501224160194397
2025-07-09 20:03:04,972 INFO: [1402/1600] Train_Loss_total: 4.7768 Test_Loss_total: 1.7833 Time: 1.4715s
2025-07-09 20:03:06,052 INFO: In epoch 1403, pred_score1: tensor([0.2596], device='cuda:0', grad_fn=<SelectBackward0>), pred_score2: tensor([0.0770], device='cuda:0', grad_fn=<SelectBackward0>)
2025-07-09 20:03:06,053 INFO: pred: 0.21542462706565857
2025-07-09 20:03:06,436 INFO: [1403/1600] Train_Loss_total: 4.7769 Test_Loss_total: 1.7702 Time: 1.4639s
2025-07-09 20:03:07,514 INFO: In epoch 1404, pred_score1: tensor([0.1379], device='cuda:0', grad_fn=<SelectBackward0>), pred_score2: tensor([0.3983], device='cuda:0', grad_fn=<SelectBackward0>)
2025-07-09 20:03:07,515 INFO: pred: 0.19159261882305145
2025-07-09 20:03:07,897 INFO: [1404/1600] Train_Loss_total: 4.7769 Test_Loss_total: 1.7746 Time: 1.4606s
2025-07-09 20:03:08,957 INFO: In epoch 1405, pred_score1: tensor([0.4877], device='cuda:0', grad_fn=<SelectBackward0>), pred_score2: tensor([0.0835], device='cuda:0', grad_fn=<SelectBackward0>)
2025-07-09 20:03:08,957 INFO: pred: 0.24648228287696838
2025-07-09 20:03:09,361 INFO: [1405/1600] Train_Loss_total: 4.7762 Test_Loss_total: 1.7698 Time: 1.4632s
2025-07-09 20:03:10,443 INFO: In epoch 1406, pred_score1: tensor([0.1208], device='cuda:0', grad_fn=<SelectBackward0>), pred_score2: tensor([0.1651], device='cuda:0', grad_fn=<SelectBackward0>)
2025-07-09 20:03:10,444 INFO: pred: 0.22597281634807587
2025-07-09 20:03:10,836 INFO: [1406/1600] Train_Loss_total: 4.776 Test_Loss_total: 1.7729 Time: 1.4757s
2025-07-09 20:03:12,044 INFO: In epoch 1407, pred_score1: tensor([0.1254], device='cuda:0', grad_fn=<SelectBackward0>), pred_score2: tensor([0.1109], device='cuda:0', grad_fn=<SelectBackward0>)
2025-07-09 20:03:12,045 INFO: pred: 0.21196046471595764
2025-07-09 20:03:12,586 INFO: [1407/1600] Train_Loss_total: 4.7757 Test_Loss_total: 1.7841 Time: 1.7492s
2025-07-09 20:03:14,022 INFO: In epoch 1408, pred_score1: tensor([0.1493], device='cuda:0', grad_fn=<SelectBackward0>), pred_score2: tensor([0.1296], device='cuda:0', grad_fn=<SelectBackward0>)
2025-07-09 20:03:14,022 INFO: pred: 0.2190258651971817
2025-07-09 20:03:14,423 INFO: [1408/1600] Train_Loss_total: 4.7758 Test_Loss_total: 1.7674 Time: 1.8364s
2025-07-09 20:03:15,687 INFO: In epoch 1409, pred_score1: tensor([0.1656], device='cuda:0', grad_fn=<SelectBackward0>), pred_score2: tensor([0.2675], device='cuda:0', grad_fn=<SelectBackward0>)
2025-07-09 20:03:15,687 INFO: pred: 0.1437675952911377
2025-07-09 20:03:16,084 INFO: [1409/1600] Train_Loss_total: 4.7753 Test_Loss_total: 1.7685 Time: 1.661s
2025-07-09 20:03:17,168 INFO: In epoch 1410, pred_score1: tensor([0.1714], device='cuda:0', grad_fn=<SelectBackward0>), pred_score2: tensor([0.1207], device='cuda:0', grad_fn=<SelectBackward0>)
2025-07-09 20:03:17,168 INFO: pred: 0.1914289891719818
2025-07-09 20:03:17,567 INFO: [1410/1600] Train_Loss_total: 4.775 Test_Loss_total: 1.8037 Time: 1.4827s
2025-07-09 20:03:18,638 INFO: In epoch 1411, pred_score1: tensor([0.2507], device='cuda:0', grad_fn=<SelectBackward0>), pred_score2: tensor([0.2717], device='cuda:0', grad_fn=<SelectBackward0>)
2025-07-09 20:03:18,638 INFO: pred: 0.11370988935232162
2025-07-09 20:03:19,052 INFO: [1411/1600] Train_Loss_total: 4.7748 Test_Loss_total: 1.7772 Time: 1.4849s
2025-07-09 20:03:20,156 INFO: In epoch 1412, pred_score1: tensor([0.0888], device='cuda:0', grad_fn=<SelectBackward0>), pred_score2: tensor([0.1382], device='cuda:0', grad_fn=<SelectBackward0>)
2025-07-09 20:03:20,156 INFO: pred: 0.2162896692752838
2025-07-09 20:03:20,549 INFO: [1412/1600] Train_Loss_total: 4.7748 Test_Loss_total: 1.7673 Time: 1.4966s
2025-07-09 20:03:21,649 INFO: In epoch 1413, pred_score1: tensor([0.1005], device='cuda:0', grad_fn=<SelectBackward0>), pred_score2: tensor([0.0556], device='cuda:0', grad_fn=<SelectBackward0>)
2025-07-09 20:03:21,649 INFO: pred: 0.22399644553661346
2025-07-09 20:03:22,040 INFO: [1413/1600] Train_Loss_total: 4.7745 Test_Loss_total: 1.7942 Time: 1.491s
2025-07-09 20:03:23,119 INFO: In epoch 1414, pred_score1: tensor([0.2471], device='cuda:0', grad_fn=<SelectBackward0>), pred_score2: tensor([0.1584], device='cuda:0', grad_fn=<SelectBackward0>)
2025-07-09 20:03:23,120 INFO: pred: 0.20209956169128418
2025-07-09 20:03:23,508 INFO: [1414/1600] Train_Loss_total: 4.7741 Test_Loss_total: 1.7807 Time: 1.4675s
2025-07-09 20:03:24,905 INFO: In epoch 1415, pred_score1: tensor([0.5319], device='cuda:0', grad_fn=<SelectBackward0>), pred_score2: tensor([0.0859], device='cuda:0', grad_fn=<SelectBackward0>)
2025-07-09 20:03:24,906 INFO: pred: 0.31102123856544495
2025-07-09 20:03:25,476 INFO: [1415/1600] Train_Loss_total: 4.7744 Test_Loss_total: 1.7888 Time: 1.9674s
2025-07-09 20:03:26,685 INFO: In epoch 1416, pred_score1: tensor([0.6880], device='cuda:0', grad_fn=<SelectBackward0>), pred_score2: tensor([0.0470], device='cuda:0', grad_fn=<SelectBackward0>)
2025-07-09 20:03:26,685 INFO: pred: 0.17912055552005768
2025-07-09 20:03:27,074 INFO: [1416/1600] Train_Loss_total: 4.7746 Test_Loss_total: 1.83 Time: 1.5984s
2025-07-09 20:03:28,131 INFO: In epoch 1417, pred_score1: tensor([0.1132], device='cuda:0', grad_fn=<SelectBackward0>), pred_score2: tensor([0.0626], device='cuda:0', grad_fn=<SelectBackward0>)
2025-07-09 20:03:28,131 INFO: pred: 0.19899336993694305
2025-07-09 20:03:28,517 INFO: [1417/1600] Train_Loss_total: 4.7734 Test_Loss_total: 1.7734 Time: 1.4426s
2025-07-09 20:03:29,594 INFO: In epoch 1418, pred_score1: tensor([0.1670], device='cuda:0', grad_fn=<SelectBackward0>), pred_score2: tensor([0.1623], device='cuda:0', grad_fn=<SelectBackward0>)
2025-07-09 20:03:29,594 INFO: pred: 0.2037929892539978
2025-07-09 20:03:29,993 INFO: [1418/1600] Train_Loss_total: 4.7737 Test_Loss_total: 1.7757 Time: 1.4757s
2025-07-09 20:03:31,072 INFO: In epoch 1419, pred_score1: tensor([0.1421], device='cuda:0', grad_fn=<SelectBackward0>), pred_score2: tensor([0.1200], device='cuda:0', grad_fn=<SelectBackward0>)
2025-07-09 20:03:31,073 INFO: pred: 0.2312450259923935
2025-07-09 20:03:31,474 INFO: [1419/1600] Train_Loss_total: 4.7735 Test_Loss_total: 1.8519 Time: 1.4809s
2025-07-09 20:03:32,565 INFO: In epoch 1420, pred_score1: tensor([0.0896], device='cuda:0', grad_fn=<SelectBackward0>), pred_score2: tensor([0.1721], device='cuda:0', grad_fn=<SelectBackward0>)
2025-07-09 20:03:32,565 INFO: pred: 0.14127878844738007
2025-07-09 20:03:32,964 INFO: [1420/1600] Train_Loss_total: 4.7733 Test_Loss_total: 1.7746 Time: 1.4888s
2025-07-09 20:03:34,020 INFO: In epoch 1421, pred_score1: tensor([0.1166], device='cuda:0', grad_fn=<SelectBackward0>), pred_score2: tensor([0.1819], device='cuda:0', grad_fn=<SelectBackward0>)
2025-07-09 20:03:34,020 INFO: pred: 0.21954849362373352
2025-07-09 20:03:34,408 INFO: [1421/1600] Train_Loss_total: 4.7727 Test_Loss_total: 1.7774 Time: 1.4438s
2025-07-09 20:03:35,491 INFO: In epoch 1422, pred_score1: tensor([0.7422], device='cuda:0', grad_fn=<SelectBackward0>), pred_score2: tensor([0.1737], device='cuda:0', grad_fn=<SelectBackward0>)
2025-07-09 20:03:35,491 INFO: pred: 0.29459133744239807
2025-07-09 20:03:35,942 INFO: [1422/1600] Train_Loss_total: 4.7722 Test_Loss_total: 1.7918 Time: 1.5343s
2025-07-09 20:03:37,473 INFO: In epoch 1423, pred_score1: tensor([0.1111], device='cuda:0', grad_fn=<SelectBackward0>), pred_score2: tensor([0.0964], device='cuda:0', grad_fn=<SelectBackward0>)
2025-07-09 20:03:37,473 INFO: pred: 0.18472404778003693
2025-07-09 20:03:38,023 INFO: [1423/1600] Train_Loss_total: 4.7721 Test_Loss_total: 1.7754 Time: 2.0783s
2025-07-09 20:03:39,100 INFO: In epoch 1424, pred_score1: tensor([0.2143], device='cuda:0', grad_fn=<SelectBackward0>), pred_score2: tensor([0.1096], device='cuda:0', grad_fn=<SelectBackward0>)
2025-07-09 20:03:39,101 INFO: pred: 0.20902499556541443
2025-07-09 20:03:39,501 INFO: [1424/1600] Train_Loss_total: 4.7725 Test_Loss_total: 1.7816 Time: 1.4778s
2025-07-09 20:03:40,594 INFO: In epoch 1425, pred_score1: tensor([0.1908], device='cuda:0', grad_fn=<SelectBackward0>), pred_score2: tensor([0.1092], device='cuda:0', grad_fn=<SelectBackward0>)
2025-07-09 20:03:40,595 INFO: pred: 0.2028355449438095
2025-07-09 20:03:40,992 INFO: [1425/1600] Train_Loss_total: 4.7714 Test_Loss_total: 1.773 Time: 1.4909s
2025-07-09 20:03:42,077 INFO: In epoch 1426, pred_score1: tensor([0.0702], device='cuda:0', grad_fn=<SelectBackward0>), pred_score2: tensor([0.1819], device='cuda:0', grad_fn=<SelectBackward0>)
2025-07-09 20:03:42,077 INFO: pred: 0.19875653088092804
2025-07-09 20:03:42,471 INFO: [1426/1600] Train_Loss_total: 4.7717 Test_Loss_total: 1.8543 Time: 1.4786s
2025-07-09 20:03:43,573 INFO: In epoch 1427, pred_score1: tensor([0.2169], device='cuda:0', grad_fn=<SelectBackward0>), pred_score2: tensor([0.0283], device='cuda:0', grad_fn=<SelectBackward0>)
2025-07-09 20:03:43,573 INFO: pred: 0.1925881952047348
2025-07-09 20:03:43,970 INFO: [1427/1600] Train_Loss_total: 4.772 Test_Loss_total: 1.767 Time: 1.4987s
2025-07-09 20:03:45,051 INFO: In epoch 1428, pred_score1: tensor([0.2501], device='cuda:0', grad_fn=<SelectBackward0>), pred_score2: tensor([0.1903], device='cuda:0', grad_fn=<SelectBackward0>)
2025-07-09 20:03:45,051 INFO: pred: 0.2066372036933899
2025-07-09 20:03:45,454 INFO: [1428/1600] Train_Loss_total: 4.7718 Test_Loss_total: 1.7809 Time: 1.4837s
2025-07-09 20:03:46,531 INFO: In epoch 1429, pred_score1: tensor([0.2013], device='cuda:0', grad_fn=<SelectBackward0>), pred_score2: tensor([0.1266], device='cuda:0', grad_fn=<SelectBackward0>)
2025-07-09 20:03:46,531 INFO: pred: 0.21239379048347473
2025-07-09 20:03:46,926 INFO: [1429/1600] Train_Loss_total: 4.7714 Test_Loss_total: 1.7747 Time: 1.4718s
2025-07-09 20:03:48,111 INFO: In epoch 1430, pred_score1: tensor([0.7385], device='cuda:0', grad_fn=<SelectBackward0>), pred_score2: tensor([0.1715], device='cuda:0', grad_fn=<SelectBackward0>)
2025-07-09 20:03:48,111 INFO: pred: 0.2902628183364868
2025-07-09 20:03:48,651 INFO: [1430/1600] Train_Loss_total: 4.7712 Test_Loss_total: 1.7654 Time: 1.7253s
2025-07-09 20:03:50,182 INFO: In epoch 1431, pred_score1: tensor([0.6587], device='cuda:0', grad_fn=<SelectBackward0>), pred_score2: tensor([0.0444], device='cuda:0', grad_fn=<SelectBackward0>)
2025-07-09 20:03:50,182 INFO: pred: 0.22032247483730316
2025-07-09 20:03:50,569 INFO: [1431/1600] Train_Loss_total: 4.7709 Test_Loss_total: 1.77 Time: 1.9177s
2025-07-09 20:03:51,659 INFO: In epoch 1432, pred_score1: tensor([0.2896], device='cuda:0', grad_fn=<SelectBackward0>), pred_score2: tensor([0.2242], device='cuda:0', grad_fn=<SelectBackward0>)
2025-07-09 20:03:51,659 INFO: pred: 0.18242916464805603
2025-07-09 20:03:52,071 INFO: [1432/1600] Train_Loss_total: 4.7702 Test_Loss_total: 1.7771 Time: 1.5018s
2025-07-09 20:03:53,163 INFO: In epoch 1433, pred_score1: tensor([0.0706], device='cuda:0', grad_fn=<SelectBackward0>), pred_score2: tensor([0.0895], device='cuda:0', grad_fn=<SelectBackward0>)
2025-07-09 20:03:53,163 INFO: pred: 0.23704564571380615
2025-07-09 20:03:53,553 INFO: [1433/1600] Train_Loss_total: 4.7701 Test_Loss_total: 1.7842 Time: 1.481s
2025-07-09 20:03:54,658 INFO: In epoch 1434, pred_score1: tensor([0.2527], device='cuda:0', grad_fn=<SelectBackward0>), pred_score2: tensor([0.2610], device='cuda:0', grad_fn=<SelectBackward0>)
2025-07-09 20:03:54,659 INFO: pred: 0.11288720369338989
2025-07-09 20:03:55,069 INFO: [1434/1600] Train_Loss_total: 4.7696 Test_Loss_total: 1.7968 Time: 1.5159s
2025-07-09 20:03:56,161 INFO: In epoch 1435, pred_score1: tensor([0.1302], device='cuda:0', grad_fn=<SelectBackward0>), pred_score2: tensor([0.0677], device='cuda:0', grad_fn=<SelectBackward0>)
2025-07-09 20:03:56,162 INFO: pred: 0.21626414358615875
2025-07-09 20:03:56,547 INFO: [1435/1600] Train_Loss_total: 4.7695 Test_Loss_total: 1.7862 Time: 1.4785s
2025-07-09 20:03:57,628 INFO: In epoch 1436, pred_score1: tensor([0.1745], device='cuda:0', grad_fn=<SelectBackward0>), pred_score2: tensor([0.1515], device='cuda:0', grad_fn=<SelectBackward0>)
2025-07-09 20:03:57,628 INFO: pred: 0.19621743261814117
2025-07-09 20:03:58,045 INFO: [1436/1600] Train_Loss_total: 4.7698 Test_Loss_total: 1.8313 Time: 1.4977s
2025-07-09 20:03:59,132 INFO: In epoch 1437, pred_score1: tensor([0.2184], device='cuda:0', grad_fn=<SelectBackward0>), pred_score2: tensor([0.0956], device='cuda:0', grad_fn=<SelectBackward0>)
2025-07-09 20:03:59,132 INFO: pred: 0.19764354825019836
2025-07-09 20:03:59,518 INFO: [1437/1600] Train_Loss_total: 4.769 Test_Loss_total: 1.7756 Time: 1.4728s
2025-07-09 20:04:00,880 INFO: In epoch 1438, pred_score1: tensor([0.1458], device='cuda:0', grad_fn=<SelectBackward0>), pred_score2: tensor([0.1256], device='cuda:0', grad_fn=<SelectBackward0>)
2025-07-09 20:04:00,880 INFO: pred: 0.19126594066619873
2025-07-09 20:04:01,456 INFO: [1438/1600] Train_Loss_total: 4.7694 Test_Loss_total: 1.7654 Time: 1.9378s
2025-07-09 20:04:02,718 INFO: In epoch 1439, pred_score1: tensor([0.1046], device='cuda:0', grad_fn=<SelectBackward0>), pred_score2: tensor([0.2660], device='cuda:0', grad_fn=<SelectBackward0>)
2025-07-09 20:04:02,718 INFO: pred: 0.17721949517726898
2025-07-09 20:04:03,128 INFO: [1439/1600] Train_Loss_total: 4.7686 Test_Loss_total: 1.7764 Time: 1.6715s
2025-07-09 20:04:04,194 INFO: In epoch 1440, pred_score1: tensor([0.1759], device='cuda:0', grad_fn=<SelectBackward0>), pred_score2: tensor([0.1652], device='cuda:0', grad_fn=<SelectBackward0>)
2025-07-09 20:04:04,194 INFO: pred: 0.16849640011787415
2025-07-09 20:04:04,577 INFO: [1440/1600] Train_Loss_total: 4.7685 Test_Loss_total: 1.7948 Time: 1.449s
2025-07-09 20:04:05,664 INFO: In epoch 1441, pred_score1: tensor([0.1208], device='cuda:0', grad_fn=<SelectBackward0>), pred_score2: tensor([0.1135], device='cuda:0', grad_fn=<SelectBackward0>)
2025-07-09 20:04:05,665 INFO: pred: 0.21241669356822968
2025-07-09 20:04:06,061 INFO: [1441/1600] Train_Loss_total: 4.7684 Test_Loss_total: 1.7694 Time: 1.4831s
2025-07-09 20:04:07,159 INFO: In epoch 1442, pred_score1: tensor([0.9734], device='cuda:0', grad_fn=<SelectBackward0>), pred_score2: tensor([0.1280], device='cuda:0', grad_fn=<SelectBackward0>)
2025-07-09 20:04:07,159 INFO: pred: 0.19859370589256287
2025-07-09 20:04:07,718 INFO: [1442/1600] Train_Loss_total: 4.7679 Test_Loss_total: 1.7661 Time: 1.6574s
2025-07-09 20:04:08,798 INFO: In epoch 1443, pred_score1: tensor([0.2250], device='cuda:0', grad_fn=<SelectBackward0>), pred_score2: tensor([0.1747], device='cuda:0', grad_fn=<SelectBackward0>)
2025-07-09 20:04:08,798 INFO: pred: 0.1947878748178482
2025-07-09 20:04:09,189 INFO: [1443/1600] Train_Loss_total: 4.7683 Test_Loss_total: 1.7741 Time: 1.4699s
2025-07-09 20:04:10,247 INFO: In epoch 1444, pred_score1: tensor([0.0385], device='cuda:0', grad_fn=<SelectBackward0>), pred_score2: tensor([0.1244], device='cuda:0', grad_fn=<SelectBackward0>)
2025-07-09 20:04:10,247 INFO: pred: 0.21038459241390228
2025-07-09 20:04:10,642 INFO: [1444/1600] Train_Loss_total: 4.768 Test_Loss_total: 1.7788 Time: 1.4528s
2025-07-09 20:04:11,723 INFO: In epoch 1445, pred_score1: tensor([0.1307], device='cuda:0', grad_fn=<SelectBackward0>), pred_score2: tensor([0.0546], device='cuda:0', grad_fn=<SelectBackward0>)
2025-07-09 20:04:11,724 INFO: pred: 0.19210845232009888
2025-07-09 20:04:12,190 INFO: [1445/1600] Train_Loss_total: 4.7673 Test_Loss_total: 1.7667 Time: 1.5483s
2025-07-09 20:04:13,700 INFO: In epoch 1446, pred_score1: tensor([0.1696], device='cuda:0', grad_fn=<SelectBackward0>), pred_score2: tensor([0.1249], device='cuda:0', grad_fn=<SelectBackward0>)
2025-07-09 20:04:13,700 INFO: pred: 0.20536015927791595
2025-07-09 20:04:14,213 INFO: [1446/1600] Train_Loss_total: 4.7668 Test_Loss_total: 1.7713 Time: 2.0228s
2025-07-09 20:04:15,283 INFO: In epoch 1447, pred_score1: tensor([0.1847], device='cuda:0', grad_fn=<SelectBackward0>), pred_score2: tensor([0.1469], device='cuda:0', grad_fn=<SelectBackward0>)
2025-07-09 20:04:15,284 INFO: pred: 0.18405704200267792
2025-07-09 20:04:15,694 INFO: [1447/1600] Train_Loss_total: 4.767 Test_Loss_total: 1.7706 Time: 1.4805s
2025-07-09 20:04:16,760 INFO: In epoch 1448, pred_score1: tensor([0.2026], device='cuda:0', grad_fn=<SelectBackward0>), pred_score2: tensor([0.1500], device='cuda:0', grad_fn=<SelectBackward0>)
2025-07-09 20:04:16,761 INFO: pred: 0.21029044687747955
2025-07-09 20:04:17,157 INFO: [1448/1600] Train_Loss_total: 4.7665 Test_Loss_total: 1.7731 Time: 1.463s
2025-07-09 20:04:18,263 INFO: In epoch 1449, pred_score1: tensor([0.2154], device='cuda:0', grad_fn=<SelectBackward0>), pred_score2: tensor([0.1844], device='cuda:0', grad_fn=<SelectBackward0>)
2025-07-09 20:04:18,264 INFO: pred: 0.22106803953647614
2025-07-09 20:04:18,647 INFO: [1449/1600] Train_Loss_total: 4.7671 Test_Loss_total: 1.7726 Time: 1.4893s
2025-07-09 20:04:19,773 INFO: In epoch 1450, pred_score1: tensor([0.1149], device='cuda:0', grad_fn=<SelectBackward0>), pred_score2: tensor([0.1678], device='cuda:0', grad_fn=<SelectBackward0>)
2025-07-09 20:04:19,773 INFO: pred: 0.1981598436832428
2025-07-09 20:04:20,168 INFO: [1450/1600] Train_Loss_total: 4.7663 Test_Loss_total: 1.7785 Time: 1.5212s
2025-07-09 20:04:21,245 INFO: In epoch 1451, pred_score1: tensor([0.1402], device='cuda:0', grad_fn=<SelectBackward0>), pred_score2: tensor([0.0886], device='cuda:0', grad_fn=<SelectBackward0>)
2025-07-09 20:04:21,245 INFO: pred: 0.19485501945018768
2025-07-09 20:04:21,626 INFO: [1451/1600] Train_Loss_total: 4.7657 Test_Loss_total: 1.7677 Time: 1.4575s
2025-07-09 20:04:22,692 INFO: In epoch 1452, pred_score1: tensor([0.4848], device='cuda:0', grad_fn=<SelectBackward0>), pred_score2: tensor([0.0916], device='cuda:0', grad_fn=<SelectBackward0>)
2025-07-09 20:04:22,693 INFO: pred: 0.3110710680484772
2025-07-09 20:04:23,105 INFO: [1452/1600] Train_Loss_total: 4.766 Test_Loss_total: 1.8641 Time: 1.4787s
2025-07-09 20:04:24,251 INFO: In epoch 1453, pred_score1: tensor([0.0822], device='cuda:0', grad_fn=<SelectBackward0>), pred_score2: tensor([0.1048], device='cuda:0', grad_fn=<SelectBackward0>)
2025-07-09 20:04:24,251 INFO: pred: 0.1998642534017563
2025-07-09 20:04:24,805 INFO: [1453/1600] Train_Loss_total: 4.7648 Test_Loss_total: 1.7674 Time: 1.7s
2025-07-09 20:04:26,299 INFO: In epoch 1454, pred_score1: tensor([0.1760], device='cuda:0', grad_fn=<SelectBackward0>), pred_score2: tensor([0.0972], device='cuda:0', grad_fn=<SelectBackward0>)
2025-07-09 20:04:26,299 INFO: pred: 0.23852844536304474
2025-07-09 20:04:26,690 INFO: [1454/1600] Train_Loss_total: 4.7654 Test_Loss_total: 1.7802 Time: 1.8845s
2025-07-09 20:04:27,754 INFO: In epoch 1455, pred_score1: tensor([0.3084], device='cuda:0', grad_fn=<SelectBackward0>), pred_score2: tensor([0.2407], device='cuda:0', grad_fn=<SelectBackward0>)
2025-07-09 20:04:27,754 INFO: pred: 0.19121481478214264
2025-07-09 20:04:28,161 INFO: [1455/1600] Train_Loss_total: 4.7662 Test_Loss_total: 1.7872 Time: 1.4709s
2025-07-09 20:04:29,246 INFO: In epoch 1456, pred_score1: tensor([0.1224], device='cuda:0', grad_fn=<SelectBackward0>), pred_score2: tensor([0.1366], device='cuda:0', grad_fn=<SelectBackward0>)
2025-07-09 20:04:29,247 INFO: pred: 0.23490989208221436
2025-07-09 20:04:29,649 INFO: [1456/1600] Train_Loss_total: 4.7649 Test_Loss_total: 1.8107 Time: 1.4877s
2025-07-09 20:04:30,741 INFO: In epoch 1457, pred_score1: tensor([0.1148], device='cuda:0', grad_fn=<SelectBackward0>), pred_score2: tensor([0.1404], device='cuda:0', grad_fn=<SelectBackward0>)
2025-07-09 20:04:30,742 INFO: pred: 0.20291768014431
2025-07-09 20:04:31,150 INFO: [1457/1600] Train_Loss_total: 4.7645 Test_Loss_total: 1.7759 Time: 1.5006s
2025-07-09 20:04:32,220 INFO: In epoch 1458, pred_score1: tensor([0.1967], device='cuda:0', grad_fn=<SelectBackward0>), pred_score2: tensor([0.1537], device='cuda:0', grad_fn=<SelectBackward0>)
2025-07-09 20:04:32,220 INFO: pred: 0.21241863071918488
2025-07-09 20:04:32,616 INFO: [1458/1600] Train_Loss_total: 4.7652 Test_Loss_total: 1.7884 Time: 1.4654s
2025-07-09 20:04:33,682 INFO: In epoch 1459, pred_score1: tensor([0.1449], device='cuda:0', grad_fn=<SelectBackward0>), pred_score2: tensor([0.1252], device='cuda:0', grad_fn=<SelectBackward0>)
2025-07-09 20:04:33,682 INFO: pred: 0.22140388190746307
2025-07-09 20:04:34,091 INFO: [1459/1600] Train_Loss_total: 4.764 Test_Loss_total: 1.7689 Time: 1.4754s
2025-07-09 20:04:35,184 INFO: In epoch 1460, pred_score1: tensor([0.3068], device='cuda:0', grad_fn=<SelectBackward0>), pred_score2: tensor([0.1346], device='cuda:0', grad_fn=<SelectBackward0>)
2025-07-09 20:04:35,184 INFO: pred: 0.2075028419494629
2025-07-09 20:04:35,590 INFO: [1460/1600] Train_Loss_total: 4.7639 Test_Loss_total: 1.782 Time: 1.4982s
2025-07-09 20:04:36,914 INFO: In epoch 1461, pred_score1: tensor([0.0820], device='cuda:0', grad_fn=<SelectBackward0>), pred_score2: tensor([0.1893], device='cuda:0', grad_fn=<SelectBackward0>)
2025-07-09 20:04:36,914 INFO: pred: 0.20167188346385956
2025-07-09 20:04:37,448 INFO: [1461/1600] Train_Loss_total: 4.7639 Test_Loss_total: 1.7736 Time: 1.8581s
2025-07-09 20:04:38,800 INFO: In epoch 1462, pred_score1: tensor([0.1583], device='cuda:0', grad_fn=<SelectBackward0>), pred_score2: tensor([0.1861], device='cuda:0', grad_fn=<SelectBackward0>)
2025-07-09 20:04:38,800 INFO: pred: 0.21630820631980896
2025-07-09 20:04:39,190 INFO: [1462/1600] Train_Loss_total: 4.7634 Test_Loss_total: 1.7794 Time: 1.7418s
2025-07-09 20:04:40,252 INFO: In epoch 1463, pred_score1: tensor([0.2335], device='cuda:0', grad_fn=<SelectBackward0>), pred_score2: tensor([0.1326], device='cuda:0', grad_fn=<SelectBackward0>)
2025-07-09 20:04:40,252 INFO: pred: 0.13247306644916534
2025-07-09 20:04:40,659 INFO: [1463/1600] Train_Loss_total: 4.7633 Test_Loss_total: 1.7744 Time: 1.4679s
2025-07-09 20:04:41,739 INFO: In epoch 1464, pred_score1: tensor([0.2515], device='cuda:0', grad_fn=<SelectBackward0>), pred_score2: tensor([0.0982], device='cuda:0', grad_fn=<SelectBackward0>)
2025-07-09 20:04:41,739 INFO: pred: 0.2060631960630417
2025-07-09 20:04:42,136 INFO: [1464/1600] Train_Loss_total: 4.7636 Test_Loss_total: 1.768 Time: 1.4772s
2025-07-09 20:04:43,216 INFO: In epoch 1465, pred_score1: tensor([0.1109], device='cuda:0', grad_fn=<SelectBackward0>), pred_score2: tensor([0.0587], device='cuda:0', grad_fn=<SelectBackward0>)
2025-07-09 20:04:43,216 INFO: pred: 0.19998247921466827
2025-07-09 20:04:43,602 INFO: [1465/1600] Train_Loss_total: 4.7623 Test_Loss_total: 1.7736 Time: 1.4654s
2025-07-09 20:04:44,685 INFO: In epoch 1466, pred_score1: tensor([0.1266], device='cuda:0', grad_fn=<SelectBackward0>), pred_score2: tensor([0.7787], device='cuda:0', grad_fn=<SelectBackward0>)
2025-07-09 20:04:44,686 INFO: pred: 0.15423822402954102
2025-07-09 20:04:45,083 INFO: [1466/1600] Train_Loss_total: 4.7637 Test_Loss_total: 1.7723 Time: 1.4814s
2025-07-09 20:04:46,168 INFO: In epoch 1467, pred_score1: tensor([0.1835], device='cuda:0', grad_fn=<SelectBackward0>), pred_score2: tensor([0.1715], device='cuda:0', grad_fn=<SelectBackward0>)
2025-07-09 20:04:46,168 INFO: pred: 0.18696381151676178
2025-07-09 20:04:46,553 INFO: [1467/1600] Train_Loss_total: 4.7623 Test_Loss_total: 1.7789 Time: 1.4688s
2025-07-09 20:04:47,631 INFO: In epoch 1468, pred_score1: tensor([0.0787], device='cuda:0', grad_fn=<SelectBackward0>), pred_score2: tensor([0.0727], device='cuda:0', grad_fn=<SelectBackward0>)
2025-07-09 20:04:47,631 INFO: pred: 0.2170560508966446
2025-07-09 20:04:48,034 INFO: [1468/1600] Train_Loss_total: 4.7622 Test_Loss_total: 1.7713 Time: 1.4808s
2025-07-09 20:04:49,530 INFO: In epoch 1469, pred_score1: tensor([0.5137], device='cuda:0', grad_fn=<SelectBackward0>), pred_score2: tensor([0.1062], device='cuda:0', grad_fn=<SelectBackward0>)
2025-07-09 20:04:49,530 INFO: pred: 0.29832372069358826
2025-07-09 20:04:50,122 INFO: [1469/1600] Train_Loss_total: 4.7625 Test_Loss_total: 1.7799 Time: 2.0878s
2025-07-09 20:04:51,266 INFO: In epoch 1470, pred_score1: tensor([0.0766], device='cuda:0', grad_fn=<SelectBackward0>), pred_score2: tensor([0.0887], device='cuda:0', grad_fn=<SelectBackward0>)
2025-07-09 20:04:51,267 INFO: pred: 0.23759576678276062
2025-07-09 20:04:51,655 INFO: [1470/1600] Train_Loss_total: 4.7618 Test_Loss_total: 1.7703 Time: 1.5333s
2025-07-09 20:04:52,748 INFO: In epoch 1471, pred_score1: tensor([0.0820], device='cuda:0', grad_fn=<SelectBackward0>), pred_score2: tensor([0.1423], device='cuda:0', grad_fn=<SelectBackward0>)
2025-07-09 20:04:52,749 INFO: pred: 0.22826695442199707
2025-07-09 20:04:53,154 INFO: [1471/1600] Train_Loss_total: 4.7614 Test_Loss_total: 1.7715 Time: 1.4981s
2025-07-09 20:04:54,240 INFO: In epoch 1472, pred_score1: tensor([0.1608], device='cuda:0', grad_fn=<SelectBackward0>), pred_score2: tensor([0.1081], device='cuda:0', grad_fn=<SelectBackward0>)
2025-07-09 20:04:54,240 INFO: pred: 0.20673082768917084
2025-07-09 20:04:54,628 INFO: [1472/1600] Train_Loss_total: 4.7613 Test_Loss_total: 1.7758 Time: 1.4744s
2025-07-09 20:04:55,712 INFO: In epoch 1473, pred_score1: tensor([0.1468], device='cuda:0', grad_fn=<SelectBackward0>), pred_score2: tensor([0.1086], device='cuda:0', grad_fn=<SelectBackward0>)
2025-07-09 20:04:55,712 INFO: pred: 0.20150336623191833
2025-07-09 20:04:56,120 INFO: [1473/1600] Train_Loss_total: 4.7618 Test_Loss_total: 1.7744 Time: 1.4913s
2025-07-09 20:04:57,227 INFO: In epoch 1474, pred_score1: tensor([0.2234], device='cuda:0', grad_fn=<SelectBackward0>), pred_score2: tensor([0.1970], device='cuda:0', grad_fn=<SelectBackward0>)
2025-07-09 20:04:57,227 INFO: pred: 0.2187715470790863
2025-07-09 20:04:57,616 INFO: [1474/1600] Train_Loss_total: 4.7608 Test_Loss_total: 1.7769 Time: 1.4955s
2025-07-09 20:04:58,693 INFO: In epoch 1475, pred_score1: tensor([0.2230], device='cuda:0', grad_fn=<SelectBackward0>), pred_score2: tensor([0.1651], device='cuda:0', grad_fn=<SelectBackward0>)
2025-07-09 20:04:58,693 INFO: pred: 0.19629888236522675
2025-07-09 20:04:59,085 INFO: [1475/1600] Train_Loss_total: 4.7606 Test_Loss_total: 1.7711 Time: 1.4687s
2025-07-09 20:05:00,165 INFO: In epoch 1476, pred_score1: tensor([0.4687], device='cuda:0', grad_fn=<SelectBackward0>), pred_score2: tensor([0.0919], device='cuda:0', grad_fn=<SelectBackward0>)
2025-07-09 20:05:00,165 INFO: pred: 0.22331629693508148
2025-07-09 20:05:00,924 INFO: [1476/1600] Train_Loss_total: 4.7608 Test_Loss_total: 1.7703 Time: 1.8389s
2025-07-09 20:05:02,417 INFO: In epoch 1477, pred_score1: tensor([0.4798], device='cuda:0', grad_fn=<SelectBackward0>), pred_score2: tensor([0.9988], device='cuda:0', grad_fn=<SelectBackward0>)
2025-07-09 20:05:02,417 INFO: pred: 0.0786963626742363
2025-07-09 20:05:02,823 INFO: [1477/1600] Train_Loss_total: 4.76 Test_Loss_total: 1.7628 Time: 1.8989s
2025-07-09 20:05:03,909 INFO: In epoch 1478, pred_score1: tensor([0.0422], device='cuda:0', grad_fn=<SelectBackward0>), pred_score2: tensor([0.1632], device='cuda:0', grad_fn=<SelectBackward0>)
2025-07-09 20:05:03,909 INFO: pred: 0.17749014496803284
2025-07-09 20:05:04,301 INFO: [1478/1600] Train_Loss_total: 4.7599 Test_Loss_total: 1.7691 Time: 1.478s
2025-07-09 20:05:05,387 INFO: In epoch 1479, pred_score1: tensor([0.7450], device='cuda:0', grad_fn=<SelectBackward0>), pred_score2: tensor([0.0911], device='cuda:0', grad_fn=<SelectBackward0>)
2025-07-09 20:05:05,388 INFO: pred: 0.21620501577854156
2025-07-09 20:05:05,798 INFO: [1479/1600] Train_Loss_total: 4.7599 Test_Loss_total: 1.7765 Time: 1.4967s
2025-07-09 20:05:06,871 INFO: In epoch 1480, pred_score1: tensor([0.1633], device='cuda:0', grad_fn=<SelectBackward0>), pred_score2: tensor([0.1370], device='cuda:0', grad_fn=<SelectBackward0>)
2025-07-09 20:05:06,871 INFO: pred: 0.20849932730197906
2025-07-09 20:05:07,269 INFO: [1480/1600] Train_Loss_total: 4.7595 Test_Loss_total: 1.7716 Time: 1.4702s
2025-07-09 20:05:08,321 INFO: In epoch 1481, pred_score1: tensor([0.2484], device='cuda:0', grad_fn=<SelectBackward0>), pred_score2: tensor([0.0971], device='cuda:0', grad_fn=<SelectBackward0>)
2025-07-09 20:05:08,321 INFO: pred: 0.20598894357681274
2025-07-09 20:05:08,727 INFO: [1481/1600] Train_Loss_total: 4.759 Test_Loss_total: 1.7835 Time: 1.4585s
2025-07-09 20:05:09,788 INFO: In epoch 1482, pred_score1: tensor([0.7247], device='cuda:0', grad_fn=<SelectBackward0>), pred_score2: tensor([0.1008], device='cuda:0', grad_fn=<SelectBackward0>)
2025-07-09 20:05:09,788 INFO: pred: 0.1817864030599594
2025-07-09 20:05:10,180 INFO: [1482/1600] Train_Loss_total: 4.7589 Test_Loss_total: 1.7919 Time: 1.4528s
2025-07-09 20:05:11,229 INFO: In epoch 1483, pred_score1: tensor([0.1423], device='cuda:0', grad_fn=<SelectBackward0>), pred_score2: tensor([0.1097], device='cuda:0', grad_fn=<SelectBackward0>)
2025-07-09 20:05:11,229 INFO: pred: 0.19609756767749786
2025-07-09 20:05:11,616 INFO: [1483/1600] Train_Loss_total: 4.7587 Test_Loss_total: 1.774 Time: 1.4351s
2025-07-09 20:05:12,922 INFO: In epoch 1484, pred_score1: tensor([0.1445], device='cuda:0', grad_fn=<SelectBackward0>), pred_score2: tensor([0.1079], device='cuda:0', grad_fn=<SelectBackward0>)
2025-07-09 20:05:12,922 INFO: pred: 0.20508360862731934
2025-07-09 20:05:13,443 INFO: [1484/1600] Train_Loss_total: 4.7585 Test_Loss_total: 1.7664 Time: 1.8273s
2025-07-09 20:05:14,806 INFO: In epoch 1485, pred_score1: tensor([0.1725], device='cuda:0', grad_fn=<SelectBackward0>), pred_score2: tensor([0.1474], device='cuda:0', grad_fn=<SelectBackward0>)
2025-07-09 20:05:14,806 INFO: pred: 0.19795504212379456
2025-07-09 20:05:15,212 INFO: [1485/1600] Train_Loss_total: 4.7585 Test_Loss_total: 1.7832 Time: 1.7687s
2025-07-09 20:05:16,283 INFO: In epoch 1486, pred_score1: tensor([0.1746], device='cuda:0', grad_fn=<SelectBackward0>), pred_score2: tensor([0.0495], device='cuda:0', grad_fn=<SelectBackward0>)
2025-07-09 20:05:16,283 INFO: pred: 0.22336828708648682
2025-07-09 20:05:16,668 INFO: [1486/1600] Train_Loss_total: 4.7582 Test_Loss_total: 1.7836 Time: 1.455s
2025-07-09 20:05:17,748 INFO: In epoch 1487, pred_score1: tensor([0.1538], device='cuda:0', grad_fn=<SelectBackward0>), pred_score2: tensor([0.1259], device='cuda:0', grad_fn=<SelectBackward0>)
2025-07-09 20:05:17,748 INFO: pred: 0.21754570305347443
2025-07-09 20:05:18,159 INFO: [1487/1600] Train_Loss_total: 4.7581 Test_Loss_total: 1.7782 Time: 1.491s
2025-07-09 20:05:19,249 INFO: In epoch 1488, pred_score1: tensor([0.1715], device='cuda:0', grad_fn=<SelectBackward0>), pred_score2: tensor([0.0478], device='cuda:0', grad_fn=<SelectBackward0>)
2025-07-09 20:05:19,249 INFO: pred: 0.22511735558509827
2025-07-09 20:05:19,659 INFO: [1488/1600] Train_Loss_total: 4.7582 Test_Loss_total: 1.7757 Time: 1.4999s
2025-07-09 20:05:20,747 INFO: In epoch 1489, pred_score1: tensor([0.1896], device='cuda:0', grad_fn=<SelectBackward0>), pred_score2: tensor([0.1634], device='cuda:0', grad_fn=<SelectBackward0>)
2025-07-09 20:05:20,747 INFO: pred: 0.20264962315559387
2025-07-09 20:05:21,153 INFO: [1489/1600] Train_Loss_total: 4.7578 Test_Loss_total: 1.7733 Time: 1.4942s
2025-07-09 20:05:22,211 INFO: In epoch 1490, pred_score1: tensor([0.1191], device='cuda:0', grad_fn=<SelectBackward0>), pred_score2: tensor([0.1067], device='cuda:0', grad_fn=<SelectBackward0>)
2025-07-09 20:05:22,211 INFO: pred: 0.21406535804271698
2025-07-09 20:05:22,599 INFO: [1490/1600] Train_Loss_total: 4.7575 Test_Loss_total: 1.7817 Time: 1.4452s
2025-07-09 20:05:23,669 INFO: In epoch 1491, pred_score1: tensor([0.0774], device='cuda:0', grad_fn=<SelectBackward0>), pred_score2: tensor([0.0723], device='cuda:0', grad_fn=<SelectBackward0>)
2025-07-09 20:05:23,669 INFO: pred: 0.21797224879264832
2025-07-09 20:05:24,060 INFO: [1491/1600] Train_Loss_total: 4.7573 Test_Loss_total: 1.79 Time: 1.4604s
2025-07-09 20:05:25,486 INFO: In epoch 1492, pred_score1: tensor([0.1571], device='cuda:0', grad_fn=<SelectBackward0>), pred_score2: tensor([0.0891], device='cuda:0', grad_fn=<SelectBackward0>)
2025-07-09 20:05:25,486 INFO: pred: 0.19427421689033508
2025-07-09 20:05:26,072 INFO: [1492/1600] Train_Loss_total: 4.7576 Test_Loss_total: 1.8296 Time: 2.0122s
2025-07-09 20:05:27,251 INFO: In epoch 1493, pred_score1: tensor([0.4237], device='cuda:0', grad_fn=<SelectBackward0>), pred_score2: tensor([0.0863], device='cuda:0', grad_fn=<SelectBackward0>)
2025-07-09 20:05:27,251 INFO: pred: 0.3122432231903076
2025-07-09 20:05:27,673 INFO: [1493/1600] Train_Loss_total: 4.7568 Test_Loss_total: 1.7856 Time: 1.6008s
2025-07-09 20:05:28,782 INFO: In epoch 1494, pred_score1: tensor([0.7160], device='cuda:0', grad_fn=<SelectBackward0>), pred_score2: tensor([0.0601], device='cuda:0', grad_fn=<SelectBackward0>)
2025-07-09 20:05:28,782 INFO: pred: 0.1965089589357376
2025-07-09 20:05:29,191 INFO: [1494/1600] Train_Loss_total: 4.7578 Test_Loss_total: 1.7669 Time: 1.5176s
2025-07-09 20:05:30,285 INFO: In epoch 1495, pred_score1: tensor([0.1509], device='cuda:0', grad_fn=<SelectBackward0>), pred_score2: tensor([0.1061], device='cuda:0', grad_fn=<SelectBackward0>)
2025-07-09 20:05:30,286 INFO: pred: 0.20342262089252472
2025-07-09 20:05:30,695 INFO: [1495/1600] Train_Loss_total: 4.7558 Test_Loss_total: 1.7926 Time: 1.5043s
2025-07-09 20:05:31,780 INFO: In epoch 1496, pred_score1: tensor([0.0882], device='cuda:0', grad_fn=<SelectBackward0>), pred_score2: tensor([0.1318], device='cuda:0', grad_fn=<SelectBackward0>)
2025-07-09 20:05:31,781 INFO: pred: 0.19796454906463623
2025-07-09 20:05:32,183 INFO: [1496/1600] Train_Loss_total: 4.7559 Test_Loss_total: 1.8105 Time: 1.4876s
2025-07-09 20:05:33,291 INFO: In epoch 1497, pred_score1: tensor([0.1544], device='cuda:0', grad_fn=<SelectBackward0>), pred_score2: tensor([0.1515], device='cuda:0', grad_fn=<SelectBackward0>)
2025-07-09 20:05:33,291 INFO: pred: 0.2035694122314453
2025-07-09 20:05:33,700 INFO: [1497/1600] Train_Loss_total: 4.7566 Test_Loss_total: 1.769 Time: 1.5164s
2025-07-09 20:05:34,804 INFO: In epoch 1498, pred_score1: tensor([0.0833], device='cuda:0', grad_fn=<SelectBackward0>), pred_score2: tensor([0.0920], device='cuda:0', grad_fn=<SelectBackward0>)
2025-07-09 20:05:34,804 INFO: pred: 0.23905354738235474
2025-07-09 20:05:35,209 INFO: [1498/1600] Train_Loss_total: 4.7561 Test_Loss_total: 1.8292 Time: 1.5088s
2025-07-09 20:05:36,310 INFO: In epoch 1499, pred_score1: tensor([0.0796], device='cuda:0', grad_fn=<SelectBackward0>), pred_score2: tensor([0.1005], device='cuda:0', grad_fn=<SelectBackward0>)
2025-07-09 20:05:36,310 INFO: pred: 0.2010277956724167
2025-07-09 20:05:36,900 INFO: [1499/1600] Train_Loss_total: 4.7556 Test_Loss_total: 1.7668 Time: 1.6907s
2025-07-09 20:05:38,498 INFO: In epoch 1500, pred_score1: tensor([0.1083], device='cuda:0', grad_fn=<SelectBackward0>), pred_score2: tensor([0.0591], device='cuda:0', grad_fn=<SelectBackward0>)
2025-07-09 20:05:38,499 INFO: pred: 0.20174095034599304
2025-07-09 20:05:38,913 INFO: [1500/1600] Train_Loss_total: 4.7548 Test_Loss_total: 1.7787 Time: 2.0124s
2025-07-09 20:05:39,981 INFO: In epoch 1501, pred_score1: tensor([0.1188], device='cuda:0', grad_fn=<SelectBackward0>), pred_score2: tensor([0.1090], device='cuda:0', grad_fn=<SelectBackward0>)
2025-07-09 20:05:39,981 INFO: pred: 0.21430711448192596
2025-07-09 20:05:40,381 INFO: [1501/1600] Train_Loss_total: 4.7546 Test_Loss_total: 1.7727 Time: 1.4677s
2025-07-09 20:05:41,463 INFO: In epoch 1502, pred_score1: tensor([0.1561], device='cuda:0', grad_fn=<SelectBackward0>), pred_score2: tensor([0.1685], device='cuda:0', grad_fn=<SelectBackward0>)
2025-07-09 20:05:41,463 INFO: pred: 0.22030864655971527
2025-07-09 20:05:41,857 INFO: [1502/1600] Train_Loss_total: 4.7548 Test_Loss_total: 1.7853 Time: 1.4764s
2025-07-09 20:05:42,966 INFO: In epoch 1503, pred_score1: tensor([0.4471], device='cuda:0', grad_fn=<SelectBackward0>), pred_score2: tensor([0.0841], device='cuda:0', grad_fn=<SelectBackward0>)
2025-07-09 20:05:42,966 INFO: pred: 0.3128209710121155
2025-07-09 20:05:43,354 INFO: [1503/1600] Train_Loss_total: 4.7549 Test_Loss_total: 1.8431 Time: 1.4967s
2025-07-09 20:05:44,438 INFO: In epoch 1504, pred_score1: tensor([0.1411], device='cuda:0', grad_fn=<SelectBackward0>), pred_score2: tensor([0.1206], device='cuda:0', grad_fn=<SelectBackward0>)
2025-07-09 20:05:44,438 INFO: pred: 0.19339695572853088
2025-07-09 20:05:44,825 INFO: [1504/1600] Train_Loss_total: 4.7549 Test_Loss_total: 1.7705 Time: 1.4704s
2025-07-09 20:05:45,906 INFO: In epoch 1505, pred_score1: tensor([0.0415], device='cuda:0', grad_fn=<SelectBackward0>), pred_score2: tensor([0.2196], device='cuda:0', grad_fn=<SelectBackward0>)
2025-07-09 20:05:45,906 INFO: pred: 0.22685307264328003
2025-07-09 20:05:46,315 INFO: [1505/1600] Train_Loss_total: 4.7541 Test_Loss_total: 1.7663 Time: 1.4899s
2025-07-09 20:05:47,391 INFO: In epoch 1506, pred_score1: tensor([0.2209], device='cuda:0', grad_fn=<SelectBackward0>), pred_score2: tensor([0.1936], device='cuda:0', grad_fn=<SelectBackward0>)
2025-07-09 20:05:47,392 INFO: pred: 0.21978624165058136
2025-07-09 20:05:47,774 INFO: [1506/1600] Train_Loss_total: 4.7539 Test_Loss_total: 1.7741 Time: 1.4586s
2025-07-09 20:05:49,028 INFO: In epoch 1507, pred_score1: tensor([0.1058], device='cuda:0', grad_fn=<SelectBackward0>), pred_score2: tensor([0.0952], device='cuda:0', grad_fn=<SelectBackward0>)
2025-07-09 20:05:49,028 INFO: pred: 0.1733626425266266
2025-07-09 20:05:49,611 INFO: [1507/1600] Train_Loss_total: 4.7534 Test_Loss_total: 1.8675 Time: 1.8365s
2025-07-09 20:05:51,167 INFO: In epoch 1508, pred_score1: tensor([0.1263], device='cuda:0', grad_fn=<SelectBackward0>), pred_score2: tensor([0.2077], device='cuda:0', grad_fn=<SelectBackward0>)
2025-07-09 20:05:51,168 INFO: pred: 0.20186492800712585
2025-07-09 20:05:51,569 INFO: [1508/1600] Train_Loss_total: 4.753 Test_Loss_total: 1.7951 Time: 1.9578s
2025-07-09 20:05:52,657 INFO: In epoch 1509, pred_score1: tensor([0.2078], device='cuda:0', grad_fn=<SelectBackward0>), pred_score2: tensor([0.1624], device='cuda:0', grad_fn=<SelectBackward0>)
2025-07-09 20:05:52,657 INFO: pred: 0.1987895965576172
2025-07-09 20:05:53,053 INFO: [1509/1600] Train_Loss_total: 4.7535 Test_Loss_total: 1.7727 Time: 1.4841s
2025-07-09 20:05:54,111 INFO: In epoch 1510, pred_score1: tensor([0.6554], device='cuda:0', grad_fn=<SelectBackward0>), pred_score2: tensor([0.0681], device='cuda:0', grad_fn=<SelectBackward0>)
2025-07-09 20:05:54,111 INFO: pred: 0.23736818134784698
2025-07-09 20:05:54,515 INFO: [1510/1600] Train_Loss_total: 4.753 Test_Loss_total: 1.7724 Time: 1.4618s
2025-07-09 20:05:55,593 INFO: In epoch 1511, pred_score1: tensor([0.1979], device='cuda:0', grad_fn=<SelectBackward0>), pred_score2: tensor([0.1270], device='cuda:0', grad_fn=<SelectBackward0>)
2025-07-09 20:05:55,593 INFO: pred: 0.20702898502349854
2025-07-09 20:05:55,982 INFO: [1511/1600] Train_Loss_total: 4.7541 Test_Loss_total: 1.7868 Time: 1.4668s
2025-07-09 20:05:57,044 INFO: In epoch 1512, pred_score1: tensor([0.1274], device='cuda:0', grad_fn=<SelectBackward0>), pred_score2: tensor([0.0735], device='cuda:0', grad_fn=<SelectBackward0>)
2025-07-09 20:05:57,044 INFO: pred: 0.19723807275295258
2025-07-09 20:05:57,443 INFO: [1512/1600] Train_Loss_total: 4.7527 Test_Loss_total: 1.7735 Time: 1.4599s
2025-07-09 20:05:58,521 INFO: In epoch 1513, pred_score1: tensor([0.1525], device='cuda:0', grad_fn=<SelectBackward0>), pred_score2: tensor([0.1069], device='cuda:0', grad_fn=<SelectBackward0>)
2025-07-09 20:05:58,521 INFO: pred: 0.20457538962364197
2025-07-09 20:05:58,914 INFO: [1513/1600] Train_Loss_total: 4.7524 Test_Loss_total: 1.7633 Time: 1.4716s
2025-07-09 20:05:59,983 INFO: In epoch 1514, pred_score1: tensor([0.1293], device='cuda:0', grad_fn=<SelectBackward0>), pred_score2: tensor([0.0727], device='cuda:0', grad_fn=<SelectBackward0>)
2025-07-09 20:05:59,983 INFO: pred: 0.19776009023189545
2025-07-09 20:06:00,376 INFO: [1514/1600] Train_Loss_total: 4.7521 Test_Loss_total: 1.779 Time: 1.4611s
2025-07-09 20:06:01,832 INFO: In epoch 1515, pred_score1: tensor([0.1196], device='cuda:0', grad_fn=<SelectBackward0>), pred_score2: tensor([0.1046], device='cuda:0', grad_fn=<SelectBackward0>)
2025-07-09 20:06:01,832 INFO: pred: 0.21461136639118195
2025-07-09 20:06:02,415 INFO: [1515/1600] Train_Loss_total: 4.7518 Test_Loss_total: 1.773 Time: 2.0391s
2025-07-09 20:06:03,585 INFO: In epoch 1516, pred_score1: tensor([0.1286], device='cuda:0', grad_fn=<SelectBackward0>), pred_score2: tensor([0.0733], device='cuda:0', grad_fn=<SelectBackward0>)
2025-07-09 20:06:03,585 INFO: pred: 0.19777745008468628
2025-07-09 20:06:04,031 INFO: [1516/1600] Train_Loss_total: 4.7516 Test_Loss_total: 1.7704 Time: 1.6151s
2025-07-09 20:06:05,145 INFO: In epoch 1517, pred_score1: tensor([0.1343], device='cuda:0', grad_fn=<SelectBackward0>), pred_score2: tensor([0.0777], device='cuda:0', grad_fn=<SelectBackward0>)
2025-07-09 20:06:05,145 INFO: pred: 0.20485767722129822
2025-07-09 20:06:05,535 INFO: [1517/1600] Train_Loss_total: 4.7512 Test_Loss_total: 1.8041 Time: 1.5044s
2025-07-09 20:06:06,681 INFO: In epoch 1518, pred_score1: tensor([0.1840], device='cuda:0', grad_fn=<SelectBackward0>), pred_score2: tensor([0.2358], device='cuda:0', grad_fn=<SelectBackward0>)
2025-07-09 20:06:06,681 INFO: pred: 0.22215479612350464
2025-07-09 20:06:07,099 INFO: [1518/1600] Train_Loss_total: 4.7509 Test_Loss_total: 1.7751 Time: 1.5637s
2025-07-09 20:06:08,233 INFO: In epoch 1519, pred_score1: tensor([0.2200], device='cuda:0', grad_fn=<SelectBackward0>), pred_score2: tensor([0.1281], device='cuda:0', grad_fn=<SelectBackward0>)
2025-07-09 20:06:08,233 INFO: pred: 0.20966915786266327
2025-07-09 20:06:08,619 INFO: [1519/1600] Train_Loss_total: 4.7519 Test_Loss_total: 1.7705 Time: 1.5199s
2025-07-09 20:06:09,709 INFO: In epoch 1520, pred_score1: tensor([0.1477], device='cuda:0', grad_fn=<SelectBackward0>), pred_score2: tensor([0.1190], device='cuda:0', grad_fn=<SelectBackward0>)
2025-07-09 20:06:09,709 INFO: pred: 0.23190605640411377
2025-07-09 20:06:10,123 INFO: [1520/1600] Train_Loss_total: 4.7507 Test_Loss_total: 1.7741 Time: 1.5038s
2025-07-09 20:06:11,201 INFO: In epoch 1521, pred_score1: tensor([0.0990], device='cuda:0', grad_fn=<SelectBackward0>), pred_score2: tensor([0.2554], device='cuda:0', grad_fn=<SelectBackward0>)
2025-07-09 20:06:11,202 INFO: pred: 0.17982879281044006
2025-07-09 20:06:11,595 INFO: [1521/1600] Train_Loss_total: 4.7502 Test_Loss_total: 1.7881 Time: 1.4716s
2025-07-09 20:06:12,688 INFO: In epoch 1522, pred_score1: tensor([0.1553], device='cuda:0', grad_fn=<SelectBackward0>), pred_score2: tensor([0.2493], device='cuda:0', grad_fn=<SelectBackward0>)
2025-07-09 20:06:12,689 INFO: pred: 0.14731115102767944
2025-07-09 20:06:13,265 INFO: [1522/1600] Train_Loss_total: 4.7507 Test_Loss_total: 1.7751 Time: 1.6695s
2025-07-09 20:06:14,786 INFO: In epoch 1523, pred_score1: tensor([0.0701], device='cuda:0', grad_fn=<SelectBackward0>), pred_score2: tensor([0.1121], device='cuda:0', grad_fn=<SelectBackward0>)
2025-07-09 20:06:14,786 INFO: pred: 0.2110595405101776
2025-07-09 20:06:15,189 INFO: [1523/1600] Train_Loss_total: 4.7503 Test_Loss_total: 1.77 Time: 1.9242s
2025-07-09 20:06:16,273 INFO: In epoch 1524, pred_score1: tensor([0.0982], device='cuda:0', grad_fn=<SelectBackward0>), pred_score2: tensor([0.1282], device='cuda:0', grad_fn=<SelectBackward0>)
2025-07-09 20:06:16,273 INFO: pred: 0.2397550493478775
2025-07-09 20:06:16,682 INFO: [1524/1600] Train_Loss_total: 4.7501 Test_Loss_total: 1.768 Time: 1.4919s
2025-07-09 20:06:17,815 INFO: In epoch 1525, pred_score1: tensor([0.1586], device='cuda:0', grad_fn=<SelectBackward0>), pred_score2: tensor([0.0656], device='cuda:0', grad_fn=<SelectBackward0>)
2025-07-09 20:06:17,815 INFO: pred: 0.21307678520679474
2025-07-09 20:06:18,215 INFO: [1525/1600] Train_Loss_total: 4.7499 Test_Loss_total: 1.7682 Time: 1.5332s
2025-07-09 20:06:19,306 INFO: In epoch 1526, pred_score1: tensor([0.1214], device='cuda:0', grad_fn=<SelectBackward0>), pred_score2: tensor([0.1411], device='cuda:0', grad_fn=<SelectBackward0>)
2025-07-09 20:06:19,306 INFO: pred: 0.1970314234495163
2025-07-09 20:06:19,730 INFO: [1526/1600] Train_Loss_total: 4.75 Test_Loss_total: 1.8409 Time: 1.5148s
2025-07-09 20:06:20,825 INFO: In epoch 1527, pred_score1: tensor([0.0858], device='cuda:0', grad_fn=<SelectBackward0>), pred_score2: tensor([0.2400], device='cuda:0', grad_fn=<SelectBackward0>)
2025-07-09 20:06:20,826 INFO: pred: 0.20531468093395233
2025-07-09 20:06:21,224 INFO: [1527/1600] Train_Loss_total: 4.7493 Test_Loss_total: 1.7889 Time: 1.4936s
2025-07-09 20:06:22,305 INFO: In epoch 1528, pred_score1: tensor([0.1396], device='cuda:0', grad_fn=<SelectBackward0>), pred_score2: tensor([0.1502], device='cuda:0', grad_fn=<SelectBackward0>)
2025-07-09 20:06:22,305 INFO: pred: 0.2084703892469406
2025-07-09 20:06:22,705 INFO: [1528/1600] Train_Loss_total: 4.7491 Test_Loss_total: 1.8276 Time: 1.4809s
2025-07-09 20:06:23,768 INFO: In epoch 1529, pred_score1: tensor([0.1173], device='cuda:0', grad_fn=<SelectBackward0>), pred_score2: tensor([0.1206], device='cuda:0', grad_fn=<SelectBackward0>)
2025-07-09 20:06:23,769 INFO: pred: 0.20792685449123383
2025-07-09 20:06:24,159 INFO: [1529/1600] Train_Loss_total: 4.7496 Test_Loss_total: 1.8146 Time: 1.4538s
2025-07-09 20:06:25,498 INFO: In epoch 1530, pred_score1: tensor([0.1824], device='cuda:0', grad_fn=<SelectBackward0>), pred_score2: tensor([0.1411], device='cuda:0', grad_fn=<SelectBackward0>)
2025-07-09 20:06:25,498 INFO: pred: 0.18675564229488373
2025-07-09 20:06:26,046 INFO: [1530/1600] Train_Loss_total: 4.7495 Test_Loss_total: 1.79 Time: 1.8865s
2025-07-09 20:06:27,342 INFO: In epoch 1531, pred_score1: tensor([0.7721], device='cuda:0', grad_fn=<SelectBackward0>), pred_score2: tensor([0.2809], device='cuda:0', grad_fn=<SelectBackward0>)
2025-07-09 20:06:27,342 INFO: pred: 0.21888823807239532
2025-07-09 20:06:27,753 INFO: [1531/1600] Train_Loss_total: 4.7485 Test_Loss_total: 1.7674 Time: 1.7067s
2025-07-09 20:06:28,833 INFO: In epoch 1532, pred_score1: tensor([0.2666], device='cuda:0', grad_fn=<SelectBackward0>), pred_score2: tensor([0.1940], device='cuda:0', grad_fn=<SelectBackward0>)
2025-07-09 20:06:28,833 INFO: pred: 0.19486664235591888
2025-07-09 20:06:29,228 INFO: [1532/1600] Train_Loss_total: 4.7482 Test_Loss_total: 1.7954 Time: 1.4749s
2025-07-09 20:06:30,299 INFO: In epoch 1533, pred_score1: tensor([0.1549], device='cuda:0', grad_fn=<SelectBackward0>), pred_score2: tensor([0.0683], device='cuda:0', grad_fn=<SelectBackward0>)
2025-07-09 20:06:30,299 INFO: pred: 0.21254988014698029
2025-07-09 20:06:30,688 INFO: [1533/1600] Train_Loss_total: 4.7477 Test_Loss_total: 1.8038 Time: 1.4593s
2025-07-09 20:06:31,768 INFO: In epoch 1534, pred_score1: tensor([0.3712], device='cuda:0', grad_fn=<SelectBackward0>), pred_score2: tensor([0.1530], device='cuda:0', grad_fn=<SelectBackward0>)
2025-07-09 20:06:31,768 INFO: pred: 0.1815313994884491
2025-07-09 20:06:32,168 INFO: [1534/1600] Train_Loss_total: 4.7475 Test_Loss_total: 1.7679 Time: 1.4803s
2025-07-09 20:06:33,245 INFO: In epoch 1535, pred_score1: tensor([0.1282], device='cuda:0', grad_fn=<SelectBackward0>), pred_score2: tensor([0.1085], device='cuda:0', grad_fn=<SelectBackward0>)
2025-07-09 20:06:33,245 INFO: pred: 0.23431937396526337
2025-07-09 20:06:33,629 INFO: [1535/1600] Train_Loss_total: 4.7475 Test_Loss_total: 1.7675 Time: 1.4606s
2025-07-09 20:06:34,701 INFO: In epoch 1536, pred_score1: tensor([0.1639], device='cuda:0', grad_fn=<SelectBackward0>), pred_score2: tensor([0.1139], device='cuda:0', grad_fn=<SelectBackward0>)
2025-07-09 20:06:34,701 INFO: pred: 0.1460321843624115
2025-07-09 20:06:35,122 INFO: [1536/1600] Train_Loss_total: 4.7472 Test_Loss_total: 1.7736 Time: 1.493s
2025-07-09 20:06:36,185 INFO: In epoch 1537, pred_score1: tensor([0.0917], device='cuda:0', grad_fn=<SelectBackward0>), pred_score2: tensor([0.5847], device='cuda:0', grad_fn=<SelectBackward0>)
2025-07-09 20:06:36,185 INFO: pred: 0.1947406381368637
2025-07-09 20:06:36,575 INFO: [1537/1600] Train_Loss_total: 4.7468 Test_Loss_total: 1.8083 Time: 1.4525s
2025-07-09 20:06:38,046 INFO: In epoch 1538, pred_score1: tensor([0.1214], device='cuda:0', grad_fn=<SelectBackward0>), pred_score2: tensor([0.1296], device='cuda:0', grad_fn=<SelectBackward0>)
2025-07-09 20:06:38,046 INFO: pred: 0.24812248349189758
2025-07-09 20:06:38,645 INFO: [1538/1600] Train_Loss_total: 4.747 Test_Loss_total: 1.7695 Time: 2.0691s
2025-07-09 20:06:39,773 INFO: In epoch 1539, pred_score1: tensor([0.4507], device='cuda:0', grad_fn=<SelectBackward0>), pred_score2: tensor([0.0876], device='cuda:0', grad_fn=<SelectBackward0>)
2025-07-09 20:06:39,773 INFO: pred: 0.2254754602909088
2025-07-09 20:06:40,188 INFO: [1539/1600] Train_Loss_total: 4.7471 Test_Loss_total: 1.7764 Time: 1.5432s
2025-07-09 20:06:41,273 INFO: In epoch 1540, pred_score1: tensor([0.1879], device='cuda:0', grad_fn=<SelectBackward0>), pred_score2: tensor([0.0983], device='cuda:0', grad_fn=<SelectBackward0>)
2025-07-09 20:06:41,273 INFO: pred: 0.2024746686220169
2025-07-09 20:06:41,859 INFO: [1540/1600] Train_Loss_total: 4.7464 Test_Loss_total: 1.7877 Time: 1.6705s
2025-07-09 20:06:43,018 INFO: In epoch 1541, pred_score1: tensor([0.0923], device='cuda:0', grad_fn=<SelectBackward0>), pred_score2: tensor([0.1697], device='cuda:0', grad_fn=<SelectBackward0>)
2025-07-09 20:06:43,018 INFO: pred: 0.18846428394317627
2025-07-09 20:06:43,438 INFO: [1541/1600] Train_Loss_total: 4.7467 Test_Loss_total: 1.7667 Time: 1.5784s
2025-07-09 20:06:44,564 INFO: In epoch 1542, pred_score1: tensor([0.5344], device='cuda:0', grad_fn=<SelectBackward0>), pred_score2: tensor([0.0832], device='cuda:0', grad_fn=<SelectBackward0>)
2025-07-09 20:06:44,564 INFO: pred: 0.317500501871109
2025-07-09 20:06:44,959 INFO: [1542/1600] Train_Loss_total: 4.7473 Test_Loss_total: 1.773 Time: 1.521s
2025-07-09 20:06:46,014 INFO: In epoch 1543, pred_score1: tensor([0.1799], device='cuda:0', grad_fn=<SelectBackward0>), pred_score2: tensor([0.1236], device='cuda:0', grad_fn=<SelectBackward0>)
2025-07-09 20:06:46,014 INFO: pred: 0.2091723382472992
2025-07-09 20:06:46,420 INFO: [1543/1600] Train_Loss_total: 4.746 Test_Loss_total: 1.7689 Time: 1.4612s
2025-07-09 20:06:47,528 INFO: In epoch 1544, pred_score1: tensor([0.1249], device='cuda:0', grad_fn=<SelectBackward0>), pred_score2: tensor([0.0521], device='cuda:0', grad_fn=<SelectBackward0>)
2025-07-09 20:06:47,528 INFO: pred: 0.20698310434818268
2025-07-09 20:06:47,920 INFO: [1544/1600] Train_Loss_total: 4.7458 Test_Loss_total: 1.8001 Time: 1.4992s
2025-07-09 20:06:49,153 INFO: In epoch 1545, pred_score1: tensor([0.1160], device='cuda:0', grad_fn=<SelectBackward0>), pred_score2: tensor([0.0864], device='cuda:0', grad_fn=<SelectBackward0>)
2025-07-09 20:06:49,154 INFO: pred: 0.2051992118358612
2025-07-09 20:06:49,765 INFO: [1545/1600] Train_Loss_total: 4.7455 Test_Loss_total: 1.7793 Time: 1.8446s
2025-07-09 20:06:51,229 INFO: In epoch 1546, pred_score1: tensor([0.1635], device='cuda:0', grad_fn=<SelectBackward0>), pred_score2: tensor([0.1257], device='cuda:0', grad_fn=<SelectBackward0>)
2025-07-09 20:06:51,229 INFO: pred: 0.1957937479019165
2025-07-09 20:06:51,640 INFO: [1546/1600] Train_Loss_total: 4.7453 Test_Loss_total: 1.8252 Time: 1.8753s
2025-07-09 20:06:52,755 INFO: In epoch 1547, pred_score1: tensor([0.4549], device='cuda:0', grad_fn=<SelectBackward0>), pred_score2: tensor([0.0751], device='cuda:0', grad_fn=<SelectBackward0>)
2025-07-09 20:06:52,755 INFO: pred: 0.3121977746486664
2025-07-09 20:06:53,153 INFO: [1547/1600] Train_Loss_total: 4.7449 Test_Loss_total: 1.8339 Time: 1.5128s
2025-07-09 20:06:54,251 INFO: In epoch 1548, pred_score1: tensor([0.0949], device='cuda:0', grad_fn=<SelectBackward0>), pred_score2: tensor([0.2492], device='cuda:0', grad_fn=<SelectBackward0>)
2025-07-09 20:06:54,252 INFO: pred: 0.18050970137119293
2025-07-09 20:06:54,649 INFO: [1548/1600] Train_Loss_total: 4.7448 Test_Loss_total: 1.7707 Time: 1.4959s
2025-07-09 20:06:55,727 INFO: In epoch 1549, pred_score1: tensor([0.2586], device='cuda:0', grad_fn=<SelectBackward0>), pred_score2: tensor([0.1950], device='cuda:0', grad_fn=<SelectBackward0>)
2025-07-09 20:06:55,727 INFO: pred: 0.19604142010211945
2025-07-09 20:06:56,121 INFO: [1549/1600] Train_Loss_total: 4.7449 Test_Loss_total: 1.7701 Time: 1.4716s
2025-07-09 20:06:57,199 INFO: In epoch 1550, pred_score1: tensor([0.1865], device='cuda:0', grad_fn=<SelectBackward0>), pred_score2: tensor([0.1845], device='cuda:0', grad_fn=<SelectBackward0>)
2025-07-09 20:06:57,199 INFO: pred: 0.21095310151576996
2025-07-09 20:06:57,584 INFO: [1550/1600] Train_Loss_total: 4.7445 Test_Loss_total: 1.7782 Time: 1.4625s
2025-07-09 20:06:58,662 INFO: In epoch 1551, pred_score1: tensor([0.1946], device='cuda:0', grad_fn=<SelectBackward0>), pred_score2: tensor([0.1215], device='cuda:0', grad_fn=<SelectBackward0>)
2025-07-09 20:06:58,662 INFO: pred: 0.19983533024787903
2025-07-09 20:06:59,074 INFO: [1551/1600] Train_Loss_total: 4.744 Test_Loss_total: 1.7712 Time: 1.4897s
2025-07-09 20:07:00,182 INFO: In epoch 1552, pred_score1: tensor([0.1605], device='cuda:0', grad_fn=<SelectBackward0>), pred_score2: tensor([0.1225], device='cuda:0', grad_fn=<SelectBackward0>)
2025-07-09 20:07:00,182 INFO: pred: 0.2085082232952118
2025-07-09 20:07:00,572 INFO: [1552/1600] Train_Loss_total: 4.744 Test_Loss_total: 1.7731 Time: 1.4982s
2025-07-09 20:07:01,958 INFO: In epoch 1553, pred_score1: tensor([0.2690], device='cuda:0', grad_fn=<SelectBackward0>), pred_score2: tensor([0.0585], device='cuda:0', grad_fn=<SelectBackward0>)
2025-07-09 20:07:01,958 INFO: pred: 0.19517946243286133
2025-07-09 20:07:02,569 INFO: [1553/1600] Train_Loss_total: 4.7437 Test_Loss_total: 1.8029 Time: 1.9966s
2025-07-09 20:07:03,816 INFO: In epoch 1554, pred_score1: tensor([0.1212], device='cuda:0', grad_fn=<SelectBackward0>), pred_score2: tensor([0.0770], device='cuda:0', grad_fn=<SelectBackward0>)
2025-07-09 20:07:03,816 INFO: pred: 0.2370772659778595
2025-07-09 20:07:04,239 INFO: [1554/1600] Train_Loss_total: 4.7433 Test_Loss_total: 1.7839 Time: 1.6696s
2025-07-09 20:07:05,351 INFO: In epoch 1555, pred_score1: tensor([0.1057], device='cuda:0', grad_fn=<SelectBackward0>), pred_score2: tensor([0.2492], device='cuda:0', grad_fn=<SelectBackward0>)
2025-07-09 20:07:05,351 INFO: pred: 0.18078552186489105
2025-07-09 20:07:05,750 INFO: [1555/1600] Train_Loss_total: 4.7435 Test_Loss_total: 1.7678 Time: 1.5105s
2025-07-09 20:07:06,843 INFO: In epoch 1556, pred_score1: tensor([0.2151], device='cuda:0', grad_fn=<SelectBackward0>), pred_score2: tensor([0.1649], device='cuda:0', grad_fn=<SelectBackward0>)
2025-07-09 20:07:06,843 INFO: pred: 0.1987733393907547
2025-07-09 20:07:07,268 INFO: [1556/1600] Train_Loss_total: 4.7429 Test_Loss_total: 1.7823 Time: 1.5176s
2025-07-09 20:07:08,368 INFO: In epoch 1557, pred_score1: tensor([0.1214], device='cuda:0', grad_fn=<SelectBackward0>), pred_score2: tensor([0.1464], device='cuda:0', grad_fn=<SelectBackward0>)
2025-07-09 20:07:08,368 INFO: pred: 0.19716577231884003
2025-07-09 20:07:08,751 INFO: [1557/1600] Train_Loss_total: 4.7436 Test_Loss_total: 1.8759 Time: 1.4826s
2025-07-09 20:07:09,810 INFO: In epoch 1558, pred_score1: tensor([0.5302], device='cuda:0', grad_fn=<SelectBackward0>), pred_score2: tensor([0.0432], device='cuda:0', grad_fn=<SelectBackward0>)
2025-07-09 20:07:09,811 INFO: pred: 0.2932125926017761
2025-07-09 20:07:10,208 INFO: [1558/1600] Train_Loss_total: 4.7429 Test_Loss_total: 1.7681 Time: 1.4574s
2025-07-09 20:07:11,291 INFO: In epoch 1559, pred_score1: tensor([0.0927], device='cuda:0', grad_fn=<SelectBackward0>), pred_score2: tensor([0.1703], device='cuda:0', grad_fn=<SelectBackward0>)
2025-07-09 20:07:11,291 INFO: pred: 0.18911221623420715
2025-07-09 20:07:11,681 INFO: [1559/1600] Train_Loss_total: 4.7431 Test_Loss_total: 1.7785 Time: 1.4723s
2025-07-09 20:07:12,757 INFO: In epoch 1560, pred_score1: tensor([0.1573], device='cuda:0', grad_fn=<SelectBackward0>), pred_score2: tensor([0.0673], device='cuda:0', grad_fn=<SelectBackward0>)
2025-07-09 20:07:12,757 INFO: pred: 0.21277977526187897
2025-07-09 20:07:13,227 INFO: [1560/1600] Train_Loss_total: 4.7426 Test_Loss_total: 1.7779 Time: 1.5461s
2025-07-09 20:07:14,754 INFO: In epoch 1561, pred_score1: tensor([0.1652], device='cuda:0', grad_fn=<SelectBackward0>), pred_score2: tensor([0.1624], device='cuda:0', grad_fn=<SelectBackward0>)
2025-07-09 20:07:14,756 INFO: pred: 0.19771645963191986
2025-07-09 20:07:15,279 INFO: [1561/1600] Train_Loss_total: 4.7421 Test_Loss_total: 1.7679 Time: 2.0517s
2025-07-09 20:07:16,350 INFO: In epoch 1562, pred_score1: tensor([0.1255], device='cuda:0', grad_fn=<SelectBackward0>), pred_score2: tensor([0.1190], device='cuda:0', grad_fn=<SelectBackward0>)
2025-07-09 20:07:16,350 INFO: pred: 0.2248348593711853
2025-07-09 20:07:16,764 INFO: [1562/1600] Train_Loss_total: 4.7419 Test_Loss_total: 1.7843 Time: 1.4842s
2025-07-09 20:07:17,844 INFO: In epoch 1563, pred_score1: tensor([0.0841], device='cuda:0', grad_fn=<SelectBackward0>), pred_score2: tensor([0.1749], device='cuda:0', grad_fn=<SelectBackward0>)
2025-07-09 20:07:17,845 INFO: pred: 0.20038071274757385
2025-07-09 20:07:18,244 INFO: [1563/1600] Train_Loss_total: 4.7417 Test_Loss_total: 1.7752 Time: 1.4801s
2025-07-09 20:07:19,306 INFO: In epoch 1564, pred_score1: tensor([0.1250], device='cuda:0', grad_fn=<SelectBackward0>), pred_score2: tensor([0.3564], device='cuda:0', grad_fn=<SelectBackward0>)
2025-07-09 20:07:19,306 INFO: pred: 0.19853581488132477
2025-07-09 20:07:19,727 INFO: [1564/1600] Train_Loss_total: 4.7419 Test_Loss_total: 1.7837 Time: 1.4824s
2025-07-09 20:07:20,852 INFO: In epoch 1565, pred_score1: tensor([0.1827], device='cuda:0', grad_fn=<SelectBackward0>), pred_score2: tensor([0.0820], device='cuda:0', grad_fn=<SelectBackward0>)
2025-07-09 20:07:20,853 INFO: pred: 0.21916432678699493
2025-07-09 20:07:21,254 INFO: [1565/1600] Train_Loss_total: 4.7412 Test_Loss_total: 1.7666 Time: 1.5268s
2025-07-09 20:07:22,332 INFO: In epoch 1566, pred_score1: tensor([0.7021], device='cuda:0', grad_fn=<SelectBackward0>), pred_score2: tensor([0.1635], device='cuda:0', grad_fn=<SelectBackward0>)
2025-07-09 20:07:22,332 INFO: pred: 0.20878668129444122
2025-07-09 20:07:22,745 INFO: [1566/1600] Train_Loss_total: 4.7412 Test_Loss_total: 1.772 Time: 1.4903s
2025-07-09 20:07:23,821 INFO: In epoch 1567, pred_score1: tensor([0.1085], device='cuda:0', grad_fn=<SelectBackward0>), pred_score2: tensor([0.1325], device='cuda:0', grad_fn=<SelectBackward0>)
2025-07-09 20:07:23,822 INFO: pred: 0.20692147314548492
2025-07-09 20:07:24,220 INFO: [1567/1600] Train_Loss_total: 4.741 Test_Loss_total: 1.7772 Time: 1.4751s
2025-07-09 20:07:25,410 INFO: In epoch 1568, pred_score1: tensor([0.1647], device='cuda:0', grad_fn=<SelectBackward0>), pred_score2: tensor([0.1612], device='cuda:0', grad_fn=<SelectBackward0>)
2025-07-09 20:07:25,410 INFO: pred: 0.19760923087596893
2025-07-09 20:07:25,979 INFO: [1568/1600] Train_Loss_total: 4.7403 Test_Loss_total: 1.7708 Time: 1.7593s
2025-07-09 20:07:27,461 INFO: In epoch 1569, pred_score1: tensor([0.2914], device='cuda:0', grad_fn=<SelectBackward0>), pred_score2: tensor([0.1399], device='cuda:0', grad_fn=<SelectBackward0>)
2025-07-09 20:07:27,461 INFO: pred: 0.2237335592508316
2025-07-09 20:07:27,860 INFO: [1569/1600] Train_Loss_total: 4.74 Test_Loss_total: 1.8052 Time: 1.8798s
2025-07-09 20:07:28,985 INFO: In epoch 1570, pred_score1: tensor([0.2274], device='cuda:0', grad_fn=<SelectBackward0>), pred_score2: tensor([0.1184], device='cuda:0', grad_fn=<SelectBackward0>)
2025-07-09 20:07:28,985 INFO: pred: 0.1988908350467682
2025-07-09 20:07:29,384 INFO: [1570/1600] Train_Loss_total: 4.7401 Test_Loss_total: 1.7769 Time: 1.524s
2025-07-09 20:07:30,483 INFO: In epoch 1571, pred_score1: tensor([0.4135], device='cuda:0', grad_fn=<SelectBackward0>), pred_score2: tensor([0.0763], device='cuda:0', grad_fn=<SelectBackward0>)
2025-07-09 20:07:30,483 INFO: pred: 0.31211772561073303
2025-07-09 20:07:30,881 INFO: [1571/1600] Train_Loss_total: 4.7399 Test_Loss_total: 1.8565 Time: 1.4969s
2025-07-09 20:07:31,991 INFO: In epoch 1572, pred_score1: tensor([0.7502], device='cuda:0', grad_fn=<SelectBackward0>), pred_score2: tensor([0.1560], device='cuda:0', grad_fn=<SelectBackward0>)
2025-07-09 20:07:31,991 INFO: pred: 0.30120614171028137
2025-07-09 20:07:32,406 INFO: [1572/1600] Train_Loss_total: 4.7395 Test_Loss_total: 1.7763 Time: 1.5245s
2025-07-09 20:07:33,502 INFO: In epoch 1573, pred_score1: tensor([0.1195], device='cuda:0', grad_fn=<SelectBackward0>), pred_score2: tensor([0.1432], device='cuda:0', grad_fn=<SelectBackward0>)
2025-07-09 20:07:33,502 INFO: pred: 0.1805315911769867
2025-07-09 20:07:33,895 INFO: [1573/1600] Train_Loss_total: 4.7396 Test_Loss_total: 1.7654 Time: 1.4888s
2025-07-09 20:07:35,178 INFO: In epoch 1574, pred_score1: tensor([0.0784], device='cuda:0', grad_fn=<SelectBackward0>), pred_score2: tensor([0.1326], device='cuda:0', grad_fn=<SelectBackward0>)
2025-07-09 20:07:35,178 INFO: pred: 0.22284866869449615
2025-07-09 20:07:35,572 INFO: [1574/1600] Train_Loss_total: 4.7391 Test_Loss_total: 1.7771 Time: 1.6767s
2025-07-09 20:07:36,670 INFO: In epoch 1575, pred_score1: tensor([0.1059], device='cuda:0', grad_fn=<SelectBackward0>), pred_score2: tensor([0.1319], device='cuda:0', grad_fn=<SelectBackward0>)
2025-07-09 20:07:36,670 INFO: pred: 0.19953247904777527
2025-07-09 20:07:37,075 INFO: [1575/1600] Train_Loss_total: 4.7391 Test_Loss_total: 1.8142 Time: 1.5028s
2025-07-09 20:07:38,564 INFO: In epoch 1576, pred_score1: tensor([0.1438], device='cuda:0', grad_fn=<SelectBackward0>), pred_score2: tensor([0.1474], device='cuda:0', grad_fn=<SelectBackward0>)
2025-07-09 20:07:38,564 INFO: pred: 0.2012256383895874
2025-07-09 20:07:39,172 INFO: [1576/1600] Train_Loss_total: 4.739 Test_Loss_total: 1.7719 Time: 2.0969s
2025-07-09 20:07:40,292 INFO: In epoch 1577, pred_score1: tensor([0.0581], device='cuda:0', grad_fn=<SelectBackward0>), pred_score2: tensor([0.1840], device='cuda:0', grad_fn=<SelectBackward0>)
2025-07-09 20:07:40,293 INFO: pred: 0.19895340502262115
2025-07-09 20:07:40,719 INFO: [1577/1600] Train_Loss_total: 4.7388 Test_Loss_total: 1.7658 Time: 1.5465s
2025-07-09 20:07:41,835 INFO: In epoch 1578, pred_score1: tensor([0.1210], device='cuda:0', grad_fn=<SelectBackward0>), pred_score2: tensor([0.7799], device='cuda:0', grad_fn=<SelectBackward0>)
2025-07-09 20:07:41,835 INFO: pred: 0.1572774350643158
2025-07-09 20:07:42,240 INFO: [1578/1600] Train_Loss_total: 4.7387 Test_Loss_total: 1.7626 Time: 1.5211s
2025-07-09 20:07:43,338 INFO: In epoch 1579, pred_score1: tensor([0.1845], device='cuda:0', grad_fn=<SelectBackward0>), pred_score2: tensor([0.1791], device='cuda:0', grad_fn=<SelectBackward0>)
2025-07-09 20:07:43,338 INFO: pred: 0.21198983490467072
2025-07-09 20:07:43,756 INFO: [1579/1600] Train_Loss_total: 4.7384 Test_Loss_total: 1.7737 Time: 1.5157s
2025-07-09 20:07:44,846 INFO: In epoch 1580, pred_score1: tensor([0.1562], device='cuda:0', grad_fn=<SelectBackward0>), pred_score2: tensor([0.0716], device='cuda:0', grad_fn=<SelectBackward0>)
2025-07-09 20:07:44,846 INFO: pred: 0.21409863233566284
2025-07-09 20:07:45,254 INFO: [1580/1600] Train_Loss_total: 4.7384 Test_Loss_total: 1.7812 Time: 1.4971s
2025-07-09 20:07:46,353 INFO: In epoch 1581, pred_score1: tensor([0.9583], device='cuda:0', grad_fn=<SelectBackward0>), pred_score2: tensor([0.0493], device='cuda:0', grad_fn=<SelectBackward0>)
2025-07-09 20:07:46,353 INFO: pred: 0.20778793096542358
2025-07-09 20:07:46,762 INFO: [1581/1600] Train_Loss_total: 4.7385 Test_Loss_total: 1.7736 Time: 1.5082s
2025-07-09 20:07:47,867 INFO: In epoch 1582, pred_score1: tensor([0.1144], device='cuda:0', grad_fn=<SelectBackward0>), pred_score2: tensor([0.1208], device='cuda:0', grad_fn=<SelectBackward0>)
2025-07-09 20:07:47,867 INFO: pred: 0.2404373586177826
2025-07-09 20:07:48,272 INFO: [1582/1600] Train_Loss_total: 4.7381 Test_Loss_total: 1.8085 Time: 1.5091s
2025-07-09 20:07:49,426 INFO: In epoch 1583, pred_score1: tensor([0.2202], device='cuda:0', grad_fn=<SelectBackward0>), pred_score2: tensor([0.1331], device='cuda:0', grad_fn=<SelectBackward0>)
2025-07-09 20:07:49,426 INFO: pred: 0.20604446530342102
2025-07-09 20:07:50,029 INFO: [1583/1600] Train_Loss_total: 4.7378 Test_Loss_total: 1.7718 Time: 1.7572s
2025-07-09 20:07:51,562 INFO: In epoch 1584, pred_score1: tensor([0.0773], device='cuda:0', grad_fn=<SelectBackward0>), pred_score2: tensor([0.2320], device='cuda:0', grad_fn=<SelectBackward0>)
2025-07-09 20:07:51,562 INFO: pred: 0.19644004106521606
2025-07-09 20:07:51,986 INFO: [1584/1600] Train_Loss_total: 4.7378 Test_Loss_total: 1.7809 Time: 1.9569s
2025-07-09 20:07:53,084 INFO: In epoch 1585, pred_score1: tensor([0.3961], device='cuda:0', grad_fn=<SelectBackward0>), pred_score2: tensor([0.0768], device='cuda:0', grad_fn=<SelectBackward0>)
2025-07-09 20:07:53,084 INFO: pred: 0.313301682472229
2025-07-09 20:07:53,478 INFO: [1585/1600] Train_Loss_total: 4.7379 Test_Loss_total: 1.8324 Time: 1.4914s
2025-07-09 20:07:54,564 INFO: In epoch 1586, pred_score1: tensor([0.2398], device='cuda:0', grad_fn=<SelectBackward0>), pred_score2: tensor([0.0949], device='cuda:0', grad_fn=<SelectBackward0>)
2025-07-09 20:07:54,564 INFO: pred: 0.20821498334407806
2025-07-09 20:07:54,968 INFO: [1586/1600] Train_Loss_total: 4.7365 Test_Loss_total: 1.7738 Time: 1.4899s
2025-07-09 20:07:56,054 INFO: In epoch 1587, pred_score1: tensor([0.2063], device='cuda:0', grad_fn=<SelectBackward0>), pred_score2: tensor([0.1350], device='cuda:0', grad_fn=<SelectBackward0>)
2025-07-09 20:07:56,054 INFO: pred: 0.20745614171028137
2025-07-09 20:07:56,452 INFO: [1587/1600] Train_Loss_total: 4.7371 Test_Loss_total: 1.7652 Time: 1.4838s
2025-07-09 20:07:57,598 INFO: In epoch 1588, pred_score1: tensor([0.9570], device='cuda:0', grad_fn=<SelectBackward0>), pred_score2: tensor([0.3454], device='cuda:0', grad_fn=<SelectBackward0>)
2025-07-09 20:07:57,598 INFO: pred: 0.18144559860229492
2025-07-09 20:07:58,019 INFO: [1588/1600] Train_Loss_total: 4.7379 Test_Loss_total: 1.7672 Time: 1.5661s
2025-07-09 20:07:59,120 INFO: In epoch 1589, pred_score1: tensor([0.9609], device='cuda:0', grad_fn=<SelectBackward0>), pred_score2: tensor([0.1154], device='cuda:0', grad_fn=<SelectBackward0>)
2025-07-09 20:07:59,120 INFO: pred: 0.206608384847641
2025-07-09 20:07:59,522 INFO: [1589/1600] Train_Loss_total: 4.7368 Test_Loss_total: 1.7654 Time: 1.5031s
2025-07-09 20:08:00,636 INFO: In epoch 1590, pred_score1: tensor([0.1715], device='cuda:0', grad_fn=<SelectBackward0>), pred_score2: tensor([0.0630], device='cuda:0', grad_fn=<SelectBackward0>)
2025-07-09 20:08:00,636 INFO: pred: 0.21967722475528717
2025-07-09 20:08:01,068 INFO: [1590/1600] Train_Loss_total: 4.7365 Test_Loss_total: 1.7639 Time: 1.5455s
2025-07-09 20:08:02,467 INFO: In epoch 1591, pred_score1: tensor([0.5077], device='cuda:0', grad_fn=<SelectBackward0>), pred_score2: tensor([0.0917], device='cuda:0', grad_fn=<SelectBackward0>)
2025-07-09 20:08:02,467 INFO: pred: 0.3043728470802307
2025-07-09 20:08:03,055 INFO: [1591/1600] Train_Loss_total: 4.7355 Test_Loss_total: 1.7784 Time: 1.9867s
2025-07-09 20:08:04,317 INFO: In epoch 1592, pred_score1: tensor([0.5355], device='cuda:0', grad_fn=<SelectBackward0>), pred_score2: tensor([0.1370], device='cuda:0', grad_fn=<SelectBackward0>)
2025-07-09 20:08:04,317 INFO: pred: 0.2247014343738556
2025-07-09 20:08:04,702 INFO: [1592/1600] Train_Loss_total: 4.7353 Test_Loss_total: 1.7706 Time: 1.6468s
2025-07-09 20:08:05,794 INFO: In epoch 1593, pred_score1: tensor([0.1548], device='cuda:0', grad_fn=<SelectBackward0>), pred_score2: tensor([0.0937], device='cuda:0', grad_fn=<SelectBackward0>)
2025-07-09 20:08:05,794 INFO: pred: 0.20626279711723328
2025-07-09 20:08:06,192 INFO: [1593/1600] Train_Loss_total: 4.7352 Test_Loss_total: 1.7785 Time: 1.4903s
2025-07-09 20:08:07,287 INFO: In epoch 1594, pred_score1: tensor([0.0978], device='cuda:0', grad_fn=<SelectBackward0>), pred_score2: tensor([0.2343], device='cuda:0', grad_fn=<SelectBackward0>)
2025-07-09 20:08:07,287 INFO: pred: 0.1823001354932785
2025-07-09 20:08:07,697 INFO: [1594/1600] Train_Loss_total: 4.735 Test_Loss_total: 1.7694 Time: 1.5044s
2025-07-09 20:08:08,804 INFO: In epoch 1595, pred_score1: tensor([0.0569], device='cuda:0', grad_fn=<SelectBackward0>), pred_score2: tensor([0.1704], device='cuda:0', grad_fn=<SelectBackward0>)
2025-07-09 20:08:08,804 INFO: pred: 0.19485415518283844
2025-07-09 20:08:09,195 INFO: [1595/1600] Train_Loss_total: 4.7353 Test_Loss_total: 1.7752 Time: 1.4982s
2025-07-09 20:08:10,274 INFO: In epoch 1596, pred_score1: tensor([0.1113], device='cuda:0', grad_fn=<SelectBackward0>), pred_score2: tensor([0.1053], device='cuda:0', grad_fn=<SelectBackward0>)
2025-07-09 20:08:10,274 INFO: pred: 0.21715053915977478
2025-07-09 20:08:10,701 INFO: [1596/1600] Train_Loss_total: 4.7345 Test_Loss_total: 1.7639 Time: 1.5053s
2025-07-09 20:08:11,821 INFO: In epoch 1597, pred_score1: tensor([0.1514], device='cuda:0', grad_fn=<SelectBackward0>), pred_score2: tensor([0.0848], device='cuda:0', grad_fn=<SelectBackward0>)
2025-07-09 20:08:11,821 INFO: pred: 0.20125402510166168
2025-07-09 20:08:12,217 INFO: [1597/1600] Train_Loss_total: 4.7343 Test_Loss_total: 1.7642 Time: 1.516s
2025-07-09 20:08:13,268 INFO: In epoch 1598, pred_score1: tensor([0.1454], device='cuda:0', grad_fn=<SelectBackward0>), pred_score2: tensor([0.1629], device='cuda:0', grad_fn=<SelectBackward0>)
2025-07-09 20:08:13,268 INFO: pred: 0.22333700954914093
2025-07-09 20:08:13,750 INFO: [1598/1600] Train_Loss_total: 4.7341 Test_Loss_total: 1.8028 Time: 1.5327s
2025-07-09 20:08:15,266 INFO: In epoch 1599, pred_score1: tensor([0.0889], device='cuda:0', grad_fn=<SelectBackward0>), pred_score2: tensor([0.1658], device='cuda:0', grad_fn=<SelectBackward0>)
2025-07-09 20:08:15,266 INFO: pred: 0.19012026488780975
2025-07-09 20:08:15,797 INFO: [1599/1600] Train_Loss_total: 4.734 Test_Loss_total: 1.7647 Time: 2.0469s
